"catmat","item_tratado","outcome","doador_catmat","descricao_doador","omega"
445484,"Água mineral sem gás descartável","n_fornecedores","463938","CONDIMENTO, TIPO: ALHO , APRESENTAÇÃO: NATURAL , ADICIONAL: CABEÇA ",0.0258203372702847
445484,"Água mineral sem gás descartável","n_fornecedores","217784","REFRIGERANTE, MATERIAL: ÁGUA GASOSA/XAROPE , SABOR: COLA ",0.0255286118507294
445484,"Água mineral sem gás descartável","n_fornecedores","447720","EMBUTIDO, TIPO: SALSICHA HOT DOG , TIPO PREPARAÇÃO: COZIDA , ESTADO DE CONSERVAÇÃO: RESFRIADO(A) ",0.0253628764996096
445484,"Água mineral sem gás descartável","n_fornecedores","463778","LEGUME IN NATURA, TIPO: CHUCHU VERDE ",0.0233683945111943
445484,"Água mineral sem gás descartável","n_fornecedores","217785","REFRIGERANTE, MATERIAL: ÁGUA GASOSA/XAROPE , SABOR: GUARANÁ ",0.0225744818557311
445484,"Água mineral sem gás descartável","n_fornecedores","446633","QUEIJO, ORIGEM: DE VACA , VARIEDADE: MUÇARELA , APRESENTAÇÃO: PEÇA ",0.0225164085263065
445484,"Água mineral sem gás descartável","n_fornecedores","217781","REFRIGERANTE, MATERIAL: ÁGUA GASOSA/XAROPE , SABOR: LARANJA ",0.0224021340497731
445484,"Água mineral sem gás descartável","n_fornecedores","463692","ÓLEO VEGETAL COMESTÍVEL, TIPO: PURO , ESPÉCIE VEGETAL: SOJA , TIPO QUALIDADE: TIPO 1 ",0.0219381568589013
445484,"Água mineral sem gás descartável","n_fornecedores","460380","PÃO, BASE: DE FARINHA DE TRIGO REFINADA , TIPO: TIPO FRANÇÊS/BRANCO/DE SAL ",0.0203790265223563
445484,"Água mineral sem gás descartável","n_fornecedores","464401","FRUTA, TIPO: MAÇÃ FUJI , APRESENTAÇÃO: NATURAL ",0.0202227903525145
445484,"Água mineral sem gás descartável","n_fornecedores","446706","IOGURTE NATURAL, TEOR GORDURA: INTEGRAL , SABOR: SORTIDOS , COMPONENTES: COM POLPA OU PEDAÇOS DE FRUTA ",0.0198422465734465
445484,"Água mineral sem gás descartável","n_fornecedores","459670","MASSA DE TOMATE, TIPO: EXTRATO CONCENTRADO , COMPOSIÇÃO: TRADICIONAL , APRESENTAÇÃO: CREME ",0.0197898164392846
445484,"Água mineral sem gás descartável","n_fornecedores","463707","BATATA PROCESSADA, ESPÉCIE: INGLESA , TIPO FORMATO: PALHA , TIPO: FRITA , APRESENTAÇÃO: PRONTO PARA CONSUMO ",0.0192961600328438
445484,"Água mineral sem gás descartável","n_fornecedores","463754","LEGUME IN NATURA, TIPO: BATATA INGLESA ",0.0184815071625169
445484,"Água mineral sem gás descartável","n_fornecedores","463831","VERDURA IN NATURA, TIPO: COUVE-FLOR ",0.0184442461494681
445484,"Água mineral sem gás descartável","n_fornecedores","463832","VERDURA IN NATURA, TIPO: ALFACE CRESPA ",0.0182694880047735
445484,"Água mineral sem gás descartável","n_fornecedores","463770","LEGUME IN NATURA, TIPO: CENOURA ",0.0179832376694444
445484,"Água mineral sem gás descartável","n_fornecedores","463830","VERDURA IN NATURA, TIPO: ALFACE AMERICANA ",0.0179707965226848
445484,"Água mineral sem gás descartável","n_fornecedores","464883","FRUTA, TIPO 1: UVA PASSA , APRESENTAÇÃO: DESIDRATADA / SECA , ADICIONAL: PRETA ",0.0175793455208182
445484,"Água mineral sem gás descartável","n_fornecedores","459586","FERMENTO, TIPO: QUÍMICO , APRESENTAÇÃO: PÓ ",0.0173366672491689
445484,"Água mineral sem gás descartável","n_fornecedores","447702","EMBUTIDO, TIPO: LINGUIÇA CALABRESA , TAMANHO: GROSSA , TIPO PREPARAÇÃO: DEFUMADA , ESTADO DE CONSERVAÇÃO: RESFRIADO(A) ",0.0171913436751983
445484,"Água mineral sem gás descartável","n_fornecedores","460501","AVEIA BENEFICIADA, CLASSE: BRANCA , APRESENTAÇÃO: EM FLOCOS FINOS , PRESENÇA DE GLÚTEN: CONTÉM GLÚTEN ",0.0169090379783578
445484,"Água mineral sem gás descartável","n_fornecedores","464552","LEGUMINOSA, VARIEDADE: FEIJÃO PRETO , TIPO: TIPO 1 ",0.0168872595022599
445484,"Água mineral sem gás descartável","n_fornecedores","463767","LEGUME IN NATURA, TIPO: BETERRABA ",0.0167091766460966
445484,"Água mineral sem gás descartável","n_fornecedores","464406","FRUTA, TIPO: MANGA TOMMY , APRESENTAÇÃO: NATURAL ",0.0157129181429762
445484,"Água mineral sem gás descartável","n_fornecedores","463818","VERDURA IN NATURA, TIPO: ACELGA ",0.0156257688386602
445484,"Água mineral sem gás descartável","n_fornecedores","463839","VERDURA IN NATURA, TIPO: REPOLHO BRANCO / VERDE ",0.0155858223267145
445484,"Água mineral sem gás descartável","n_fornecedores","464404","FRUTA, TIPO: MAMÃO PAPAIA / MAMÃO AMAZÔNIA , APRESENTAÇÃO: NATURAL ",0.015267390618062
445484,"Água mineral sem gás descartável","n_fornecedores","463795","LEGUME IN NATURA, TIPO: MANDIOCA / AIPIM ",0.0151754191477871
445484,"Água mineral sem gás descartável","n_fornecedores","459663","MOLHO DE MESA, TIPO: CATCHUP , COMPOSIÇÃO: TRADICIONAL , APRESENTAÇÃO: CREME ",0.0148380690454382
445484,"Água mineral sem gás descartável","n_fornecedores","464398","FRUTA, TIPO: LIMÃO TAITI , APRESENTAÇÃO: NATURAL ",0.0147613853171262
445484,"Água mineral sem gás descartável","n_fornecedores","464014","LEITE CONDENSADO, TIPO: INTEGRAL , INGREDIENTE BÁSICO: LEITE IN NATURA ",0.0146868538209291
445484,"Água mineral sem gás descartável","n_fornecedores","445479","ÁGUA MINERAL NATURAL, TIPO: COM GÁS , MATERIAL EMBALAGEM: PLÁSTICO , TIPO EMBALAGEM: DESCARTÁVEL ",0.0144275206355669
445484,"Água mineral sem gás descartável","n_fornecedores","463809","LEGUME IN NATURA, TIPO: PIMENTÃO VERDE ",0.0143433767276112
445484,"Água mineral sem gás descartável","n_fornecedores","465332","FARINHA DE TRIGO, GRUPO: INDUSTRIAL , TIPO: TIPO 1, ESPECIAL , INGREDIENTE ADICIONAL: SEM FERMENTO ",0.0142269160918887
445484,"Água mineral sem gás descartável","n_fornecedores","447705","EMBUTIDO, TIPO: LINGUIÇA TOSCANA , TAMANHO: GROSSA , TIPO PREPARAÇÃO: FRESCA , ESTADO DE CONSERVAÇÃO: RESFRIADO(A) ",0.0141389951648815
445484,"Água mineral sem gás descartável","n_fornecedores","447072","QUEIJO, ORIGEM: DE VACA , VARIEDADE: COALHO , TIPO: FRESCO , APRESENTAÇÃO: PEÇA ",0.0138387372390209
445484,"Água mineral sem gás descartável","n_fornecedores","449182","EMBUTIDO, TIPO: LINGUIÇA PAIO , TIPO PREPARAÇÃO: DEFUMADA , ESTADO DE CONSERVAÇÃO: RESFRIADO(A) ",0.0132295337355311
445484,"Água mineral sem gás descartável","n_fornecedores","462823","LEGUME EM CONSERVA, TIPO: ERVILHA ",0.0131198680976295
445484,"Água mineral sem gás descartável","n_fornecedores","464328","FRUTA, TIPO: MORANGO , APRESENTAÇÃO: NATURAL ",0.0122211759893952
445484,"Água mineral sem gás descartável","n_fornecedores","446618","OVO, ORIGEM: GALINHA , GRUPO: BRANCO , CLASSE: A , TIPO: GRANDE ",0.0120882174188003
445484,"Água mineral sem gás descartável","n_fornecedores","463872","CONDIMENTO, TIPO: CANELA , APRESENTAÇÃO: PÓ ",0.0115331032659348
445484,"Água mineral sem gás descartável","n_fornecedores","464438","FRUTA, TIPO: UVA ITÁLIA , APRESENTAÇÃO: NATURAL ",0.0114815327804625
445484,"Água mineral sem gás descartável","n_fornecedores","446639","QUEIJO, ORIGEM: DE VACA , VARIEDADE: PRATO , APRESENTAÇÃO: PEÇA ",0.0114060808157837
445484,"Água mineral sem gás descartável","n_fornecedores","463556","ACHOCOLATADO, APRESENTAÇÃO: PÓ , SABOR: TRADICIONAL , CARACTERÍSTICA ADICIONAL: ENRIQUECIDO COM VITAMINAS ",0.0113552807772237
445484,"Água mineral sem gás descartável","n_fornecedores","463748","LEGUME IN NATURA, TIPO: ABÓBORA CABOTIÁ / JAPONESA ",0.0106819038734049
445484,"Água mineral sem gás descartável","n_fornecedores","463916","CONDIMENTO, TIPO: ORÉGANO , APRESENTAÇÃO: DESIDRATADO ",0.0100997167801646
445484,"Água mineral sem gás descartável","n_fornecedores","462824","LEGUME EM CONSERVA, TIPO: MILHO VERDE ",0.00996477140057934
445484,"Água mineral sem gás descartável","n_fornecedores","463930","CONDIMENTO, TIPO: SALSA , APRESENTAÇÃO: NATURAL ",0.00967869404212617
445484,"Água mineral sem gás descartável","n_fornecedores","459077","AMIDO, BASE: DE MILHO ",0.00940623327484384
445484,"Água mineral sem gás descartável","n_fornecedores","463792","LEGUME IN NATURA, TIPO: QUIABO ",0.00916829086014292
445484,"Água mineral sem gás descartável","n_fornecedores","463699","GORDURA VEGETAL, TIPO: MARGARINA , SUBTIPO: CREMOSA , COMPOSIÇÃO BÁSICA: MÍNIMO DE 80% DE GORDURA , SABOR: COM SAL ",0.00892859519411347
445484,"Água mineral sem gás descartável","n_fornecedores","463837","VERDURA IN NATURA, TIPO: BRÓCOLIS COMUM ",0.0088960589857677
445484,"Água mineral sem gás descartável","n_fornecedores","460263","FARINHA DE TRIGO, GRUPO: DOMÉSTICO , TIPO: TIPO 1, ESPECIAL , INGREDIENTE ADICIONAL: FORTIFICADA COM FERRO E ÁCIDO FÓLICO ",0.0085363687999555
445484,"Água mineral sem gás descartável","n_fornecedores","458904","ARROZ BENEFICIADO, TIPO: AGULHINHA/BRANCO , SUBGRUPO: POLIDO , CLASSE: LONGO FINO , QUALIDADE: TIPO 1 ",0.00845718049505827
445484,"Água mineral sem gás descartável","n_fornecedores","463780","LEGUME IN NATURA, TIPO: CEBOLA ROXA ",0.00835296657980232
445484,"Água mineral sem gás descartável","n_fornecedores","463836","VERDURA IN NATURA, TIPO: ALFACE ROXA ",0.00774389892726992
445484,"Água mineral sem gás descartável","n_fornecedores","464400","FRUTA, TIPO: MAÇÃ GALA , APRESENTAÇÃO: NATURAL ",0.00763901332171267
445484,"Água mineral sem gás descartável","n_fornecedores","463937","CONDIMENTO, TIPO: URUCUM , APRESENTAÇÃO: PÓ ",0.00700012022792399
445484,"Água mineral sem gás descartável","n_fornecedores","463826","VERDURA IN NATURA, TIPO: RÚCULA ",0.00685846582254096
445484,"Água mineral sem gás descartável","n_fornecedores","464393","FRUTA, TIPO: LARANJA PERA , APRESENTAÇÃO: NATURAL ",0.00646007773091037
445484,"Água mineral sem gás descartável","n_fornecedores","463802","LEGUME IN NATURA, TIPO: PIMENTÃO AMARELO ",0.00636961738027244
445484,"Água mineral sem gás descartável","n_fornecedores","463876","CONDIMENTO, TIPO: COENTRO , APRESENTAÇÃO: NATURAL ",0.00628020790109446
445484,"Água mineral sem gás descartável","n_fornecedores","464405","FRUTA, TIPO: MAMÃO FORMOSA , APRESENTAÇÃO: NATURAL ",0.00619714064633798
445484,"Água mineral sem gás descartável","n_fornecedores","463808","LEGUME IN NATURA, TIPO: PIMENTÃO VERMELHO ",0.00615972097714606
445484,"Água mineral sem gás descartável","n_fornecedores","464415","FRUTA, TIPO: MARACUJÁ AZEDO / MARACUJÁ AMARELO , APRESENTAÇÃO: NATURAL ",0.00552109840187447
445484,"Água mineral sem gás descartável","n_fornecedores","463746","LEGUME IN NATURA, TIPO: ABÓBORA MORANGA ",0.00520170663330063
445484,"Água mineral sem gás descartável","n_fornecedores","463764","LEGUME IN NATURA, TIPO: BERINJELA ",0.00510506217193954
445484,"Água mineral sem gás descartável","n_fornecedores","464422","FRUTA, TIPO: MELÃO AMARELO , APRESENTAÇÃO: NATURAL ",0.00505199414596585
445484,"Água mineral sem gás descartável","n_fornecedores","463749","LEGUME IN NATURA, TIPO: ABOBRINHA ITALIANA ",0.00503931194299232
445484,"Água mineral sem gás descartável","n_fornecedores","463829","VERDURA IN NATURA, TIPO: REPOLHO ROXO ",0.00471690678597747
445484,"Água mineral sem gás descartável","n_fornecedores","447666","CARNE DEFUMADA, TIPO CORTE: TOUCINHO (BACON) , TIPO ANIMAL: SUÍNA , APRESENTAÇÃO: EM MANTAS , ESTADO DE CONSERVAÇÃO: RESFRIADO(A) ",0.00445572768342811
445484,"Água mineral sem gás descartável","n_fornecedores","463789","LEGUME IN NATURA, TIPO: INHAME ",0.00422721739949095
445484,"Água mineral sem gás descartável","n_fornecedores","464449","FRUTA, TIPO: BANANA PRATA / BANANA BRANCA , APRESENTAÇÃO: NATURAL , ADICIONAL: ORGÂNICA ",0.0038940229988877
445484,"Água mineral sem gás descartável","n_fornecedores","463904","CONDIMENTO, TIPO: LOURO , APRESENTAÇÃO: FOLHA ",0.00383334251990004
445484,"Água mineral sem gás descartável","n_fornecedores","463923","CONDIMENTO, TIPO: PIMENTA DE CHEIRO , APRESENTAÇÃO: NATURAL ",0.00350372206872132
445484,"Água mineral sem gás descartável","n_fornecedores","463822","VERDURA IN NATURA, TIPO: COUVE ",0.00322377908297298
445484,"Água mineral sem gás descartável","n_fornecedores","463806","LEGUME IN NATURA, TIPO: TOMATE SALADA ",0.00314116840198411
445484,"Água mineral sem gás descartável","n_fornecedores","463878","CONDIMENTO, TIPO: CEBOLINHA , APRESENTAÇÃO: NATURAL ",0.0026816718999819
445484,"Água mineral sem gás descartável","n_fornecedores","446019","LEITE EM PÓ, ORIGEM: DE VACA , TEOR GORDURA: INTEGRAL , SOLUBILIDADE: INSTANTÂNEO ",0.00145587788719643
445484,"Água mineral sem gás descartável","n_fornecedores","463803","LEGUME IN NATURA, TIPO: TOMATE CEREJA ",0.00129358519234021
445484,"Água mineral sem gás descartável","n_fornecedores","464380","FRUTA, TIPO: BANANA NANICA / BANANA D'ÁGUA , APRESENTAÇÃO: NATURAL ",0.00109966798967673
445484,"Água mineral sem gás descartável","n_fornecedores","463781","LEGUME IN NATURA, TIPO: CEBOLA BRANCA ",0.000951094555333767
445484,"Água mineral sem gás descartável","n_fornecedores","463805","LEGUME IN NATURA, TIPO: TOMATE ITALIANO ",0.000672062998623428
445484,"Água mineral sem gás descartável","n_fornecedores","464553","LEGUMINOSA, VARIEDADE: FEIJÃO CARIOCA , TIPO: TIPO 1 ",0.000184422597057815
445484,"Água mineral sem gás descartável","n_combinacoes_unidade","339479","TEMPERO, TIPO: CALDO , APRESENTAÇÃO: PÓ , APLICAÇÃO: USO CULINÁRIO , SABOR: CARNE ",0.0369419283138631
445484,"Água mineral sem gás descartável","n_combinacoes_unidade","235092","BISCOITO, APRESENTAÇÃO: QUADRADO , CLASSIFICAÇÃO: SALGADO , TIPO: CREAM CRACKER ",0.0332483241637823
445484,"Água mineral sem gás descartável","n_combinacoes_unidade","447702","EMBUTIDO, TIPO: LINGUIÇA CALABRESA , TAMANHO: GROSSA , TIPO PREPARAÇÃO: DEFUMADA , ESTADO DE CONSERVAÇÃO: RESFRIADO(A) ",0.0309987646688763
445484,"Água mineral sem gás descartável","n_combinacoes_unidade","461710","MOLHO DE MESA, TIPO: BARBECUE , COMPOSIÇÃO: TRADICIONAL , APRESENTAÇÃO: LÍQUIDO ",0.0301539040755322
445484,"Água mineral sem gás descartável","n_combinacoes_unidade","459586","FERMENTO, TIPO: QUÍMICO , APRESENTAÇÃO: PÓ ",0.0299348346836822
445484,"Água mineral sem gás descartável","n_combinacoes_unidade","446397","MANTEIGA, TIPO: EXTRA , COMPOSIÇÃO: COM SAL , TRATAMENTO: MATURADA ",0.0297188517406592
445484,"Água mineral sem gás descartável","n_combinacoes_unidade","339478","TEMPERO, TIPO: CALDO , APRESENTAÇÃO: PÓ , APLICAÇÃO: USO CULINÁRIO , SABOR: GALINHA ",0.0290158721188591
445484,"Água mineral sem gás descartável","n_combinacoes_unidade","462679","DOCE NÃO CONFEITADO, TIPO: MASSA , SABOR: GOIABA ",0.0267006414047125
445484,"Água mineral sem gás descartável","n_combinacoes_unidade","305351","REFRIGERANTE, MATERIAL: ÁGUA GASOSA/XAROPE , SABOR: VARIADO ",0.0266934679897605
445484,"Água mineral sem gás descartável","n_combinacoes_unidade","460486","LEGUME EM CONSERVA, TIPO: PALMITO , APRESENTAÇÃO: INTEIRO ",0.0258973145894566
445484,"Água mineral sem gás descartável","n_combinacoes_unidade","466788","LEGUME EM CONSERVA, TIPO: ALCAPARRA ",0.024903943601061
445484,"Água mineral sem gás descartável","n_combinacoes_unidade","481109","VERDURA IN NATURA*, TIPO: COUVE , ESPÉCIE: COMUM/MANTEIGA , CARACTERÍSTICAS ADICIONAIS: 1ª QUALIDADE/FOLHA VERDE VIVO/SEM FUNGOS. ",0.0245668134143352
445484,"Água mineral sem gás descartável","n_combinacoes_unidade","459663","MOLHO DE MESA, TIPO: CATCHUP , COMPOSIÇÃO: TRADICIONAL , APRESENTAÇÃO: CREME ",0.0241268767806108
445484,"Água mineral sem gás descartável","n_combinacoes_unidade","373255","REQUEIJÃO, INGREDIENTES: QUEIJO CREMOSO , TIPO: CATUPIRY , CONSERVAÇÃO: 1 A 10 °C",0.0240010819789227
445484,"Água mineral sem gás descartável","n_combinacoes_unidade","463920","CONDIMENTO, TIPO: PIMENTA DO REINO , APRESENTAÇÃO: MOÍDO ",0.0237306593948578
445484,"Água mineral sem gás descartável","n_combinacoes_unidade","462666","DOCE NÃO CONFEITADO, TIPO: MASSA , SABOR: BANANA ",0.0222324559357391
445484,"Água mineral sem gás descartável","n_combinacoes_unidade","462729","GELATINA ALIMENTÍCIA, APRESENTAÇÃO: PÓ , SABOR: VARIADO , ORIGEM: ANIMAL ",0.0217677363122758
445484,"Água mineral sem gás descartável","n_combinacoes_unidade","459653","MOLHO DE MESA, TIPO: SHOYU , COMPOSIÇÃO: TRADICIONAL , APRESENTAÇÃO: LÍQUIDO ",0.0214799063934178
445484,"Água mineral sem gás descartável","n_combinacoes_unidade","396125","SUCO, APRESENTAÇÃO: PÓ , SABOR: VARIADO , TIPO: ARTIFICIAL ",0.0213418672307292
445484,"Água mineral sem gás descartável","n_combinacoes_unidade","459639","LEGUME EM CONSERVA, TIPO: AZEITONA VERDE , TAMANHO: GRANDE , APRESENTAÇÃO: SEM CAROÇO ",0.0205493431317286
445484,"Água mineral sem gás descartável","n_combinacoes_unidade","462670","DOCE NÃO CONFEITADO, TIPO: EM CALDA , SABOR: CEREJA ",0.0197049424063296
445484,"Água mineral sem gás descartável","n_combinacoes_unidade","467430","MOLHO DE MESA, TIPO: SALADA , COMPOSIÇÃO: COM SABOR , APRESENTAÇÃO: LÍQUIDO ",0.0182856649243862
445484,"Água mineral sem gás descartável","n_combinacoes_unidade","217784","REFRIGERANTE, MATERIAL: ÁGUA GASOSA/XAROPE , SABOR: COLA ",0.017804382540844
445484,"Água mineral sem gás descartável","n_combinacoes_unidade","459655","MOLHO DE MESA, TIPO: INGLÊS , COMPOSIÇÃO: TRADICIONAL , APRESENTAÇÃO: LÍQUIDO ",0.0170248532500771
445484,"Água mineral sem gás descartável","n_combinacoes_unidade","463857","CONDIMENTO, TIPO: AÇAFRÃO , APRESENTAÇÃO: PÓ ",0.0167385074832639
445484,"Água mineral sem gás descartável","n_combinacoes_unidade","233886","CHÁ ALIMENTAÇÃO, TIPO: CHÁ MATE , USO: ALIMENTÍCIO ",0.0164728220794607
445484,"Água mineral sem gás descartável","n_combinacoes_unidade","464011","LEITE CÔCO, TIPO: INTEGRAL , PRAZO VALIDADE MÍNIMO: 12 MESES ",0.0160737289711672
445484,"Água mineral sem gás descartável","n_combinacoes_unidade","462689","GELÉIA, TIPO: FRUTAS , SABOR: VARIADO ",0.0154599924534868
445484,"Água mineral sem gás descartável","n_combinacoes_unidade","446536","CREME DE LEITE, TEOR GORDURA: ACIMA DE 40% DE GORDURA , PROCESSAMENTO: PASTEURIZADO , CARACTERÍSTICAS ADICIONAIS: CREME TIPO NATA ",0.0152930869855332
445484,"Água mineral sem gás descartável","n_combinacoes_unidade","463556","ACHOCOLATADO, APRESENTAÇÃO: PÓ , SABOR: TRADICIONAL , CARACTERÍSTICA ADICIONAL: ENRIQUECIDO COM VITAMINAS ",0.0147854064264057
445484,"Água mineral sem gás descartável","n_combinacoes_unidade","462772","SORVETE, TIPO: SORVETE - BASE LEITE , SABOR: VARIADO , FORMA APRESENTAÇÃO: MASSA / CREMOSO ",0.0147339274332432
445484,"Água mineral sem gás descartável","n_combinacoes_unidade","446706","IOGURTE NATURAL, TEOR GORDURA: INTEGRAL , SABOR: SORTIDOS , COMPONENTES: COM POLPA OU PEDAÇOS DE FRUTA ",0.01450168023087
445484,"Água mineral sem gás descartável","n_combinacoes_unidade","462695","GELÉIA, TIPO: FRUTAS , SABOR: MORANGO , PRAZO VALIDADE MÍNIMO: 12 MESES ",0.0140415410192505
445484,"Água mineral sem gás descartável","n_combinacoes_unidade","462825","LEGUME EM CONSERVA, TIPO: SELETA ",0.0139110954184516
445484,"Água mineral sem gás descartável","n_combinacoes_unidade","463707","BATATA PROCESSADA, ESPÉCIE: INGLESA , TIPO FORMATO: PALHA , TIPO: FRITA , APRESENTAÇÃO: PRONTO PARA CONSUMO ",0.0136555832859174
445484,"Água mineral sem gás descartável","n_combinacoes_unidade","459638","LEGUME EM CONSERVA, TIPO: AZEITONA VERDE , TAMANHO: MÉDIA , APRESENTAÇÃO: SEM CAROÇO ",0.0136144215189002
445484,"Água mineral sem gás descartável","n_combinacoes_unidade","463930","CONDIMENTO, TIPO: SALSA , APRESENTAÇÃO: NATURAL ",0.0131926027201546
445484,"Água mineral sem gás descartável","n_combinacoes_unidade","442810","SUCO, APRESENTAÇÃO: LÍQUIDO , SABOR: UVA , TIPO: INTEGRAL , CARACTERÍSTICAS ADICIONAIS: CONCENTRADO E SEM ADIÇÃO DE AÇÚCAR , VALIDADE: 5 MESES",0.0127467429129076
445484,"Água mineral sem gás descartável","n_combinacoes_unidade","447720","EMBUTIDO, TIPO: SALSICHA HOT DOG , TIPO PREPARAÇÃO: COZIDA , ESTADO DE CONSERVAÇÃO: RESFRIADO(A) ",0.0122350453993583
445484,"Água mineral sem gás descartável","n_combinacoes_unidade","241571","TEMPERO, APRESENTAÇÃO: TABLETE , APLICAÇÃO: USO CULINÁRIO , SABOR: GALINHA ",0.0122265602134589
445484,"Água mineral sem gás descartável","n_combinacoes_unidade","462101","CONDIMENTO*, MATÉRIA-PRIMA: TOMATE SECO , ASPECTO FÍSICO: DESIDRATADA , APLICAÇÃO: ALIMENTAÇÃO , CARACTERÍSTICAS ADICIONAIS: ÓLEO DE MILHO, AZEITE DE OLIVA, SAL, AÇÚCAR E  ES- ",0.0108986627691239
445484,"Água mineral sem gás descartável","n_combinacoes_unidade","233873","TEMPERO, TIPO: COMPLETO SEM PIMENTA , APRESENTAÇÃO: PASTA , APLICAÇÃO: USO CULINÁRIO ",0.0108371597788653
445484,"Água mineral sem gás descartável","n_combinacoes_unidade","446704","IOGURTE NATURAL, TEOR GORDURA: INTEGRAL , SABOR: COM SABOR , COMPONENTES: COM POLPA OU PEDAÇOS DE FRUTA ",0.0108092031176937
445484,"Água mineral sem gás descartável","n_combinacoes_unidade","463699","GORDURA VEGETAL, TIPO: MARGARINA , SUBTIPO: CREMOSA , COMPOSIÇÃO BÁSICA: MÍNIMO DE 80% DE GORDURA , SABOR: COM SAL ",0.0107244156575993
445484,"Água mineral sem gás descartável","n_combinacoes_unidade","407523","ADOÇANTE, ASPECTO FÍSICO: LíQUIDO TRANSPARENTE , INGREDIENTES: SUCRALOSE , PRAZO VALIDADE: 1 ANOS, TIPO: DIETÉTICO , CARACTERÍSTICAS ADICIONAIS: BICO DOSADOR ",0.0105012964191689
445484,"Água mineral sem gás descartável","n_combinacoes_unidade","269172","TEMPERO, TIPO: ALHO E SAL , APRESENTAÇÃO: PASTA , APLICAÇÃO: USO CULINÁRIO ",0.00985984909942222
445484,"Água mineral sem gás descartável","n_combinacoes_unidade","462823","LEGUME EM CONSERVA, TIPO: ERVILHA ",0.00979798552395077
445484,"Água mineral sem gás descartável","n_combinacoes_unidade","459672","MASSA DE TOMATE, TIPO: MOLHO PRONTO , COMPOSIÇÃO: TRADICIONAL , APRESENTAÇÃO: LÍQUIDO ",0.00951916926880955
445484,"Água mineral sem gás descartável","n_combinacoes_unidade","463826","VERDURA IN NATURA, TIPO: RÚCULA ",0.00907239969123179
445484,"Água mineral sem gás descartável","n_combinacoes_unidade","447747","CARNE PROCESSADA, VARIEDADE: HAMBURGUER , TIPO: BOVINO , SABOR: TEMPERADO , ESTADO DE CONSERVAÇÃO: CONGELADO(A) ",0.00858511902724639
445484,"Água mineral sem gás descartável","n_combinacoes_unidade","461092","SAL, TIPO: REFINADO , APLICAÇÃO: ALIMENTÍCIA , TEOR MÁXIMO SÓDIO: 390 MG/G, ADITIVOS: IODATO DE POTASSIO E ANTIUMECTANTE FERROCIANETO DE ",0.00794479985906398
445484,"Água mineral sem gás descartável","n_combinacoes_unidade","459670","MASSA DE TOMATE, TIPO: EXTRATO CONCENTRADO , COMPOSIÇÃO: TRADICIONAL , APRESENTAÇÃO: CREME ",0.00692679708063271
445484,"Água mineral sem gás descartável","n_combinacoes_unidade","460401","PÃO, BASE: DE FARINHA DE TRIGO REFINADA , TIPO: DE FORMA , TIPO ADICIONAL: TRADICIONAL , APRESENTAÇÃO: FATIADO , TIPO EMBALAGEM: EMBALAGEM INDIVIDUAL ",0.00683206987762061
445484,"Água mineral sem gás descartável","n_combinacoes_unidade","471259","CHOCOLATE, TIPO: PRETO , APRESENTAÇÃO: GRANULADO , SABOR: TRADICIONAL ",0.00611640966134608
445484,"Água mineral sem gás descartável","n_combinacoes_unidade","459077","AMIDO, BASE: DE MILHO ",0.00583431247371616
445484,"Água mineral sem gás descartável","n_combinacoes_unidade","463547","CHOCOLATE, TIPO: PRETO , APRESENTAÇÃO: PÓ , SABOR: TRADICIONAL , CARACTERÍSTICA ADICIONAL: 50 % CACAU ",0.00525755846025789
445484,"Água mineral sem gás descartável","n_combinacoes_unidade","464014","LEITE CONDENSADO, TIPO: INTEGRAL , INGREDIENTE BÁSICO: LEITE IN NATURA ",0.00512194876142257
445484,"Água mineral sem gás descartável","n_combinacoes_unidade","446384","MANTEIGA, TIPO: EXTRA , COMPOSIÇÃO: COM SAL ",0.00499887065151689
445484,"Água mineral sem gás descartável","n_combinacoes_unidade","446393","MANTEIGA, TIPO: PRIMEIRA QUALIDADE , COMPOSIÇÃO: COM SAL ",0.00439586237043597
445484,"Água mineral sem gás descartável","n_combinacoes_unidade","446019","LEITE EM PÓ, ORIGEM: DE VACA , TEOR GORDURA: INTEGRAL , SOLUBILIDADE: INSTANTÂNEO ",0.0042180464885464
445484,"Água mineral sem gás descartável","n_combinacoes_unidade","463872","CONDIMENTO, TIPO: CANELA , APRESENTAÇÃO: PÓ ",0.00278886779348876
445484,"Água mineral sem gás descartável","n_combinacoes_unidade","462684","DOCE NÃO CONFEITADO, TIPO: EM CALDA , SABOR: PÊSSEGO ",0.00270495028825215
445484,"Água mineral sem gás descartável","n_combinacoes_unidade","463937","CONDIMENTO, TIPO: URUCUM , APRESENTAÇÃO: PÓ ",0.00175649170470132
445484,"Água mineral sem gás descartável","n_combinacoes_unidade","463912","CONDIMENTO, TIPO: NOZ MOSCADA , APRESENTAÇÃO: PÓ ",0.00161633391692391
445484,"Água mineral sem gás descartável","n_combinacoes_unidade","463916","CONDIMENTO, TIPO: ORÉGANO , APRESENTAÇÃO: DESIDRATADO ",0.00140073929132386
445484,"Água mineral sem gás descartável","n_combinacoes_unidade","241553","MOLHO PIMENTA, COMPOSIÇÃO: ÁGUA/PIMENTA VERMELHA MOÍDA/VINAGRE DE ÁLCOOL/SAL , APLICAÇÃO: ALIMENTOS , TIPO USO: CULINÁRIA EM GERAL ",0.000679198281733472
445484,"Água mineral sem gás descartável","n_combinacoes_unidade","463822","VERDURA IN NATURA, TIPO: COUVE ",0.000294307089577091
445484,"Água mineral sem gás descartável","median_preco","217096","VINAGRE, MATÉRIA-PRIMA: ÁLCOOL CANA DE AÇÚCAR , TIPO: NEUTRO , ACIDEZ: 4,20 PER, ASPECTO FÍSICO: LÍQUIDO , ASPECTO VISUAL: LÍMPIDO E SEM DEPÓSITOS ",0.0409304119584886
445484,"Água mineral sem gás descartável","median_preco","464407","FRUTA, TIPO: MANGA PALMER , APRESENTAÇÃO: NATURAL ",0.0255501830162666
445484,"Água mineral sem gás descartável","median_preco","249817","VINAGRE, MATÉRIA-PRIMA: VINHO TINTO , TIPO: NEUTRO , ACIDEZ: 4 PER, ASPECTO FÍSICO: LÍQUIDO , ASPECTO VISUAL: LÍMPIDO E SEM DEPÓSITOS ",0.0241476499642684
445484,"Água mineral sem gás descartável","median_preco","445488","ÁGUA MINERAL NATURAL, TIPO: ESPECIAL COM GÁS , MATERIAL EMBALAGEM: PLÁSTICO , TIPO EMBALAGEM: DESCARTÁVEL ",0.0240026299982413
445484,"Água mineral sem gás descartável","median_preco","463749","LEGUME IN NATURA, TIPO: ABOBRINHA ITALIANA ",0.0226018983292764
445484,"Água mineral sem gás descartável","median_preco","463839","VERDURA IN NATURA, TIPO: REPOLHO BRANCO / VERDE ",0.0223136811041568
445484,"Água mineral sem gás descartável","median_preco","464405","FRUTA, TIPO: MAMÃO FORMOSA , APRESENTAÇÃO: NATURAL ",0.0220931264604981
445484,"Água mineral sem gás descartável","median_preco","454018","SAL, TIPO: GROSSO , APLICAÇÃO: ALIMENTÍCIA , TEOR MÁXIMO SÓDIO: 390 MG/G, ACIDEZ: 7,0 PH",0.0207873924023193
445484,"Água mineral sem gás descartável","median_preco","464436","FRUTA, TIPO: TANGERINA PONCAN , APRESENTAÇÃO: NATURAL ",0.0204762315231451
445484,"Água mineral sem gás descartável","median_preco","445479","ÁGUA MINERAL NATURAL, TIPO: COM GÁS , MATERIAL EMBALAGEM: PLÁSTICO , TIPO EMBALAGEM: DESCARTÁVEL ",0.0203118568122973
445484,"Água mineral sem gás descartável","median_preco","464395","FRUTA, TIPO: LARANJA BAHIA / LARANJA UMBIGO , APRESENTAÇÃO: NATURAL ",0.0199702323256349
445484,"Água mineral sem gás descartável","median_preco","463818","VERDURA IN NATURA, TIPO: ACELGA ",0.0199348749648364
445484,"Água mineral sem gás descartável","median_preco","464422","FRUTA, TIPO: MELÃO AMARELO , APRESENTAÇÃO: NATURAL ",0.0194595158374341
445484,"Água mineral sem gás descartável","median_preco","464410","FRUTA, TIPO: MANGA ROSA , APRESENTAÇÃO: NATURAL ",0.0193547321184359
445484,"Água mineral sem gás descartável","median_preco","470688","FARINHA DE MILHO, GRÃO: AMARELO , TIPO: FUBÁ , CARACTERÍSTICA ADICIONAL: NÃO TRANSGÊNICO ",0.0192245102254679
445484,"Água mineral sem gás descartável","median_preco","460263","FARINHA DE TRIGO, GRUPO: DOMÉSTICO , TIPO: TIPO 1, ESPECIAL , INGREDIENTE ADICIONAL: FORTIFICADA COM FERRO E ÁCIDO FÓLICO ",0.0188690589538355
445484,"Água mineral sem gás descartável","median_preco","464406","FRUTA, TIPO: MANGA TOMMY , APRESENTAÇÃO: NATURAL ",0.0179066340179947
445484,"Água mineral sem gás descartável","median_preco","463751","LEGUME IN NATURA, TIPO: ABOBRINHA DE PESCOÇO / MENINA ",0.0176605217083215
445484,"Água mineral sem gás descartável","median_preco","463829","VERDURA IN NATURA, TIPO: REPOLHO ROXO ",0.0174880613865159
445484,"Água mineral sem gás descartável","median_preco","464374","FRUTA, TIPO: ABACAXI PÉROLA , APRESENTAÇÃO: NATURAL ",0.0170838363528622
445484,"Água mineral sem gás descartável","median_preco","467358","BARRA NUTRICIONAL, COMPOSIÇÃO BÁSICA: DE FLOCOS DE CEREAIS , INGREDIENTES ADICIONAIS: FRUTAS SECAS E MEL ",0.0169425231887583
445484,"Água mineral sem gás descartável","median_preco","463781","LEGUME IN NATURA, TIPO: CEBOLA BRANCA ",0.0168138745233383
445484,"Água mineral sem gás descartável","median_preco","291893","SAL, TIPO: REFINADO , APLICAÇÃO: ALIMENTÍCIA , CARACTERÍSTICAS ADICIONAIS: TEOR MÍNIMO CLORETO DE SÓDIO 98,5% ",0.0167732950157277
445484,"Água mineral sem gás descartável","median_preco","217777","GELO, MATERIAL: ÁGUA FILTRADA , APRESENTAÇÃO: CUBOS ",0.0165972764219953
445484,"Água mineral sem gás descartável","median_preco","463778","LEGUME IN NATURA, TIPO: CHUCHU VERDE ",0.0160631208754705
445484,"Água mineral sem gás descartável","median_preco","459017","FARINHA DE MILHO, GRÃO: AMARELO , TIPO: FLOCADA , APRESENTAÇÃO: PRÉ-COZIDA , CARACTERÍSTICA ADICIONAL: TRANSGÊNICO , INGREDIENTE ADICIONAL: FORTIFICADA COM FERRO E ÁCIDO FÓLICO ",0.0160598147961476
445484,"Água mineral sem gás descartável","median_preco","446625","OVO, ORIGEM: CODORNA ",0.0160044829566807
445484,"Água mineral sem gás descartável","median_preco","446619","OVO, ORIGEM: GALINHA , GRUPO: BRANCO , CLASSE: A , TIPO: MÉDIO ",0.0159518046974493
445484,"Água mineral sem gás descartável","median_preco","461092","SAL, TIPO: REFINADO , APLICAÇÃO: ALIMENTÍCIA , TEOR MÁXIMO SÓDIO: 390 MG/G, ADITIVOS: IODATO DE POTASSIO E ANTIUMECTANTE FERROCIANETO DE ",0.0158631959352374
445484,"Água mineral sem gás descartável","median_preco","446622","OVO, ORIGEM: GALINHA , GRUPO: VERMELHO , CLASSE: A , TIPO: GRANDE ",0.0157234582407898
445484,"Água mineral sem gás descartável","median_preco","463753","LEGUME IN NATURA, TIPO: BATATA DOCE ",0.0155331328765789
445484,"Água mineral sem gás descartável","median_preco","446618","OVO, ORIGEM: GALINHA , GRUPO: BRANCO , CLASSE: A , TIPO: GRANDE ",0.0155287681296936
445484,"Água mineral sem gás descartável","median_preco","467577","OVO, ORIGEM: GALINHA , GRUPO: BRANCO , CLASSE: A , TIPO: JUMBO ",0.0151060702880921
445484,"Água mineral sem gás descartável","median_preco","454017","SAL, TIPO: REFINADO , APLICAÇÃO: ALIMENTÍCIA , TEOR MÁXIMO SÓDIO: 390 MG/G, ACIDEZ: 7,0 PH",0.0150613288003634
445484,"Água mineral sem gás descartável","median_preco","464380","FRUTA, TIPO: BANANA NANICA / BANANA D'ÁGUA , APRESENTAÇÃO: NATURAL ",0.0148613599459546
445484,"Água mineral sem gás descartável","median_preco","249818","VINAGRE, MATÉRIA-PRIMA: VINHO BRANCO , TIPO: NEUTRO , ACIDEZ: 4 PER, ASPECTO FÍSICO: LÍQUIDO , ASPECTO VISUAL: LÍMPIDO E SEM DEPÓSITOS ",0.0148508550144548
445484,"Água mineral sem gás descartável","median_preco","463796","LEGUME IN NATURA, TIPO: PEPINO ",0.0146563032928399
445484,"Água mineral sem gás descartável","median_preco","446617","OVO, ORIGEM: GALINHA , GRUPO: BRANCO , CLASSE: A , TIPO: EXTRA ",0.0141621324156576
445484,"Água mineral sem gás descartável","median_preco","463754","LEGUME IN NATURA, TIPO: BATATA INGLESA ",0.0138692217106602
445484,"Água mineral sem gás descartável","median_preco","463767","LEGUME IN NATURA, TIPO: BETERRABA ",0.0135019065318895
445484,"Água mineral sem gás descartável","median_preco","463748","LEGUME IN NATURA, TIPO: ABÓBORA CABOTIÁ / JAPONESA ",0.0134840735010927
445484,"Água mineral sem gás descartável","median_preco","463768","LEGUME IN NATURA, TIPO: BETERRABA , APRESENTAÇÃO: ORGÂNICO ",0.0133213303636147
445484,"Água mineral sem gás descartável","median_preco","464381","FRUTA, TIPO: BANANA PRATA / BANANA BRANCA , APRESENTAÇÃO: NATURAL ",0.0130879639722114
445484,"Água mineral sem gás descartável","median_preco","464418","FRUTA, TIPO: MELANCIA VERMELHA , APRESENTAÇÃO: NATURAL ",0.0129516074936596
445484,"Água mineral sem gás descartável","median_preco","464435","FRUTA, TIPO: TANGERINA / BERGAMOTA , APRESENTAÇÃO: NATURAL ",0.0126503595095069
445484,"Água mineral sem gás descartável","median_preco","458918","FARINHA DE MANDIOCA, GRUPO: SECA , SUBGRUPO: BRANCA , CLASSE: FINA , ASPECTO FÍSICO: TIPO 1 , ACIDEZ: BAIXA ACIDEZ ",0.0119124736597393
445484,"Água mineral sem gás descartável","median_preco","458904","ARROZ BENEFICIADO, TIPO: AGULHINHA/BRANCO , SUBGRUPO: POLIDO , CLASSE: LONGO FINO , QUALIDADE: TIPO 1 ",0.0116111629332527
445484,"Água mineral sem gás descartável","median_preco","464393","FRUTA, TIPO: LARANJA PERA , APRESENTAÇÃO: NATURAL ",0.0113731092794828
445484,"Água mineral sem gás descartável","median_preco","458908","ARROZ BENEFICIADO, TIPO: PARBOILIZADO , SUBGRUPO: POLIDO , CLASSE: LONGO FINO , QUALIDADE: TIPO 1 ",0.0111051596593345
445484,"Água mineral sem gás descartável","median_preco","445995","LEITE FLUIDO, ORIGEM: DE VACA , TIPO: A , TEOR GORDURA: INTEGRAL , PROCESSAMENTO: UHT ",0.0109621420788508
445484,"Água mineral sem gás descartável","median_preco","217784","REFRIGERANTE, MATERIAL: ÁGUA GASOSA/XAROPE , SABOR: COLA ",0.0108444575814448
445484,"Água mineral sem gás descartável","median_preco","464449","FRUTA, TIPO: BANANA PRATA / BANANA BRANCA , APRESENTAÇÃO: NATURAL , ADICIONAL: ORGÂNICA ",0.0107137297262936
445484,"Água mineral sem gás descartável","median_preco","463764","LEGUME IN NATURA, TIPO: BERINJELA ",0.0103802147883535
445484,"Água mineral sem gás descartável","median_preco","464404","FRUTA, TIPO: MAMÃO PAPAIA / MAMÃO AMAZÔNIA , APRESENTAÇÃO: NATURAL ",0.0100314218016556
445484,"Água mineral sem gás descartável","median_preco","217783","REFRIGERANTE, MATERIAL: ÁGUA GASOSA/XAROPE , SABOR: UVA ",0.00973961645536299
445484,"Água mineral sem gás descartável","median_preco","463551","ACHOCOLATADO, APRESENTAÇÃO: LÍQUIDO , SABOR: TRADICIONAL , CARACTERÍSTICA ADICIONAL: ENRIQUECIDO COM VITAMINAS ",0.00948076282539722
445484,"Água mineral sem gás descartável","median_preco","458910","ARROZ BENEFICIADO, TIPO: PARBOILIZADO , SUBGRUPO: INTEGRAL , CLASSE: LONGO FINO , QUALIDADE: TIPO 1 ",0.00941153387171029
445484,"Água mineral sem gás descartável","median_preco","464398","FRUTA, TIPO: LIMÃO TAITI , APRESENTAÇÃO: NATURAL ",0.00929529592145405
445484,"Água mineral sem gás descartável","median_preco","217781","REFRIGERANTE, MATERIAL: ÁGUA GASOSA/XAROPE , SABOR: LARANJA ",0.00879609822406767
445484,"Água mineral sem gás descartável","median_preco","242454","MISTURA ALIMENTÍCIA, INGREDIENTES: FARINHA DE TRIGO, SAL, ESTABILIZANTE ETXXV, ENZI - , SABOR: NATURAL , APLICAÇÃO: PÃO FRANCÊS ",0.00846485195060127
445484,"Água mineral sem gás descartável","median_preco","463795","LEGUME IN NATURA, TIPO: MANDIOCA / AIPIM ",0.00822629272587737
445484,"Água mineral sem gás descartável","median_preco","460265","FARINHA DE TRIGO, GRUPO: DOMÉSTICO , TIPO: TIPO 1, ESPECIAL , INGREDIENTE ADICIONAL: COM FERMENTO, FORTIFICADA COM FERRO E ÁCIDO FÓLICO ",0.00674571075751403
445484,"Água mineral sem gás descartável","median_preco","217785","REFRIGERANTE, MATERIAL: ÁGUA GASOSA/XAROPE , SABOR: GUARANÁ ",0.00609448990045563
445484,"Água mineral sem gás descartável","median_preco","463770","LEGUME IN NATURA, TIPO: CENOURA ",0.00544468840853369
445484,"Água mineral sem gás descartável","median_preco","463747","LEGUME IN NATURA, TIPO: ABÓBORA PAULISTA ",0.00515191376283448
445484,"Água mineral sem gás descartável","median_preco","465332","FARINHA DE TRIGO, GRUPO: INDUSTRIAL , TIPO: TIPO 1, ESPECIAL , INGREDIENTE ADICIONAL: SEM FERMENTO ",0.00355375055696969
445484,"Água mineral sem gás descartável","median_preco","459672","MASSA DE TOMATE, TIPO: MOLHO PRONTO , COMPOSIÇÃO: TRADICIONAL , APRESENTAÇÃO: LÍQUIDO ",0.00264819366353541
445484,"Água mineral sem gás descartável","median_preco","467418","FRUTA, TIPO: MAMÃO FORMOSA , APRESENTAÇÃO: NATURAL , ADICIONAL: ORGÂNICA ",0.00234011602343284
445484,"Água mineral sem gás descartável","median_preco","463782","LEGUME IN NATURA, TIPO: CEBOLA AMARELA ",5.23808418744673e-05
445484,"Água mineral sem gás descartável","median_preco","463746","LEGUME IN NATURA, TIPO: ABÓBORA MORANGA ",3.4132643809226e-05
445485,"Água mineral sem gás retornável","n_fornecedores","463822","VERDURA IN NATURA, TIPO: COUVE ",0.0402702402923422
445485,"Água mineral sem gás retornável","n_fornecedores","464514","POLPA DE FRUTA, TIPO: GOIABA VERMELHA , APRESENTAÇÃO: CONGELADA ",0.0369077565676541
445485,"Água mineral sem gás retornável","n_fornecedores","464377","FRUTA, TIPO: BANANA DA TERRA / BANANA COMPRIDA , APRESENTAÇÃO: NATURAL ",0.0366672277360518
445485,"Água mineral sem gás retornável","n_fornecedores","464468","POLPA DE FRUTA, TIPO: ABACAXI , APRESENTAÇÃO: CONGELADA ",0.0339670723622966
445485,"Água mineral sem gás retornável","n_fornecedores","460263","FARINHA DE TRIGO, GRUPO: DOMÉSTICO , TIPO: TIPO 1, ESPECIAL , INGREDIENTE ADICIONAL: FORTIFICADA COM FERRO E ÁCIDO FÓLICO ",0.0335888859162283
445485,"Água mineral sem gás retornável","n_fornecedores","464328","FRUTA, TIPO: MORANGO , APRESENTAÇÃO: NATURAL ",0.0323618754055663
445485,"Água mineral sem gás retornável","n_fornecedores","445479","ÁGUA MINERAL NATURAL, TIPO: COM GÁS , MATERIAL EMBALAGEM: PLÁSTICO , TIPO EMBALAGEM: DESCARTÁVEL ",0.0309951877264979
445485,"Água mineral sem gás retornável","n_fornecedores","447720","EMBUTIDO, TIPO: SALSICHA HOT DOG , TIPO PREPARAÇÃO: COZIDA , ESTADO DE CONSERVAÇÃO: RESFRIADO(A) ",0.030658943257942
445485,"Água mineral sem gás retornável","n_fornecedores","463937","CONDIMENTO, TIPO: URUCUM , APRESENTAÇÃO: PÓ ",0.0302668570565701
445485,"Água mineral sem gás retornável","n_fornecedores","447072","QUEIJO, ORIGEM: DE VACA , VARIEDADE: COALHO , TIPO: FRESCO , APRESENTAÇÃO: PEÇA ",0.0301370858496874
445485,"Água mineral sem gás retornável","n_fornecedores","465332","FARINHA DE TRIGO, GRUPO: INDUSTRIAL , TIPO: TIPO 1, ESPECIAL , INGREDIENTE ADICIONAL: SEM FERMENTO ",0.0282122798069366
445485,"Água mineral sem gás retornável","n_fornecedores","217784","REFRIGERANTE, MATERIAL: ÁGUA GASOSA/XAROPE , SABOR: COLA ",0.0249270931797953
445485,"Água mineral sem gás retornável","n_fornecedores","463789","LEGUME IN NATURA, TIPO: INHAME ",0.0247468145296361
445485,"Água mineral sem gás retornável","n_fornecedores","464405","FRUTA, TIPO: MAMÃO FORMOSA , APRESENTAÇÃO: NATURAL ",0.0243113307716926
445485,"Água mineral sem gás retornável","n_fornecedores","445995","LEITE FLUIDO, ORIGEM: DE VACA , TIPO: A , TEOR GORDURA: INTEGRAL , PROCESSAMENTO: UHT ",0.0235918431397619
445485,"Água mineral sem gás retornável","n_fornecedores","464436","FRUTA, TIPO: TANGERINA PONCAN , APRESENTAÇÃO: NATURAL ",0.022194669024791
445485,"Água mineral sem gás retornável","n_fornecedores","458904","ARROZ BENEFICIADO, TIPO: AGULHINHA/BRANCO , SUBGRUPO: POLIDO , CLASSE: LONGO FINO , QUALIDADE: TIPO 1 ",0.0213239150452894
445485,"Água mineral sem gás retornável","n_fornecedores","462824","LEGUME EM CONSERVA, TIPO: MILHO VERDE ",0.0208898167349005
445485,"Água mineral sem gás retornável","n_fornecedores","463778","LEGUME IN NATURA, TIPO: CHUCHU VERDE ",0.0204603301053686
445485,"Água mineral sem gás retornável","n_fornecedores","463808","LEGUME IN NATURA, TIPO: PIMENTÃO VERMELHO ",0.0204532913625582
445485,"Água mineral sem gás retornável","n_fornecedores","463780","LEGUME IN NATURA, TIPO: CEBOLA ROXA ",0.0198015160335755
445485,"Água mineral sem gás retornável","n_fornecedores","463770","LEGUME IN NATURA, TIPO: CENOURA ",0.0197667070016033
445485,"Água mineral sem gás retornável","n_fornecedores","460501","AVEIA BENEFICIADA, CLASSE: BRANCA , APRESENTAÇÃO: EM FLOCOS FINOS , PRESENÇA DE GLÚTEN: CONTÉM GLÚTEN ",0.0182056148396739
445485,"Água mineral sem gás retornável","n_fornecedores","463829","VERDURA IN NATURA, TIPO: REPOLHO ROXO ",0.0177589495944214
445485,"Água mineral sem gás retornável","n_fornecedores","464438","FRUTA, TIPO: UVA ITÁLIA , APRESENTAÇÃO: NATURAL ",0.017511729659948
445485,"Água mineral sem gás retornável","n_fornecedores","464484","POLPA DE FRUTA, TIPO: ACEROLA , APRESENTAÇÃO: CONGELADA ",0.0171752083120217
445485,"Água mineral sem gás retornável","n_fornecedores","463818","VERDURA IN NATURA, TIPO: ACELGA ",0.0171371954237293
445485,"Água mineral sem gás retornável","n_fornecedores","463831","VERDURA IN NATURA, TIPO: COUVE-FLOR ",0.0170318251511221
445485,"Água mineral sem gás retornável","n_fornecedores","447705","EMBUTIDO, TIPO: LINGUIÇA TOSCANA , TAMANHO: GROSSA , TIPO PREPARAÇÃO: FRESCA , ESTADO DE CONSERVAÇÃO: RESFRIADO(A) ",0.0156491163539795
445485,"Água mineral sem gás retornável","n_fornecedores","464401","FRUTA, TIPO: MAÇÃ FUJI , APRESENTAÇÃO: NATURAL ",0.015338506914245
445485,"Água mineral sem gás retornável","n_fornecedores","217785","REFRIGERANTE, MATERIAL: ÁGUA GASOSA/XAROPE , SABOR: GUARANÁ ",0.0151918562205096
445485,"Água mineral sem gás retornável","n_fornecedores","464392","FRUTA, TIPO: GOIABA VERMELHA , APRESENTAÇÃO: NATURAL ",0.0151302968639635
445485,"Água mineral sem gás retornável","n_fornecedores","463753","LEGUME IN NATURA, TIPO: BATATA DOCE ",0.014784329287749
445485,"Água mineral sem gás retornável","n_fornecedores","464883","FRUTA, TIPO 1: UVA PASSA , APRESENTAÇÃO: DESIDRATADA / SECA , ADICIONAL: PRETA ",0.0142667525484006
445485,"Água mineral sem gás retornável","n_fornecedores","463916","CONDIMENTO, TIPO: ORÉGANO , APRESENTAÇÃO: DESIDRATADO ",0.0127233561132472
445485,"Água mineral sem gás retornável","n_fornecedores","446618","OVO, ORIGEM: GALINHA , GRUPO: BRANCO , CLASSE: A , TIPO: GRANDE ",0.012140559647423
445485,"Água mineral sem gás retornável","n_fornecedores","463872","CONDIMENTO, TIPO: CANELA , APRESENTAÇÃO: PÓ ",0.0109721990467007
445485,"Água mineral sem gás retornável","n_fornecedores","464014","LEITE CONDENSADO, TIPO: INTEGRAL , INGREDIENTE BÁSICO: LEITE IN NATURA ",0.0109585295989605
445485,"Água mineral sem gás retornável","n_fornecedores","447702","EMBUTIDO, TIPO: LINGUIÇA CALABRESA , TAMANHO: GROSSA , TIPO PREPARAÇÃO: DEFUMADA , ESTADO DE CONSERVAÇÃO: RESFRIADO(A) ",0.0109473284896074
445485,"Água mineral sem gás retornável","n_fornecedores","447666","CARNE DEFUMADA, TIPO CORTE: TOUCINHO (BACON) , TIPO ANIMAL: SUÍNA , APRESENTAÇÃO: EM MANTAS , ESTADO DE CONSERVAÇÃO: RESFRIADO(A) ",0.0108332606026978
445485,"Água mineral sem gás retornável","n_fornecedores","463826","VERDURA IN NATURA, TIPO: RÚCULA ",0.0100665971982044
445485,"Água mineral sem gás retornável","n_fornecedores","464393","FRUTA, TIPO: LARANJA PERA , APRESENTAÇÃO: NATURAL ",0.00996164939730589
445485,"Água mineral sem gás retornável","n_fornecedores","463830","VERDURA IN NATURA, TIPO: ALFACE AMERICANA ",0.00966604631337923
445485,"Água mineral sem gás retornável","n_fornecedores","464381","FRUTA, TIPO: BANANA PRATA / BANANA BRANCA , APRESENTAÇÃO: NATURAL ",0.00966235472904149
445485,"Água mineral sem gás retornável","n_fornecedores","459077","AMIDO, BASE: DE MILHO ",0.00907496188641081
445485,"Água mineral sem gás retornável","n_fornecedores","463699","GORDURA VEGETAL, TIPO: MARGARINA , SUBTIPO: CREMOSA , COMPOSIÇÃO BÁSICA: MÍNIMO DE 80% DE GORDURA , SABOR: COM SAL ",0.00884499787296731
445485,"Água mineral sem gás retornável","n_fornecedores","460380","PÃO, BASE: DE FARINHA DE TRIGO REFINADA , TIPO: TIPO FRANÇÊS/BRANCO/DE SAL ",0.00874026429412515
445485,"Água mineral sem gás retornável","n_fornecedores","463839","VERDURA IN NATURA, TIPO: REPOLHO BRANCO / VERDE ",0.0084600688866632
445485,"Água mineral sem gás retornável","n_fornecedores","464406","FRUTA, TIPO: MANGA TOMMY , APRESENTAÇÃO: NATURAL ",0.00823540193659137
445485,"Água mineral sem gás retornável","n_fornecedores","459670","MASSA DE TOMATE, TIPO: EXTRATO CONCENTRADO , COMPOSIÇÃO: TRADICIONAL , APRESENTAÇÃO: CREME ",0.0069537708047878
445485,"Água mineral sem gás retornável","n_fornecedores","463556","ACHOCOLATADO, APRESENTAÇÃO: PÓ , SABOR: TRADICIONAL , CARACTERÍSTICA ADICIONAL: ENRIQUECIDO COM VITAMINAS ",0.00658287486064896
445485,"Água mineral sem gás retornável","n_fornecedores","446633","QUEIJO, ORIGEM: DE VACA , VARIEDADE: MUÇARELA , APRESENTAÇÃO: PEÇA ",0.00566874824219054
445485,"Água mineral sem gás retornável","n_fornecedores","463754","LEGUME IN NATURA, TIPO: BATATA INGLESA ",0.00547948617630393
445485,"Água mineral sem gás retornável","n_fornecedores","446639","QUEIJO, ORIGEM: DE VACA , VARIEDADE: PRATO , APRESENTAÇÃO: PEÇA ",0.00527907677609477
445485,"Água mineral sem gás retornável","n_fornecedores","459586","FERMENTO, TIPO: QUÍMICO , APRESENTAÇÃO: PÓ ",0.00478139220596125
445485,"Água mineral sem gás retornável","n_fornecedores","464415","FRUTA, TIPO: MARACUJÁ AZEDO / MARACUJÁ AMARELO , APRESENTAÇÃO: NATURAL ",0.00416803697899064
445485,"Água mineral sem gás retornável","n_fornecedores","464404","FRUTA, TIPO: MAMÃO PAPAIA / MAMÃO AMAZÔNIA , APRESENTAÇÃO: NATURAL ",0.00249203129885049
445485,"Água mineral sem gás retornável","n_fornecedores","446706","IOGURTE NATURAL, TEOR GORDURA: INTEGRAL , SABOR: SORTIDOS , COMPONENTES: COM POLPA OU PEDAÇOS DE FRUTA ",0.00219901493242827
445485,"Água mineral sem gás retornável","n_fornecedores","463819","VERDURA IN NATURA, TIPO: AGRIÃO ",0.00156642596472714
445485,"Água mineral sem gás retornável","n_fornecedores","464474","POLPA DE FRUTA, TIPO: MARACUJÁ , APRESENTAÇÃO: CONGELADA ",0.00122939698244145
445485,"Água mineral sem gás retornável","n_fornecedores","463904","CONDIMENTO, TIPO: LOURO , APRESENTAÇÃO: FOLHA ",0.000630048686740472
445485,"Água mineral sem gás retornável","n_combinacoes_unidade","436134","ADOÇANTE, ASPECTO FÍSICO: LÍQUIDO , INGREDIENTES: SUCRALOSE, ACESULFAME DE POTáSSIO, BENZOATO DE SÓD , TIPO: DIETÉTICO , CARACTERÍSTICAS ADICIONAIS: ACIDULANTE áCIDO CíTRICO,CITRATO DE SÓDIO ",0.0295942416139521
445485,"Água mineral sem gás retornável","n_combinacoes_unidade","459645","LEGUME EM CONSERVA, TIPO: AZEITONA PRETA , TAMANHO: GRANDE , APRESENTAÇÃO: SEM CAROÇO ",0.0292260564507293
445485,"Água mineral sem gás retornável","n_combinacoes_unidade","217783","REFRIGERANTE, MATERIAL: ÁGUA GASOSA/XAROPE , SABOR: UVA ",0.0273166799655356
445485,"Água mineral sem gás retornável","n_combinacoes_unidade","446393","MANTEIGA, TIPO: PRIMEIRA QUALIDADE , COMPOSIÇÃO: COM SAL ",0.0266605282863003
445485,"Água mineral sem gás retornável","n_combinacoes_unidade","445488","ÁGUA MINERAL NATURAL, TIPO: ESPECIAL COM GÁS , MATERIAL EMBALAGEM: PLÁSTICO , TIPO EMBALAGEM: DESCARTÁVEL ",0.025536695093628
445485,"Água mineral sem gás retornável","n_combinacoes_unidade","459672","MASSA DE TOMATE, TIPO: MOLHO PRONTO , COMPOSIÇÃO: TRADICIONAL , APRESENTAÇÃO: LÍQUIDO ",0.0254828873960595
445485,"Água mineral sem gás retornável","n_combinacoes_unidade","463536","CHOCOLATE, TIPO: PRETO , APRESENTAÇÃO: MASSA , SABOR: AO LEITE , PRAZO VALIDADE MÍNIMO: 12 MESES ",0.0250499413209291
445485,"Água mineral sem gás retornável","n_combinacoes_unidade","463906","CONDIMENTO, TIPO: MANJERICÃO , APRESENTAÇÃO: NATURAL ",0.0248866415309047
445485,"Água mineral sem gás retornável","n_combinacoes_unidade","460502","AVEIA BENEFICIADA, CLASSE: BRANCA , APRESENTAÇÃO: EM FLOCOS GROSSOS , PRESENÇA DE GLÚTEN: CONTÉM GLÚTEN ",0.0245473698173244
445485,"Água mineral sem gás retornável","n_combinacoes_unidade","463898","CONDIMENTO, TIPO: HORTELÃ , APRESENTAÇÃO: NATURAL ",0.0238975585788153
445485,"Água mineral sem gás retornável","n_combinacoes_unidade","463937","CONDIMENTO, TIPO: URUCUM , APRESENTAÇÃO: PÓ ",0.0236351243637275
445485,"Água mineral sem gás retornável","n_combinacoes_unidade","217132","BISCOITO, APRESENTAÇÃO: RETANGULAR , SABOR: MAIZENA , CLASSIFICAÇÃO: DOCE , CARACTERÍSTICAS ADICIONAIS: SEM RECHEIO ",0.0219569331150242
445485,"Água mineral sem gás retornável","n_combinacoes_unidade","447747","CARNE PROCESSADA, VARIEDADE: HAMBURGUER , TIPO: BOVINO , SABOR: TEMPERADO , ESTADO DE CONSERVAÇÃO: CONGELADO(A) ",0.0214162115903878
445485,"Água mineral sem gás retornável","n_combinacoes_unidade","463547","CHOCOLATE, TIPO: PRETO , APRESENTAÇÃO: PÓ , SABOR: TRADICIONAL , CARACTERÍSTICA ADICIONAL: 50 % CACAU ",0.0213768615422291
445485,"Água mineral sem gás retornável","n_combinacoes_unidade","460403","PÃO, BASE: DE FARINHA DE TRIGO INTEGRAL , TIPO: DE FORMA , APRESENTAÇÃO: FATIADO , TIPO EMBALAGEM: EMBALAGEM INDIVIDUAL ",0.0209738147638785
445485,"Água mineral sem gás retornável","n_combinacoes_unidade","463908","CONDIMENTO, TIPO: MANJERICÃO , APRESENTAÇÃO: DESIDRATADO ",0.0190471786005824
445485,"Água mineral sem gás retornável","n_combinacoes_unidade","460263","FARINHA DE TRIGO, GRUPO: DOMÉSTICO , TIPO: TIPO 1, ESPECIAL , INGREDIENTE ADICIONAL: FORTIFICADA COM FERRO E ÁCIDO FÓLICO ",0.0187125792888291
445485,"Água mineral sem gás retornável","n_combinacoes_unidade","269172","TEMPERO, TIPO: ALHO E SAL , APRESENTAÇÃO: PASTA , APLICAÇÃO: USO CULINÁRIO ",0.0182919206992297
445485,"Água mineral sem gás retornável","n_combinacoes_unidade","460386","PÃO, BASE: DE FARINHA DE TRIGO REFINADA , TIPO: SEMI-DOCE , TIPO ADICIONAL: BISNAGA, CACHORRO QUENTE ",0.0181432349966508
445485,"Água mineral sem gás retornável","n_combinacoes_unidade","446671","QUEIJO, ORIGEM: DE VACA , VARIEDADE: REQUEIJÃO , APRESENTAÇÃO: CREMOSO ",0.0177992055899273
445485,"Água mineral sem gás retornável","n_combinacoes_unidade","217782","REFRIGERANTE, MATERIAL: ÁGUA GASOSA/XAROPE , SABOR: LIMÃO ",0.0176977925771561
445485,"Água mineral sem gás retornável","n_combinacoes_unidade","458904","ARROZ BENEFICIADO, TIPO: AGULHINHA/BRANCO , SUBGRUPO: POLIDO , CLASSE: LONGO FINO , QUALIDADE: TIPO 1 ",0.0175854464196326
445485,"Água mineral sem gás retornável","n_combinacoes_unidade","463876","CONDIMENTO, TIPO: COENTRO , APRESENTAÇÃO: NATURAL ",0.0174797038374653
445485,"Água mineral sem gás retornável","n_combinacoes_unidade","463856","CONDIMENTO, TIPO: ALECRIM , APRESENTAÇÃO: DESIDRATADO ",0.0163507114655307
445485,"Água mineral sem gás retornável","n_combinacoes_unidade","446648","QUEIJO, ORIGEM: DE VACA , VARIEDADE: PARMESÃO , APRESENTAÇÃO: RALADO ",0.0163469138318207
445485,"Água mineral sem gás retornável","n_combinacoes_unidade","217781","REFRIGERANTE, MATERIAL: ÁGUA GASOSA/XAROPE , SABOR: LARANJA ",0.0161160959852595
445485,"Água mineral sem gás retornável","n_combinacoes_unidade","305354","BEBIDA LÁCTEA, SABOR: VARIADO , APRESENTAÇÃO: EMBALAGEM TETRAPACK ",0.0158885083844632
445485,"Água mineral sem gás retornável","n_combinacoes_unidade","467538","PREPARADO PANIFICAÇÃO, TIPO: MELHORADOR DE FARINHA , COMPOSIÇÃO: ÁCIDO ASCÓRBICO E ALFA AMILASE , APRESENTAÇÃO: PÓ ",0.0152828535631134
445485,"Água mineral sem gás retornável","n_combinacoes_unidade","463904","CONDIMENTO, TIPO: LOURO , APRESENTAÇÃO: FOLHA ",0.0149481144951367
445485,"Água mineral sem gás retornável","n_combinacoes_unidade","446618","OVO, ORIGEM: GALINHA , GRUPO: BRANCO , CLASSE: A , TIPO: GRANDE ",0.0148764310682471
445485,"Água mineral sem gás retornável","n_combinacoes_unidade","463891","CONDIMENTO, TIPO: COMINHO , APRESENTAÇÃO: PÓ ",0.0148743756610796
445485,"Água mineral sem gás retornável","n_combinacoes_unidade","464014","LEITE CONDENSADO, TIPO: INTEGRAL , INGREDIENTE BÁSICO: LEITE IN NATURA ",0.0148562505315036
445485,"Água mineral sem gás retornável","n_combinacoes_unidade","463894","CONDIMENTO, TIPO: CURRY , APRESENTAÇÃO: PÓ ",0.0145773477625585
445485,"Água mineral sem gás retornável","n_combinacoes_unidade","463873","CONDIMENTO, TIPO: CANELA , APRESENTAÇÃO: CASCA ",0.0142603241516364
445485,"Água mineral sem gás retornável","n_combinacoes_unidade","454018","SAL, TIPO: GROSSO , APLICAÇÃO: ALIMENTÍCIA , TEOR MÁXIMO SÓDIO: 390 MG/G, ACIDEZ: 7,0 PH",0.0141541103027214
445485,"Água mineral sem gás retornável","n_combinacoes_unidade","291893","SAL, TIPO: REFINADO , APLICAÇÃO: ALIMENTÍCIA , CARACTERÍSTICAS ADICIONAIS: TEOR MÍNIMO CLORETO DE SÓDIO 98,5% ",0.0137448263023896
445485,"Água mineral sem gás retornável","n_combinacoes_unidade","241553","MOLHO PIMENTA, COMPOSIÇÃO: ÁGUA/PIMENTA VERMELHA MOÍDA/VINAGRE DE ÁLCOOL/SAL , APLICAÇÃO: ALIMENTOS , TIPO USO: CULINÁRIA EM GERAL ",0.0131001806556281
445485,"Água mineral sem gás retornável","n_combinacoes_unidade","471259","CHOCOLATE, TIPO: PRETO , APRESENTAÇÃO: GRANULADO , SABOR: TRADICIONAL ",0.0127841039087569
445485,"Água mineral sem gás retornável","n_combinacoes_unidade","463892","CONDIMENTO, TIPO: CRAVO DA ÍNDIA , APRESENTAÇÃO: FLOR ",0.012700102257609
445485,"Água mineral sem gás retornável","n_combinacoes_unidade","459596","FERMENTO, TIPO: BIOLÓGICO SECO , APRESENTAÇÃO: PÓ GRANULADO ",0.0124698641700324
445485,"Água mineral sem gás retornável","n_combinacoes_unidade","454017","SAL, TIPO: REFINADO , APLICAÇÃO: ALIMENTÍCIA , TEOR MÁXIMO SÓDIO: 390 MG/G, ACIDEZ: 7,0 PH",0.0123493462913266
445485,"Água mineral sem gás retornável","n_combinacoes_unidade","446534","CREME DE LEITE, TEOR GORDURA: 21 A 40% DE GORDURA , PROCESSAMENTO: UHT ",0.0112288340037673
445485,"Água mineral sem gás retornável","n_combinacoes_unidade","463819","VERDURA IN NATURA, TIPO: AGRIÃO ",0.0111006807945446
445485,"Água mineral sem gás retornável","n_combinacoes_unidade","464012","LEITE CÔCO, TIPO: MAGRO , CARACTERÍSTICA ADICIONAL: TEOR DE GORDURA REDUZIDA ",0.0107279849430853
445485,"Água mineral sem gás retornável","n_combinacoes_unidade","465332","FARINHA DE TRIGO, GRUPO: INDUSTRIAL , TIPO: TIPO 1, ESPECIAL , INGREDIENTE ADICIONAL: SEM FERMENTO ",0.0106153924995339
445485,"Água mineral sem gás retornável","n_combinacoes_unidade","446394","MANTEIGA, TIPO: PRIMEIRA QUALIDADE , COMPOSIÇÃO: SEM SAL ",0.0104282333202978
445485,"Água mineral sem gás retornável","n_combinacoes_unidade","463919","CONDIMENTO, TIPO: PIMENTA DO REINO , APRESENTAÇÃO: PÓ ",0.0100150624992484
445485,"Água mineral sem gás retornável","n_combinacoes_unidade","463822","VERDURA IN NATURA, TIPO: COUVE ",0.00982586147094342
445485,"Água mineral sem gás retornável","n_combinacoes_unidade","413364","MEL ABELHA, TIPO: 1ª QUALIDADE , APRESENTAÇÃO: EMBALAGEM COM 500 G , APLICAÇÃO: ALIMENTAÇÃO HUMANA ",0.0095994972721649
445485,"Água mineral sem gás retornável","n_combinacoes_unidade","463912","CONDIMENTO, TIPO: NOZ MOSCADA , APRESENTAÇÃO: PÓ ",0.00935685763967348
445485,"Água mineral sem gás retornável","n_combinacoes_unidade","463832","VERDURA IN NATURA, TIPO: ALFACE CRESPA ",0.00911679103865108
445485,"Água mineral sem gás retornável","n_combinacoes_unidade","236197","ADOÇANTE, ASPECTO FÍSICO: LÍQUIDO , INGREDIENTES: ESTÉVIA , TIPO: DIETÉTICO ",0.00879122652511152
445485,"Água mineral sem gás retornável","n_combinacoes_unidade","463695","AZEITE, ESPÉCIE VEGETAL: DE DENDÊ, OLÉO DE PALMA , TIPO: PURO , TEOR DA ACIDEZ: BAIXO OLÉICO ",0.0084773743844843
445485,"Água mineral sem gás retornável","n_combinacoes_unidade","463878","CONDIMENTO, TIPO: CEBOLINHA , APRESENTAÇÃO: NATURAL ",0.00751568424954389
445485,"Água mineral sem gás retornável","n_combinacoes_unidade","316835","BISCOITO, APRESENTAÇÃO: SORTIDO , CLASSIFICAÇÃO: DOCE , TIPO: AMANTEIGADO , APLICAÇÃO: ALIMENTAÇÃO HUMANA ",0.00723587466710312
445485,"Água mineral sem gás retornável","n_combinacoes_unidade","463707","BATATA PROCESSADA, ESPÉCIE: INGLESA , TIPO FORMATO: PALHA , TIPO: FRITA , APRESENTAÇÃO: PRONTO PARA CONSUMO ",0.00681558331057973
445485,"Água mineral sem gás retornável","n_combinacoes_unidade","446617","OVO, ORIGEM: GALINHA , GRUPO: BRANCO , CLASSE: A , TIPO: EXTRA ",0.00662225348924975
445485,"Água mineral sem gás retornável","n_combinacoes_unidade","463872","CONDIMENTO, TIPO: CANELA , APRESENTAÇÃO: PÓ ",0.00647166475715506
445485,"Água mineral sem gás retornável","n_combinacoes_unidade","446536","CREME DE LEITE, TEOR GORDURA: ACIMA DE 40% DE GORDURA , PROCESSAMENTO: PASTEURIZADO , CARACTERÍSTICAS ADICIONAIS: CREME TIPO NATA ",0.00642787558016798
445485,"Água mineral sem gás retornável","n_combinacoes_unidade","464011","LEITE CÔCO, TIPO: INTEGRAL , PRAZO VALIDADE MÍNIMO: 12 MESES ",0.00611608871940753
445485,"Água mineral sem gás retornável","n_combinacoes_unidade","460501","AVEIA BENEFICIADA, CLASSE: BRANCA , APRESENTAÇÃO: EM FLOCOS FINOS , PRESENÇA DE GLÚTEN: CONTÉM GLÚTEN ",0.00560272127465819
445485,"Água mineral sem gás retornável","n_combinacoes_unidade","233873","TEMPERO, TIPO: COMPLETO SEM PIMENTA , APRESENTAÇÃO: PASTA , APLICAÇÃO: USO CULINÁRIO ",0.00555173943532659
445485,"Água mineral sem gás retornável","n_combinacoes_unidade","459638","LEGUME EM CONSERVA, TIPO: AZEITONA VERDE , TAMANHO: MÉDIA , APRESENTAÇÃO: SEM CAROÇO ",0.00520111895562158
445485,"Água mineral sem gás retornável","n_combinacoes_unidade","460401","PÃO, BASE: DE FARINHA DE TRIGO REFINADA , TIPO: DE FORMA , TIPO ADICIONAL: TRADICIONAL , APRESENTAÇÃO: FATIADO , TIPO EMBALAGEM: EMBALAGEM INDIVIDUAL ",0.00513413690229288
445485,"Água mineral sem gás retornável","n_combinacoes_unidade","339478","TEMPERO, TIPO: CALDO , APRESENTAÇÃO: PÓ , APLICAÇÃO: USO CULINÁRIO , SABOR: GALINHA ",0.00486653583216719
445485,"Água mineral sem gás retornável","n_combinacoes_unidade","463699","GORDURA VEGETAL, TIPO: MARGARINA , SUBTIPO: CREMOSA , COMPOSIÇÃO BÁSICA: MÍNIMO DE 80% DE GORDURA , SABOR: COM SAL ",0.00454480183562255
445485,"Água mineral sem gás retornável","n_combinacoes_unidade","462670","DOCE NÃO CONFEITADO, TIPO: EM CALDA , SABOR: CEREJA ",0.00396391976150027
445485,"Água mineral sem gás retornável","n_combinacoes_unidade","462825","LEGUME EM CONSERVA, TIPO: SELETA ",0.00367959903022086
445485,"Água mineral sem gás retornável","n_combinacoes_unidade","463916","CONDIMENTO, TIPO: ORÉGANO , APRESENTAÇÃO: DESIDRATADO ",0.00337110756449915
445485,"Água mineral sem gás retornável","n_combinacoes_unidade","446704","IOGURTE NATURAL, TEOR GORDURA: INTEGRAL , SABOR: COM SABOR , COMPONENTES: COM POLPA OU PEDAÇOS DE FRUTA ",0.00233552550052821
445485,"Água mineral sem gás retornável","n_combinacoes_unidade","463826","VERDURA IN NATURA, TIPO: RÚCULA ",0.00210802845517559
445485,"Água mineral sem gás retornável","n_combinacoes_unidade","463556","ACHOCOLATADO, APRESENTAÇÃO: PÓ , SABOR: TRADICIONAL , CARACTERÍSTICA ADICIONAL: ENRIQUECIDO COM VITAMINAS ",0.00210193427902981
445485,"Água mineral sem gás retornável","n_combinacoes_unidade","241543","""MILHO"", TIPO: GRÃO , APLICAÇÃO: ALIMENTO PARA ANIMAIS , CARACTERÍSTICAS ADICIONAIS: UMIDADE MÁXIMA DE 13,00% E SEM PRESENÇA DE INSETOS ",0.00204320599620777
445485,"Água mineral sem gás retornável","n_combinacoes_unidade","407523","ADOÇANTE, ASPECTO FÍSICO: LíQUIDO TRANSPARENTE , INGREDIENTES: SUCRALOSE , PRAZO VALIDADE: 1 ANOS, TIPO: DIETÉTICO , CARACTERÍSTICAS ADICIONAIS: BICO DOSADOR ",0.0017230030581325
445485,"Água mineral sem gás retornável","n_combinacoes_unidade","465350","MASSA ALIMENTÍCIA, TIPO: PARA LASANHA , BASE DA MASSA: FARINHA DE TRIGO REFINADA , APRESENTAÇÃO: FRESCA/RESFRIADA , FORMATO: LAMINADA ",0.00148535133344844
445485,"Água mineral sem gás retornável","n_combinacoes_unidade","447720","EMBUTIDO, TIPO: SALSICHA HOT DOG , TIPO PREPARAÇÃO: COZIDA , ESTADO DE CONSERVAÇÃO: RESFRIADO(A) ",0.00101249937766504
445485,"Água mineral sem gás retornável","n_combinacoes_unidade","446397","MANTEIGA, TIPO: EXTRA , COMPOSIÇÃO: COM SAL , TRATAMENTO: MATURADA ",0.000896096954917954
445485,"Água mineral sem gás retornável","n_combinacoes_unidade","462684","DOCE NÃO CONFEITADO, TIPO: EM CALDA , SABOR: PÊSSEGO ",0.000747579402197652
445485,"Água mineral sem gás retornável","n_combinacoes_unidade","339479","TEMPERO, TIPO: CALDO , APRESENTAÇÃO: PÓ , APLICAÇÃO: USO CULINÁRIO , SABOR: CARNE ",0.000734603497628985
445485,"Água mineral sem gás retornável","n_combinacoes_unidade","461092","SAL, TIPO: REFINADO , APLICAÇÃO: ALIMENTÍCIA , TEOR MÁXIMO SÓDIO: 390 MG/G, ADITIVOS: IODATO DE POTASSIO E ANTIUMECTANTE FERROCIANETO DE ",0.000412602160732991
445485,"Água mineral sem gás retornável","median_preco","249817","VINAGRE, MATÉRIA-PRIMA: VINHO TINTO , TIPO: NEUTRO , ACIDEZ: 4 PER, ASPECTO FÍSICO: LÍQUIDO , ASPECTO VISUAL: LÍMPIDO E SEM DEPÓSITOS ",0.0267880540268288
445485,"Água mineral sem gás retornável","median_preco","463778","LEGUME IN NATURA, TIPO: CHUCHU VERDE ",0.0226656838091916
445485,"Água mineral sem gás retornável","median_preco","217096","VINAGRE, MATÉRIA-PRIMA: ÁLCOOL CANA DE AÇÚCAR , TIPO: NEUTRO , ACIDEZ: 4,20 PER, ASPECTO FÍSICO: LÍQUIDO , ASPECTO VISUAL: LÍMPIDO E SEM DEPÓSITOS ",0.0219430609167884
445485,"Água mineral sem gás retornável","median_preco","463839","VERDURA IN NATURA, TIPO: REPOLHO BRANCO / VERDE ",0.0217656315960789
445485,"Água mineral sem gás retornável","median_preco","463764","LEGUME IN NATURA, TIPO: BERINJELA ",0.0210032194798796
445485,"Água mineral sem gás retornável","median_preco","467358","BARRA NUTRICIONAL, COMPOSIÇÃO BÁSICA: DE FLOCOS DE CEREAIS , INGREDIENTES ADICIONAIS: FRUTAS SECAS E MEL ",0.0207805763884484
445485,"Água mineral sem gás retornável","median_preco","249818","VINAGRE, MATÉRIA-PRIMA: VINHO BRANCO , TIPO: NEUTRO , ACIDEZ: 4 PER, ASPECTO FÍSICO: LÍQUIDO , ASPECTO VISUAL: LÍMPIDO E SEM DEPÓSITOS ",0.0201682886686897
445485,"Água mineral sem gás retornável","median_preco","445479","ÁGUA MINERAL NATURAL, TIPO: COM GÁS , MATERIAL EMBALAGEM: PLÁSTICO , TIPO EMBALAGEM: DESCARTÁVEL ",0.0201613105199537
445485,"Água mineral sem gás retornável","median_preco","446617","OVO, ORIGEM: GALINHA , GRUPO: BRANCO , CLASSE: A , TIPO: EXTRA ",0.0199633001006875
445485,"Água mineral sem gás retornável","median_preco","446625","OVO, ORIGEM: CODORNA ",0.0199415204966735
445485,"Água mineral sem gás retornável","median_preco","446619","OVO, ORIGEM: GALINHA , GRUPO: BRANCO , CLASSE: A , TIPO: MÉDIO ",0.0197772853548701
445485,"Água mineral sem gás retornável","median_preco","464395","FRUTA, TIPO: LARANJA BAHIA / LARANJA UMBIGO , APRESENTAÇÃO: NATURAL ",0.0195873811437038
445485,"Água mineral sem gás retornável","median_preco","446618","OVO, ORIGEM: GALINHA , GRUPO: BRANCO , CLASSE: A , TIPO: GRANDE ",0.0193748697669773
445485,"Água mineral sem gás retornável","median_preco","467577","OVO, ORIGEM: GALINHA , GRUPO: BRANCO , CLASSE: A , TIPO: JUMBO ",0.0193182853742094
445485,"Água mineral sem gás retornável","median_preco","291893","SAL, TIPO: REFINADO , APLICAÇÃO: ALIMENTÍCIA , CARACTERÍSTICAS ADICIONAIS: TEOR MÍNIMO CLORETO DE SÓDIO 98,5% ",0.0189385072665988
445485,"Água mineral sem gás retornável","median_preco","463749","LEGUME IN NATURA, TIPO: ABOBRINHA ITALIANA ",0.0189367460815762
445485,"Água mineral sem gás retornável","median_preco","463747","LEGUME IN NATURA, TIPO: ABÓBORA PAULISTA ",0.0187992796112574
445485,"Água mineral sem gás retornável","median_preco","463818","VERDURA IN NATURA, TIPO: ACELGA ",0.0186832905583096
445485,"Água mineral sem gás retornável","median_preco","446622","OVO, ORIGEM: GALINHA , GRUPO: VERMELHO , CLASSE: A , TIPO: GRANDE ",0.0186728659747491
445485,"Água mineral sem gás retornável","median_preco","463768","LEGUME IN NATURA, TIPO: BETERRABA , APRESENTAÇÃO: ORGÂNICO ",0.0183549815332566
445485,"Água mineral sem gás retornável","median_preco","445488","ÁGUA MINERAL NATURAL, TIPO: ESPECIAL COM GÁS , MATERIAL EMBALAGEM: PLÁSTICO , TIPO EMBALAGEM: DESCARTÁVEL ",0.0182690674103035
445485,"Água mineral sem gás retornável","median_preco","470688","FARINHA DE MILHO, GRÃO: AMARELO , TIPO: FUBÁ , CARACTERÍSTICA ADICIONAL: NÃO TRANSGÊNICO ",0.0182041948370599
445485,"Água mineral sem gás retornável","median_preco","458904","ARROZ BENEFICIADO, TIPO: AGULHINHA/BRANCO , SUBGRUPO: POLIDO , CLASSE: LONGO FINO , QUALIDADE: TIPO 1 ",0.018035507337627
445485,"Água mineral sem gás retornável","median_preco","463748","LEGUME IN NATURA, TIPO: ABÓBORA CABOTIÁ / JAPONESA ",0.0178942416754072
445485,"Água mineral sem gás retornável","median_preco","464436","FRUTA, TIPO: TANGERINA PONCAN , APRESENTAÇÃO: NATURAL ",0.0171715580829781
445485,"Água mineral sem gás retornável","median_preco","217783","REFRIGERANTE, MATERIAL: ÁGUA GASOSA/XAROPE , SABOR: UVA ",0.016531267299478
445485,"Água mineral sem gás retornável","median_preco","217777","GELO, MATERIAL: ÁGUA FILTRADA , APRESENTAÇÃO: CUBOS ",0.0163301947077483
445485,"Água mineral sem gás retornável","median_preco","461092","SAL, TIPO: REFINADO , APLICAÇÃO: ALIMENTÍCIA , TEOR MÁXIMO SÓDIO: 390 MG/G, ADITIVOS: IODATO DE POTASSIO E ANTIUMECTANTE FERROCIANETO DE ",0.0157098166093355
445485,"Água mineral sem gás retornável","median_preco","454017","SAL, TIPO: REFINADO , APLICAÇÃO: ALIMENTÍCIA , TEOR MÁXIMO SÓDIO: 390 MG/G, ACIDEZ: 7,0 PH",0.0155868337113451
445485,"Água mineral sem gás retornável","median_preco","217785","REFRIGERANTE, MATERIAL: ÁGUA GASOSA/XAROPE , SABOR: GUARANÁ ",0.0152172576925361
445485,"Água mineral sem gás retornável","median_preco","460265","FARINHA DE TRIGO, GRUPO: DOMÉSTICO , TIPO: TIPO 1, ESPECIAL , INGREDIENTE ADICIONAL: COM FERMENTO, FORTIFICADA COM FERRO E ÁCIDO FÓLICO ",0.0152010635016062
445485,"Água mineral sem gás retornável","median_preco","465332","FARINHA DE TRIGO, GRUPO: INDUSTRIAL , TIPO: TIPO 1, ESPECIAL , INGREDIENTE ADICIONAL: SEM FERMENTO ",0.0150620060539244
445485,"Água mineral sem gás retornável","median_preco","464410","FRUTA, TIPO: MANGA ROSA , APRESENTAÇÃO: NATURAL ",0.014744265601336
445485,"Água mineral sem gás retornável","median_preco","460263","FARINHA DE TRIGO, GRUPO: DOMÉSTICO , TIPO: TIPO 1, ESPECIAL , INGREDIENTE ADICIONAL: FORTIFICADA COM FERRO E ÁCIDO FÓLICO ",0.0145899251643559
445485,"Água mineral sem gás retornável","median_preco","458910","ARROZ BENEFICIADO, TIPO: PARBOILIZADO , SUBGRUPO: INTEGRAL , CLASSE: LONGO FINO , QUALIDADE: TIPO 1 ",0.0143568271778817
445485,"Água mineral sem gás retornável","median_preco","454018","SAL, TIPO: GROSSO , APLICAÇÃO: ALIMENTÍCIA , TEOR MÁXIMO SÓDIO: 390 MG/G, ACIDEZ: 7,0 PH",0.0139884035971647
445485,"Água mineral sem gás retornável","median_preco","459672","MASSA DE TOMATE, TIPO: MOLHO PRONTO , COMPOSIÇÃO: TRADICIONAL , APRESENTAÇÃO: LÍQUIDO ",0.0139252922707544
445485,"Água mineral sem gás retornável","median_preco","464374","FRUTA, TIPO: ABACAXI PÉROLA , APRESENTAÇÃO: NATURAL ",0.0138832283253042
445485,"Água mineral sem gás retornável","median_preco","458908","ARROZ BENEFICIADO, TIPO: PARBOILIZADO , SUBGRUPO: POLIDO , CLASSE: LONGO FINO , QUALIDADE: TIPO 1 ",0.0138730363975941
445485,"Água mineral sem gás retornável","median_preco","463551","ACHOCOLATADO, APRESENTAÇÃO: LÍQUIDO , SABOR: TRADICIONAL , CARACTERÍSTICA ADICIONAL: ENRIQUECIDO COM VITAMINAS ",0.013455851288261
445485,"Água mineral sem gás retornável","median_preco","242454","MISTURA ALIMENTÍCIA, INGREDIENTES: FARINHA DE TRIGO, SAL, ESTABILIZANTE ETXXV, ENZI - , SABOR: NATURAL , APLICAÇÃO: PÃO FRANCÊS ",0.0134135974659316
445485,"Água mineral sem gás retornável","median_preco","463829","VERDURA IN NATURA, TIPO: REPOLHO ROXO ",0.0132470955601392
445485,"Água mineral sem gás retornável","median_preco","464393","FRUTA, TIPO: LARANJA PERA , APRESENTAÇÃO: NATURAL ",0.0130913488063064
445485,"Água mineral sem gás retornável","median_preco","459017","FARINHA DE MILHO, GRÃO: AMARELO , TIPO: FLOCADA , APRESENTAÇÃO: PRÉ-COZIDA , CARACTERÍSTICA ADICIONAL: TRANSGÊNICO , INGREDIENTE ADICIONAL: FORTIFICADA COM FERRO E ÁCIDO FÓLICO ",0.0130217801444448
445485,"Água mineral sem gás retornável","median_preco","464418","FRUTA, TIPO: MELANCIA VERMELHA , APRESENTAÇÃO: NATURAL ",0.0124398863586912
445485,"Água mineral sem gás retornável","median_preco","463767","LEGUME IN NATURA, TIPO: BETERRABA ",0.012427696813052
445485,"Água mineral sem gás retornável","median_preco","464407","FRUTA, TIPO: MANGA PALMER , APRESENTAÇÃO: NATURAL ",0.0121696634659276
445485,"Água mineral sem gás retornável","median_preco","463796","LEGUME IN NATURA, TIPO: PEPINO ",0.0120317660652614
445485,"Água mineral sem gás retornável","median_preco","464381","FRUTA, TIPO: BANANA PRATA / BANANA BRANCA , APRESENTAÇÃO: NATURAL ",0.0120042872797294
445485,"Água mineral sem gás retornável","median_preco","217781","REFRIGERANTE, MATERIAL: ÁGUA GASOSA/XAROPE , SABOR: LARANJA ",0.0117633624220309
445485,"Água mineral sem gás retornável","median_preco","445995","LEITE FLUIDO, ORIGEM: DE VACA , TIPO: A , TEOR GORDURA: INTEGRAL , PROCESSAMENTO: UHT ",0.0106626800628251
445485,"Água mineral sem gás retornável","median_preco","463754","LEGUME IN NATURA, TIPO: BATATA INGLESA ",0.0105525888879871
445485,"Água mineral sem gás retornável","median_preco","464449","FRUTA, TIPO: BANANA PRATA / BANANA BRANCA , APRESENTAÇÃO: NATURAL , ADICIONAL: ORGÂNICA ",0.0105256162058762
445485,"Água mineral sem gás retornável","median_preco","464422","FRUTA, TIPO: MELÃO AMARELO , APRESENTAÇÃO: NATURAL ",0.0101153750661586
445485,"Água mineral sem gás retornável","median_preco","217784","REFRIGERANTE, MATERIAL: ÁGUA GASOSA/XAROPE , SABOR: COLA ",0.0100782500343748
445485,"Água mineral sem gás retornável","median_preco","463753","LEGUME IN NATURA, TIPO: BATATA DOCE ",0.00995503431177712
445485,"Água mineral sem gás retornável","median_preco","464380","FRUTA, TIPO: BANANA NANICA / BANANA D'ÁGUA , APRESENTAÇÃO: NATURAL ",0.00922757498936715
445485,"Água mineral sem gás retornável","median_preco","463770","LEGUME IN NATURA, TIPO: CENOURA ",0.00896624363299219
445485,"Água mineral sem gás retornável","median_preco","458918","FARINHA DE MANDIOCA, GRUPO: SECA , SUBGRUPO: BRANCA , CLASSE: FINA , ASPECTO FÍSICO: TIPO 1 , ACIDEZ: BAIXA ACIDEZ ",0.00830524727226419
445485,"Água mineral sem gás retornável","median_preco","464406","FRUTA, TIPO: MANGA TOMMY , APRESENTAÇÃO: NATURAL ",0.00746105641026239
445485,"Água mineral sem gás retornável","median_preco","463751","LEGUME IN NATURA, TIPO: ABOBRINHA DE PESCOÇO / MENINA ",0.00710640829369292
445485,"Água mineral sem gás retornável","median_preco","217782","REFRIGERANTE, MATERIAL: ÁGUA GASOSA/XAROPE , SABOR: LIMÃO ",0.0066931494739284
445485,"Água mineral sem gás retornável","median_preco","463746","LEGUME IN NATURA, TIPO: ABÓBORA MORANGA ",0.00640848252699311
445485,"Água mineral sem gás retornável","median_preco","464404","FRUTA, TIPO: MAMÃO PAPAIA / MAMÃO AMAZÔNIA , APRESENTAÇÃO: NATURAL ",0.00602884485167748
445485,"Água mineral sem gás retornável","median_preco","464398","FRUTA, TIPO: LIMÃO TAITI , APRESENTAÇÃO: NATURAL ",0.00580191467626748
445485,"Água mineral sem gás retornável","median_preco","467418","FRUTA, TIPO: MAMÃO FORMOSA , APRESENTAÇÃO: NATURAL , ADICIONAL: ORGÂNICA ",0.00529589485319523
445485,"Água mineral sem gás retornável","median_preco","464405","FRUTA, TIPO: MAMÃO FORMOSA , APRESENTAÇÃO: NATURAL ",0.00507011588871939
445485,"Água mineral sem gás retornável","median_preco","463795","LEGUME IN NATURA, TIPO: MANDIOCA / AIPIM ",0.0047943713305221
445485,"Água mineral sem gás retornável","median_preco","464435","FRUTA, TIPO: TANGERINA / BERGAMOTA , APRESENTAÇÃO: NATURAL ",0.00475410274827321
445485,"Água mineral sem gás retornável","median_preco","463781","LEGUME IN NATURA, TIPO: CEBOLA BRANCA ",0.00416483292106981
445485,"Água mineral sem gás retornável","median_preco","463782","LEGUME IN NATURA, TIPO: CEBOLA AMARELA ",0.00158925125651043
445485,"Água mineral sem gás retornável","median_preco","463784","LEGUME IN NATURA, TIPO: CEBOLA BRANCA , APRESENTAÇÃO: ORGÂNICO ",0.00158925125651043
445485,"Água mineral sem gás retornável","median_preco","481121","VERDURA IN NATURA*, TIPO: REPOLHO VERDE , ESPÉCIE: COMUM , APLICAÇÃO: CULINÁRIA EM GERAL , CARACTERÍSTICAS ADICIONAIS: 1ª QUALIDADE/FOLHA VERDE VIVO/SEM FUNGOS. ",0.00158925125651043
463990,"Açúcar cristal orgânico","n_fornecedores","447446","CARNE BOVINA IN NATURA, TIPO CORTE: PATINHO , APRESENTAÇÃO: MOIDA , ESTADO DE CONSERVAÇÃO: CONGELADO(A) ",0.0590187231514886
463990,"Açúcar cristal orgânico","n_fornecedores","298881","SUCO, APRESENTAÇÃO: LÍQUIDO , SABOR: UVA , TIPO: NATURAL , CARACTERÍSTICAS ADICIONAIS: PRONTO PARA CONSUMO E EMBALAGEM TIPO LONGA VIDA ",0.0464044921874437
463990,"Açúcar cristal orgânico","n_fornecedores","463970","CEREAL MATINAL/LANCHES, TIPO: FLOCOS PRÉ-COZIDOS , INGREDIENTES PRINCIPAIS: MILHO , INGREDIENTES ADICIONAIS: FORTIFICADO COM VITAMINAS E MINERAIS , CARACTERÍSTICA ADICIONAL: COM AÇÚCAR ",0.0425621522996889
463990,"Açúcar cristal orgânico","n_fornecedores","446626","OVO PROCESSADO, ORIGEM: CODORNA , APRESENTAÇÃO: EM CONSERVA ",0.0404122128589509
463990,"Açúcar cristal orgânico","n_fornecedores","447470","CARNE BOVINA IN NATURA, TIPO CORTE: MAMINHA DA ALCATRA , APRESENTAÇÃO: PEÇA INTEIRA , ESTADO DE CONSERVAÇÃO: CONGELADO(A) ",0.038605719137516
463990,"Açúcar cristal orgânico","n_fornecedores","217138","BISCOITO, APRESENTAÇÃO: REDONDO , SABOR: MORANGO , CLASSIFICAÇÃO: DOCE , CARACTERÍSTICAS ADICIONAIS: COM RECHEIO ",0.0381094901046014
463990,"Açúcar cristal orgânico","n_fornecedores","390172","BISCOITO, SABOR: SALGADO INTEGRAL , TIPO: CLUB SOCIAL ",0.0372102195089593
463990,"Açúcar cristal orgânico","n_fornecedores","339482","BEBIDA LÁCTEA, SABOR: MORANGO , APRESENTAÇÃO: SACO POLIETILENO , CARACTERÍSTICA ADICIONAIS: COM POLPA DE FRUTAS ",0.0367780143550136
463990,"Açúcar cristal orgânico","n_fornecedores","451938","EMBUTIDO, TIPO: LINGUIÇA DE FRANGO , TAMANHO: GROSSA , TIPO PREPARAÇÃO: FRESCA , ESTADO DE CONSERVAÇÃO: CONGELADO(A) ",0.0367724174437087
463990,"Açúcar cristal orgânico","n_fornecedores","463860","CONDIMENTO, TIPO: ALHO , APRESENTAÇÃO: GRANULADO ",0.0366410180676116
463990,"Açúcar cristal orgânico","n_fornecedores","462244","MASSA ALIMENTÍCIA, TIPO: PARA PASTEL , BASE DA MASSA: FARINHA DE TRIGO REFINADA , APRESENTAÇÃO: FRESCA/RESFRIADA , TAMANHO: MÉDIA , FORMATO: DISCOS ",0.0362497485928902
463990,"Açúcar cristal orgânico","n_fornecedores","463636","BISCOITO, SABOR: CEREAIS DIVERSOS , CARACTERÍSTICAS ADICIONAIS: SEM RECHEIO , TIPO: CLUB SOCIAL , INGREDIENTES: AÇÚCAR, FARINHA DE TRIGO E FIBRA ",0.0351837885075328
463990,"Açúcar cristal orgânico","n_fornecedores","436134","ADOÇANTE, ASPECTO FÍSICO: LÍQUIDO , INGREDIENTES: SUCRALOSE, ACESULFAME DE POTáSSIO, BENZOATO DE SÓD , TIPO: DIETÉTICO , CARACTERÍSTICAS ADICIONAIS: ACIDULANTE áCIDO CíTRICO,CITRATO DE SÓDIO ",0.0346414816319474
463990,"Açúcar cristal orgânico","n_fornecedores","462675","DOCE NÃO CONFEITADO, TIPO: EM CALDA , SABOR: FIGO ",0.0343663844931879
463990,"Açúcar cristal orgânico","n_fornecedores","463902","CONDIMENTO, TIPO: GERGELIM , APRESENTAÇÃO: GRÃO ",0.0336142841842978
463990,"Açúcar cristal orgânico","n_fornecedores","458149","TEMPERO, TIPO: CHIMICHURRI À BASE DE ERVAS E ESPECIARIAS , APRESENTAÇÃO: PASTA , APLICAÇÃO: BIFE, CHURRASCO E ASSADO ",0.0331674625349034
463990,"Açúcar cristal orgânico","n_fornecedores","217777","GELO, MATERIAL: ÁGUA FILTRADA , APRESENTAÇÃO: CUBOS ",0.0316644046158642
463990,"Açúcar cristal orgânico","n_fornecedores","442811","SUCO, APRESENTAÇÃO: LÍQUIDO , SABOR: LARANJA , TIPO: INTEGRAL , CARACTERÍSTICAS ADICIONAIS: CONCENTRADO E SEM ADIÇÃO DE AÇÚCAR , VALIDADE: 5 MESES",0.0304502248938347
463990,"Açúcar cristal orgânico","n_fornecedores","462647","DOCE NÃO CONFEITADO, TIPO: MASSA , SABOR: BANANA , FORMA APRESENTAÇÃO: TABLETE ",0.030237639682462
463990,"Açúcar cristal orgânico","n_fornecedores","447414","CARNE BOVINA IN NATURA, TIPO CORTE: COSTELA , APRESENTAÇÃO: PEDAÇO , ESTADO DE CONSERVAÇÃO: CONGELADO(A) ",0.0275363254644497
463990,"Açúcar cristal orgânico","n_fornecedores","463534","CHOCOLATE, TIPO: BRANCO , APRESENTAÇÃO: MASSA , SABOR: TRADICIONAL , PRAZO VALIDADE MÍNIMO: 12 MESES ",0.0268882126590583
463990,"Açúcar cristal orgânico","n_fornecedores","447668","CARNE DEFUMADA, TIPO CORTE: TOUCINHO (BACON) , TIPO ANIMAL: SUÍNA , APRESENTAÇÃO: FATIADA , ESTADO DE CONSERVAÇÃO: RESFRIADO(A) ",0.0245775395499785
463990,"Açúcar cristal orgânico","n_fornecedores","255973","BISCOITO, APRESENTAÇÃO: RETANGULAR , CLASSIFICAÇÃO: SALGADO , TIPO: CLUB SOCIAL , APLICAÇÃO: ALIMENTAÇÃO HUMANA ",0.0241896684631503
463990,"Açúcar cristal orgânico","n_fornecedores","475579","ARROZ BENEFICIADO, TIPO: ARBÓREO , SUBGRUPO: POLIDO , CLASSE: MÉDIO , QUALIDADE: TIPO 1 ",0.0220341102450701
463990,"Açúcar cristal orgânico","n_fornecedores","467201","CARNE SALGADA, TIPO CORTE: PARA FEIJOADA , ORIGEM: CARNE SUÍNA, BOVINA E DE FRANGO , APRESENTAÇÃO: CORTADA , ESTADO DE CONSERVAÇÃO: RESFRIADO(A) ",0.0214378766076595
463990,"Açúcar cristal orgânico","n_fornecedores","466074","CHANTILLY, INGREDIENTES: GORDURA VEGETAL INTERESTERIFICADA, AÇÚCAR, SAL, CA , PRAZO VALIDADE: 12 MÊS, TIPO EMBALAGEM: TETRA PAK ",0.0200432365188685
463990,"Açúcar cristal orgânico","n_fornecedores","464402","FRUTA, TIPO: MAÇÃ RED / MAÇÃ ARGENTINA , APRESENTAÇÃO: NATURAL ",0.0183640587553692
463990,"Açúcar cristal orgânico","n_fornecedores","217139","BISCOITO, APRESENTAÇÃO: REDONDO , SABOR: CHOCOLATE , CLASSIFICAÇÃO: DOCE , CARACTERÍSTICAS ADICIONAIS: COM RECHEIO ",0.0180155062263024
463990,"Açúcar cristal orgânico","n_fornecedores","461710","MOLHO DE MESA, TIPO: BARBECUE , COMPOSIÇÃO: TRADICIONAL , APRESENTAÇÃO: LÍQUIDO ",0.0167266505874645
463990,"Açúcar cristal orgânico","n_fornecedores","462723","GELATINA ALIMENTÍCIA, APRESENTAÇÃO: PÓ , SABOR: SEM SABOR , ORIGEM: VEGETAL , CARACTERÍSTICA ADICIONAL: SEM CORANTES ARTIFICIAIS ",0.0163454135370217
463990,"Açúcar cristal orgânico","n_fornecedores","456469","BISCOITO, SABOR: MAIZENA , CARACTERÍSTICAS ADICIONAIS: SEM LACTOSE , TIPO: BOLACHA , INGREDIENTES: SEM GORDURA TRANS ",0.014719412721436
463990,"Açúcar cristal orgânico","n_fornecedores","353665","CHÁ ALIMENTAÇÃO, TIPO: CAMOMILA , APRESENTAÇÃO: SAQUINHO COM 1 GRAMA ",0.0146738786628468
463990,"Açúcar cristal orgânico","n_fornecedores","478822","AZEITE, ESPÉCIE VEGETAL: DE OLIVA , TIPO: PURO , TEOR DA ACIDEZ: EXTRAVIRGEM - MENOR QUE 0,8% , INGREDIENTES ADICIONAIS: COM ESPECIARIAS ",0.0108991439593402
463990,"Açúcar cristal orgânico","n_fornecedores","463991","AÇÚCAR, TIPO: DE CONFEITEIRO ",0.00708141880298406
463990,"Açúcar cristal orgânico","n_fornecedores","481031","FERMENTO, TIPO: BIOLÓGICO SECO , APRESENTAÇÃO: PÓ , COMPOSIÇÃO: SACCHAROMYCES CEREVISIAE ",0.0043776689870972
463990,"Açúcar cristal orgânico","n_combinacoes_unidade","462244","MASSA ALIMENTÍCIA, TIPO: PARA PASTEL , BASE DA MASSA: FARINHA DE TRIGO REFINADA , APRESENTAÇÃO: FRESCA/RESFRIADA , TAMANHO: MÉDIA , FORMATO: DISCOS ",0.0669244227917617
463990,"Açúcar cristal orgânico","n_combinacoes_unidade","451938","EMBUTIDO, TIPO: LINGUIÇA DE FRANGO , TAMANHO: GROSSA , TIPO PREPARAÇÃO: FRESCA , ESTADO DE CONSERVAÇÃO: CONGELADO(A) ",0.0602843055744997
463990,"Açúcar cristal orgânico","n_combinacoes_unidade","447733","CARNE SALGADA, TIPO CORTE: COXÃO MOLE - CHARQUE , ORIGEM: BOVINA , APRESENTAÇÃO: EM MANTAS , ESTADO DE CONSERVAÇÃO: SECO(A) ",0.0568720817971194
463990,"Açúcar cristal orgânico","n_combinacoes_unidade","481121","VERDURA IN NATURA*, TIPO: REPOLHO VERDE , ESPÉCIE: COMUM , APLICAÇÃO: CULINÁRIA EM GERAL , CARACTERÍSTICAS ADICIONAIS: 1ª QUALIDADE/FOLHA VERDE VIVO/SEM FUNGOS. ",0.0470637715461958
463990,"Açúcar cristal orgânico","n_combinacoes_unidade","463991","AÇÚCAR, TIPO: DE CONFEITEIRO ",0.0448594797056885
463990,"Açúcar cristal orgânico","n_combinacoes_unidade","464441","FRUTA, TIPO: UVA RUBI , APRESENTAÇÃO: NATURAL ",0.0445084402339617
463990,"Açúcar cristal orgânico","n_combinacoes_unidade","464396","FRUTA, TIPO: LARANJA SELETA , APRESENTAÇÃO: NATURAL ",0.0409832497418222
463990,"Açúcar cristal orgânico","n_combinacoes_unidade","447877","FRIOS, VARIEDADE: SALAME , TIPO: ITALIANO , APRESENTAÇÃO: PEÇA INTEIRA , ESTADO DE CONSERVAÇÃO: RESFRIADO(A) ",0.0392015811690393
463990,"Açúcar cristal orgânico","n_combinacoes_unidade","464395","FRUTA, TIPO: LARANJA BAHIA / LARANJA UMBIGO , APRESENTAÇÃO: NATURAL ",0.03383062374953
463990,"Açúcar cristal orgânico","n_combinacoes_unidade","464485","POLPA DE FRUTA, TIPO: CAJÁ , APRESENTAÇÃO: CONGELADA ",0.0311398099330403
463990,"Açúcar cristal orgânico","n_combinacoes_unidade","464587","LEGUME PROCESSADO, TIPO: BATATA , FORMATO: PALITO , PREPARO: PRÉ FRITO , APRESENTAÇÃO: CONGELADO ",0.0298761386589104
463990,"Açúcar cristal orgânico","n_combinacoes_unidade","464414","FRUTA, TIPO: MARACUJÁ DOCE , APRESENTAÇÃO: NATURAL ",0.0291341198534176
463990,"Açúcar cristal orgânico","n_combinacoes_unidade","463784","LEGUME IN NATURA, TIPO: CEBOLA BRANCA , APRESENTAÇÃO: ORGÂNICO ",0.0251516744764937
463990,"Açúcar cristal orgânico","n_combinacoes_unidade","447873","CARNE DE AVE IN NATURA, TIPO ANIMAL: PERU , TIPO CORTE: COM MIÚDOS , APRESENTAÇÃO: INTEIRO , ESTADO DE CONSERVAÇÃO: CONGELADO(A) , PROCESSAMENTO: TEMPERADA ",0.0236447869750397
463990,"Açúcar cristal orgânico","n_combinacoes_unidade","447439","CARNE BOVINA IN NATURA, TIPO CORTE: COXÃO DURO , APRESENTAÇÃO: PEÇA INTEIRA , ESTADO DE CONSERVAÇÃO: CONGELADO(A) ",0.0226743299844451
463990,"Açúcar cristal orgânico","n_combinacoes_unidade","481106","LEGUME IN NATURA*, TIPO: TOMATE , ESPÉCIE: BRASILEIRA , CARACTERÍSTICAS ADICIONAIS: COMUM ",0.0220658280568822
463990,"Açúcar cristal orgânico","n_combinacoes_unidade","463923","CONDIMENTO, TIPO: PIMENTA DE CHEIRO , APRESENTAÇÃO: NATURAL ",0.0220344541783452
463990,"Açúcar cristal orgânico","n_combinacoes_unidade","464407","FRUTA, TIPO: MANGA PALMER , APRESENTAÇÃO: NATURAL ",0.0214685392575212
463990,"Açúcar cristal orgânico","n_combinacoes_unidade","447508","CARNE SUÍNA IN NATURA, TIPO CORTE: CARRÉ (BISTECA) , APRESENTAÇÃO: FATIADA , PROCESSAMENTO: COM OSSO , ESTADO DE CONSERVAÇÃO: CONGELADO(A) ",0.0206642570712035
463990,"Açúcar cristal orgânico","n_combinacoes_unidade","463768","LEGUME IN NATURA, TIPO: BETERRABA , APRESENTAÇÃO: ORGÂNICO ",0.0192093174929546
463990,"Açúcar cristal orgânico","n_combinacoes_unidade","447518","CARNE SUÍNA IN NATURA, TIPO CORTE: LOMBO , APRESENTAÇÃO: PEÇA INTEIRA , ESTADO DE CONSERVAÇÃO: CONGELADO(A) ",0.0191348117736087
463990,"Açúcar cristal orgânico","n_combinacoes_unidade","464449","FRUTA, TIPO: BANANA PRATA / BANANA BRANCA , APRESENTAÇÃO: NATURAL , ADICIONAL: ORGÂNICA ",0.0188071720198056
463990,"Açúcar cristal orgânico","n_combinacoes_unidade","464376","FRUTA, TIPO: BANANA MAÇÃ , APRESENTAÇÃO: NATURAL ",0.0186676053063424
463990,"Açúcar cristal orgânico","n_combinacoes_unidade","448897","PEIXE IN NATURA, VARIEDADE: MERLUZA , TIPO CORTE: FILÉ , APRESENTAÇÃO: SEM PELE , ESTADO DE CONSERVAÇÃO: CONGELADO(A) ",0.0180480291851725
463990,"Açúcar cristal orgânico","n_combinacoes_unidade","447581","CARNE DE AVE IN NATURA, TIPO ANIMAL: FRANGO , TIPO CORTE: FILÉ DE PEITO , APRESENTAÇÃO: FATIADO , ESTADO DE CONSERVAÇÃO: CONGELADO(A) , PROCESSAMENTO: SEM PELE, SEM OSSO ",0.0170782664513804
463990,"Açúcar cristal orgânico","n_combinacoes_unidade","447770","FRIOS, VARIEDADE: PRESUNTO DE PERNIL , TIPO PREPARAÇÃO: COZIDO , COMPOSIÇÃO: COM CAPA DE GORDURA , APRESENTAÇÃO: PEÇA INTEIRA , ESTADO DE CONSERVAÇÃO: RESFRIADO(A) ",0.0161925985658022
463990,"Açúcar cristal orgânico","n_combinacoes_unidade","446680","QUEIJO, ORIGEM: DE VACA , VARIEDADE: PROVOLONE , APRESENTAÇÃO: PEÇA ",0.0161206066606247
463990,"Açúcar cristal orgânico","n_combinacoes_unidade","466074","CHANTILLY, INGREDIENTES: GORDURA VEGETAL INTERESTERIFICADA, AÇÚCAR, SAL, CA , PRAZO VALIDADE: 12 MÊS, TIPO EMBALAGEM: TETRA PAK ",0.0158520050155883
463990,"Açúcar cristal orgânico","n_combinacoes_unidade","447414","CARNE BOVINA IN NATURA, TIPO CORTE: COSTELA , APRESENTAÇÃO: PEDAÇO , ESTADO DE CONSERVAÇÃO: CONGELADO(A) ",0.0158496280962483
463990,"Açúcar cristal orgânico","n_combinacoes_unidade","447668","CARNE DEFUMADA, TIPO CORTE: TOUCINHO (BACON) , TIPO ANIMAL: SUÍNA , APRESENTAÇÃO: FATIADA , ESTADO DE CONSERVAÇÃO: RESFRIADO(A) ",0.0147689290573089
463990,"Açúcar cristal orgânico","n_combinacoes_unidade","464371","FRUTA, TIPO: ABACATE MANTEIGA , APRESENTAÇÃO: NATURAL ",0.014744199660957
463990,"Açúcar cristal orgânico","n_combinacoes_unidade","447470","CARNE BOVINA IN NATURA, TIPO CORTE: MAMINHA DA ALCATRA , APRESENTAÇÃO: PEÇA INTEIRA , ESTADO DE CONSERVAÇÃO: CONGELADO(A) ",0.0116514271071504
463990,"Açúcar cristal orgânico","n_combinacoes_unidade","446639","QUEIJO, ORIGEM: DE VACA , VARIEDADE: PRATO , APRESENTAÇÃO: PEÇA ",0.0106788910825224
463990,"Açúcar cristal orgânico","n_combinacoes_unidade","447431","CARNE BOVINA IN NATURA, TIPO CORTE: COXÃO MOLE , APRESENTAÇÃO: PEÇA INTEIRA , ESTADO DE CONSERVAÇÃO: CONGELADO(A) ",0.0102994454361356
463990,"Açúcar cristal orgânico","n_combinacoes_unidade","464392","FRUTA, TIPO: GOIABA VERMELHA , APRESENTAÇÃO: NATURAL ",0.0100597043175965
463990,"Açúcar cristal orgânico","n_combinacoes_unidade","448953","PEIXE IN NATURA, VARIEDADE: TILÁPIA , TIPO CORTE: FILÉ , APRESENTAÇÃO: SEM PELE , ESTADO DE CONSERVAÇÃO: CONGELADO(A) ",0.00874277369821807
463990,"Açúcar cristal orgânico","n_combinacoes_unidade","467418","FRUTA, TIPO: MAMÃO FORMOSA , APRESENTAÇÃO: NATURAL , ADICIONAL: ORGÂNICA ",0.00843272068301301
463990,"Açúcar cristal orgânico","n_combinacoes_unidade","447484","CARNE BOVINA IN NATURA, TIPO CORTE: FÍGADO , APRESENTAÇÃO: PEÇA INTEIRA , ESTADO DE CONSERVAÇÃO: CONGELADO(A) ",0.00741293567603053
463990,"Açúcar cristal orgânico","n_combinacoes_unidade","339482","BEBIDA LÁCTEA, SABOR: MORANGO , APRESENTAÇÃO: SACO POLIETILENO , CARACTERÍSTICA ADICIONAIS: COM POLPA DE FRUTAS ",0.00676275604685369
463990,"Açúcar cristal orgânico","n_combinacoes_unidade","446636","QUEIJO, ORIGEM: DE VACA , VARIEDADE: MUÇARELA , APRESENTAÇÃO: FATIADO ",0.00662564116085222
463990,"Açúcar cristal orgânico","n_combinacoes_unidade","464493","POLPA DE FRUTA, TIPO: AÇAÍ , APRESENTAÇÃO: CONGELADA ",0.00645560244284975
463990,"Açúcar cristal orgânico","n_combinacoes_unidade","464400","FRUTA, TIPO: MAÇÃ GALA , APRESENTAÇÃO: NATURAL ",0.00530695120402644
463990,"Açúcar cristal orgânico","n_combinacoes_unidade","464390","FRUTA, TIPO: COCO VERDE , APRESENTAÇÃO: NATURAL ",0.00504108851754138
463990,"Açúcar cristal orgânico","n_combinacoes_unidade","463791","LEGUME IN NATURA, TIPO: MAXIXE ",0.00457266841868669
463990,"Açúcar cristal orgânico","n_combinacoes_unidade","463805","LEGUME IN NATURA, TIPO: TOMATE ITALIANO ",0.00389587220196432
463990,"Açúcar cristal orgânico","n_combinacoes_unidade","447594","CARNE DE AVE IN NATURA, TIPO ANIMAL: FRANGO , TIPO CORTE: PEITO , APRESENTAÇÃO: INTEIRO , ESTADO DE CONSERVAÇÃO: CONGELADO(A) , PROCESSAMENTO: SEM PELE, SEM OSSO ",0.00292583053851721
463990,"Açúcar cristal orgânico","n_combinacoes_unidade","463807","LEGUME IN NATURA, TIPO: VAGEM MACARRÃO ",0.00259273589774066
463990,"Açúcar cristal orgânico","n_combinacoes_unidade","464367","FRUTA, TIPO: LIMÃO SICILIANO , APRESENTAÇÃO: NATURAL ",0.00168789152958999
463990,"Açúcar cristal orgânico","median_preco","217096","VINAGRE, MATÉRIA-PRIMA: ÁLCOOL CANA DE AÇÚCAR , TIPO: NEUTRO , ACIDEZ: 4,20 PER, ASPECTO FÍSICO: LÍQUIDO , ASPECTO VISUAL: LÍMPIDO E SEM DEPÓSITOS ",0.0731573343672386
463990,"Açúcar cristal orgânico","median_preco","464406","FRUTA, TIPO: MANGA TOMMY , APRESENTAÇÃO: NATURAL ",0.0579615411779106
463990,"Açúcar cristal orgânico","median_preco","463768","LEGUME IN NATURA, TIPO: BETERRABA , APRESENTAÇÃO: ORGÂNICO ",0.0542899856233516
463990,"Açúcar cristal orgânico","median_preco","464395","FRUTA, TIPO: LARANJA BAHIA / LARANJA UMBIGO , APRESENTAÇÃO: NATURAL ",0.0511299370441954
463990,"Açúcar cristal orgânico","median_preco","459017","FARINHA DE MILHO, GRÃO: AMARELO , TIPO: FLOCADA , APRESENTAÇÃO: PRÉ-COZIDA , CARACTERÍSTICA ADICIONAL: TRANSGÊNICO , INGREDIENTE ADICIONAL: FORTIFICADA COM FERRO E ÁCIDO FÓLICO ",0.045743247645077
463990,"Açúcar cristal orgânico","median_preco","464405","FRUTA, TIPO: MAMÃO FORMOSA , APRESENTAÇÃO: NATURAL ",0.0405094095252884
463990,"Açúcar cristal orgânico","median_preco","463782","LEGUME IN NATURA, TIPO: CEBOLA AMARELA ",0.0369487392387253
463990,"Açúcar cristal orgânico","median_preco","463749","LEGUME IN NATURA, TIPO: ABOBRINHA ITALIANA ",0.0346271378368606
463990,"Açúcar cristal orgânico","median_preco","463770","LEGUME IN NATURA, TIPO: CENOURA ",0.0341408701801409
463990,"Açúcar cristal orgânico","median_preco","463809","LEGUME IN NATURA, TIPO: PIMENTÃO VERDE ",0.0336205978548213
463990,"Açúcar cristal orgânico","median_preco","217781","REFRIGERANTE, MATERIAL: ÁGUA GASOSA/XAROPE , SABOR: LARANJA ",0.0306558754401895
463990,"Açúcar cristal orgânico","median_preco","340581","VINAGRE, MATÉRIA-PRIMA: MAÇÃ , TIPO: AROMÁTICO , ACIDEZ: 4,20 PER, ASPECTO FÍSICO: LÍQUIDO , ASPECTO VISUAL: LÍMPIDO E SEM DEPÓSITOS ",0.0302479989811036
463990,"Açúcar cristal orgânico","median_preco","467418","FRUTA, TIPO: MAMÃO FORMOSA , APRESENTAÇÃO: NATURAL , ADICIONAL: ORGÂNICA ",0.0292042014060415
463990,"Açúcar cristal orgânico","median_preco","465332","FARINHA DE TRIGO, GRUPO: INDUSTRIAL , TIPO: TIPO 1, ESPECIAL , INGREDIENTE ADICIONAL: SEM FERMENTO ",0.0282726624171907
463990,"Açúcar cristal orgânico","median_preco","463829","VERDURA IN NATURA, TIPO: REPOLHO ROXO ",0.0276650832276736
463990,"Açúcar cristal orgânico","median_preco","463778","LEGUME IN NATURA, TIPO: CHUCHU VERDE ",0.027081832817465
463990,"Açúcar cristal orgânico","median_preco","463805","LEGUME IN NATURA, TIPO: TOMATE ITALIANO ",0.0267474974337216
463990,"Açúcar cristal orgânico","median_preco","458904","ARROZ BENEFICIADO, TIPO: AGULHINHA/BRANCO , SUBGRUPO: POLIDO , CLASSE: LONGO FINO , QUALIDADE: TIPO 1 ",0.0255769631091773
463990,"Açúcar cristal orgânico","median_preco","463789","LEGUME IN NATURA, TIPO: INHAME ",0.0254580631388959
463990,"Açúcar cristal orgânico","median_preco","458908","ARROZ BENEFICIADO, TIPO: PARBOILIZADO , SUBGRUPO: POLIDO , CLASSE: LONGO FINO , QUALIDADE: TIPO 1 ",0.0254345688219681
463990,"Açúcar cristal orgânico","median_preco","470688","FARINHA DE MILHO, GRÃO: AMARELO , TIPO: FUBÁ , CARACTERÍSTICA ADICIONAL: NÃO TRANSGÊNICO ",0.0250917763111389
463990,"Açúcar cristal orgânico","median_preco","464393","FRUTA, TIPO: LARANJA PERA , APRESENTAÇÃO: NATURAL ",0.0246205848237009
463990,"Açúcar cristal orgânico","median_preco","463764","LEGUME IN NATURA, TIPO: BERINJELA ",0.0236312346121458
463990,"Açúcar cristal orgânico","median_preco","249817","VINAGRE, MATÉRIA-PRIMA: VINHO TINTO , TIPO: NEUTRO , ACIDEZ: 4 PER, ASPECTO FÍSICO: LÍQUIDO , ASPECTO VISUAL: LÍMPIDO E SEM DEPÓSITOS ",0.0191387340552201
463990,"Açúcar cristal orgânico","median_preco","463797","LEGUME IN NATURA, TIPO: MILHO VERDE ",0.0175485119965874
463990,"Açúcar cristal orgânico","median_preco","464449","FRUTA, TIPO: BANANA PRATA / BANANA BRANCA , APRESENTAÇÃO: NATURAL , ADICIONAL: ORGÂNICA ",0.016997710626517
463990,"Açúcar cristal orgânico","median_preco","463767","LEGUME IN NATURA, TIPO: BETERRABA ",0.013861774476869
463990,"Açúcar cristal orgânico","median_preco","464371","FRUTA, TIPO: ABACATE MANTEIGA , APRESENTAÇÃO: NATURAL ",0.0130714477621128
463990,"Açúcar cristal orgânico","median_preco","463780","LEGUME IN NATURA, TIPO: CEBOLA ROXA ",0.012435277012507
463990,"Açúcar cristal orgânico","median_preco","463747","LEGUME IN NATURA, TIPO: ABÓBORA PAULISTA ",0.012041164705161
463990,"Açúcar cristal orgânico","median_preco","463839","VERDURA IN NATURA, TIPO: REPOLHO BRANCO / VERDE ",0.0116235218212278
463990,"Açúcar cristal orgânico","median_preco","458921","FARINHA DE MANDIOCA, GRUPO: SECA , SUBGRUPO: AMARELA TORRADA , CLASSE: FINA , ASPECTO FÍSICO: TIPO 1 , ACIDEZ: BAIXA ACIDEZ ",0.0114793108507588
463990,"Açúcar cristal orgânico","median_preco","458920","FARINHA DE MANDIOCA, GRUPO: SECA , SUBGRUPO: BRANCA TORRADA , CLASSE: FINA , ASPECTO FÍSICO: TIPO 1 , ACIDEZ: BAIXA ACIDEZ ",0.0112333121566661
463990,"Açúcar cristal orgânico","median_preco","217785","REFRIGERANTE, MATERIAL: ÁGUA GASOSA/XAROPE , SABOR: GUARANÁ ",0.0107746602060101
463990,"Açúcar cristal orgânico","median_preco","481121","VERDURA IN NATURA*, TIPO: REPOLHO VERDE , ESPÉCIE: COMUM , APLICAÇÃO: CULINÁRIA EM GERAL , CARACTERÍSTICAS ADICIONAIS: 1ª QUALIDADE/FOLHA VERDE VIVO/SEM FUNGOS. ",0.00718893607726829
463990,"Açúcar cristal orgânico","median_preco","458918","FARINHA DE MANDIOCA, GRUPO: SECA , SUBGRUPO: BRANCA , CLASSE: FINA , ASPECTO FÍSICO: TIPO 1 , ACIDEZ: BAIXA ACIDEZ ",0.00635296850476317
463990,"Açúcar cristal orgânico","median_preco","242454","MISTURA ALIMENTÍCIA, INGREDIENTES: FARINHA DE TRIGO, SAL, ESTABILIZANTE ETXXV, ENZI - , SABOR: NATURAL , APLICAÇÃO: PÃO FRANCÊS ",0.00634260720106631
463990,"Açúcar cristal orgânico","median_preco","463748","LEGUME IN NATURA, TIPO: ABÓBORA CABOTIÁ / JAPONESA ",0.0061370866273891
463990,"Açúcar cristal orgânico","median_preco","464398","FRUTA, TIPO: LIMÃO TAITI , APRESENTAÇÃO: NATURAL ",0.0044924025015052
463990,"Açúcar cristal orgânico","median_preco","464422","FRUTA, TIPO: MELÃO AMARELO , APRESENTAÇÃO: NATURAL ",0.00343733699663787
463990,"Açúcar cristal orgânico","median_preco","464380","FRUTA, TIPO: BANANA NANICA / BANANA D'ÁGUA , APRESENTAÇÃO: NATURAL ",0.00343690419038688
463990,"Açúcar cristal orgânico","median_preco","464374","FRUTA, TIPO: ABACAXI PÉROLA , APRESENTAÇÃO: NATURAL ",0.000502022985683532
463990,"Açúcar cristal orgânico","median_preco","464392","FRUTA, TIPO: GOIABA VERMELHA , APRESENTAÇÃO: NATURAL ",8.71662116404652e-05
603269,"Açúcar cristal comum","n_fornecedores","464381","FRUTA, TIPO: BANANA PRATA / BANANA BRANCA , APRESENTAÇÃO: NATURAL ",0.123117647274573
603269,"Açúcar cristal comum","n_fornecedores","463753","LEGUME IN NATURA, TIPO: BATATA DOCE ",0.075358935052705
603269,"Açúcar cristal comum","n_fornecedores","463770","LEGUME IN NATURA, TIPO: CENOURA ",0.0612228922515355
603269,"Açúcar cristal comum","n_fornecedores","463795","LEGUME IN NATURA, TIPO: MANDIOCA / AIPIM ",0.0568006068037388
603269,"Açúcar cristal comum","n_fornecedores","463822","VERDURA IN NATURA, TIPO: COUVE ",0.0557810881992902
603269,"Açúcar cristal comum","n_fornecedores","464393","FRUTA, TIPO: LARANJA PERA , APRESENTAÇÃO: NATURAL ",0.05293721120893
603269,"Açúcar cristal comum","n_fornecedores","463781","LEGUME IN NATURA, TIPO: CEBOLA BRANCA ",0.050310931823025
603269,"Açúcar cristal comum","n_fornecedores","446019","LEITE EM PÓ, ORIGEM: DE VACA , TEOR GORDURA: INTEGRAL , SOLUBILIDADE: INSTANTÂNEO ",0.0483523379809902
603269,"Açúcar cristal comum","n_fornecedores","464553","LEGUMINOSA, VARIEDADE: FEIJÃO CARIOCA , TIPO: TIPO 1 ",0.0428472095467352
603269,"Açúcar cristal comum","n_fornecedores","463692","ÓLEO VEGETAL COMESTÍVEL, TIPO: PURO , ESPÉCIE VEGETAL: SOJA , TIPO QUALIDADE: TIPO 1 ",0.0428274153579297
603269,"Açúcar cristal comum","n_fornecedores","464418","FRUTA, TIPO: MELANCIA VERMELHA , APRESENTAÇÃO: NATURAL ",0.0407936451360264
603269,"Açúcar cristal comum","n_fornecedores","464405","FRUTA, TIPO: MAMÃO FORMOSA , APRESENTAÇÃO: NATURAL ",0.0318619301804068
603269,"Açúcar cristal comum","n_fornecedores","464398","FRUTA, TIPO: LIMÃO TAITI , APRESENTAÇÃO: NATURAL ",0.0313331921637761
603269,"Açúcar cristal comum","n_fornecedores","464374","FRUTA, TIPO: ABACAXI PÉROLA , APRESENTAÇÃO: NATURAL ",0.0312929157693189
603269,"Açúcar cristal comum","n_fornecedores","463937","CONDIMENTO, TIPO: URUCUM , APRESENTAÇÃO: PÓ ",0.0299127034478536
603269,"Açúcar cristal comum","n_fornecedores","464392","FRUTA, TIPO: GOIABA VERMELHA , APRESENTAÇÃO: NATURAL ",0.0266916275423152
603269,"Açúcar cristal comum","n_fornecedores","463839","VERDURA IN NATURA, TIPO: REPOLHO BRANCO / VERDE ",0.025405887337375
603269,"Açúcar cristal comum","n_fornecedores","458904","ARROZ BENEFICIADO, TIPO: AGULHINHA/BRANCO , SUBGRUPO: POLIDO , CLASSE: LONGO FINO , QUALIDADE: TIPO 1 ",0.0240178527477388
603269,"Açúcar cristal comum","n_fornecedores","463789","LEGUME IN NATURA, TIPO: INHAME ",0.0212938960384625
603269,"Açúcar cristal comum","n_fornecedores","464552","LEGUMINOSA, VARIEDADE: FEIJÃO PRETO , TIPO: TIPO 1 ",0.0173114987252493
603269,"Açúcar cristal comum","n_fornecedores","463778","LEGUME IN NATURA, TIPO: CHUCHU VERDE ",0.017011407621154
603269,"Açúcar cristal comum","n_fornecedores","463796","LEGUME IN NATURA, TIPO: PEPINO ",0.0168035926161554
603269,"Açúcar cristal comum","n_fornecedores","464377","FRUTA, TIPO: BANANA DA TERRA / BANANA COMPRIDA , APRESENTAÇÃO: NATURAL ",0.0149035305217502
603269,"Açúcar cristal comum","n_fornecedores","463699","GORDURA VEGETAL, TIPO: MARGARINA , SUBTIPO: CREMOSA , COMPOSIÇÃO BÁSICA: MÍNIMO DE 80% DE GORDURA , SABOR: COM SAL ",0.0133368292113114
603269,"Açúcar cristal comum","n_fornecedores","463806","LEGUME IN NATURA, TIPO: TOMATE SALADA ",0.0118012971780228
603269,"Açúcar cristal comum","n_fornecedores","464415","FRUTA, TIPO: MARACUJÁ AZEDO / MARACUJÁ AMARELO , APRESENTAÇÃO: NATURAL ",0.0108799798715453
603269,"Açúcar cristal comum","n_fornecedores","464436","FRUTA, TIPO: TANGERINA PONCAN , APRESENTAÇÃO: NATURAL ",0.00854957119460699
603269,"Açúcar cristal comum","n_fornecedores","463746","LEGUME IN NATURA, TIPO: ABÓBORA MORANGA ",0.00593113412879731
603269,"Açúcar cristal comum","n_fornecedores","463767","LEGUME IN NATURA, TIPO: BETERRABA ",0.00587095995589474
603269,"Açúcar cristal comum","n_fornecedores","463754","LEGUME IN NATURA, TIPO: BATATA INGLESA ",0.00532428736910829
603269,"Açúcar cristal comum","n_fornecedores","446618","OVO, ORIGEM: GALINHA , GRUPO: BRANCO , CLASSE: A , TIPO: GRANDE ",0.000115985743679267
603269,"Açúcar cristal comum","n_combinacoes_unidade","460235","BISCOITO, SABOR: SALGADO , CARACTERÍSTICAS ADICIONAIS: INTEGRAL E SEM RECHEIO , TIPO: CREAM CRACKER ",0.0606421755321523
603269,"Açúcar cristal comum","n_combinacoes_unidade","462689","GELÉIA, TIPO: FRUTAS , SABOR: VARIADO ",0.047740873956512
603269,"Açúcar cristal comum","n_combinacoes_unidade","462695","GELÉIA, TIPO: FRUTAS , SABOR: MORANGO , PRAZO VALIDADE MÍNIMO: 12 MESES ",0.0468452228467974
603269,"Açúcar cristal comum","n_combinacoes_unidade","241571","TEMPERO, APRESENTAÇÃO: TABLETE , APLICAÇÃO: USO CULINÁRIO , SABOR: GALINHA ",0.03974446697625
603269,"Açúcar cristal comum","n_combinacoes_unidade","462601","DOCE LEITE, TIPO: TRADICIONAL , PRAZO VALIDADE MÍNIMO: 12 MESES , CARACTERÍSTICA ADICIONAL: ISENTO DE AMIDO ",0.0383445061813448
603269,"Açúcar cristal comum","n_combinacoes_unidade","459667","MOLHO DE MESA, TIPO: MOSTARDA , COMPOSIÇÃO: TRADICIONAL , APRESENTAÇÃO: CREME ",0.0370051800098801
603269,"Açúcar cristal comum","n_combinacoes_unidade","445479","ÁGUA MINERAL NATURAL, TIPO: COM GÁS , MATERIAL EMBALAGEM: PLÁSTICO , TIPO EMBALAGEM: DESCARTÁVEL ",0.0352444539985412
603269,"Açúcar cristal comum","n_combinacoes_unidade","446384","MANTEIGA, TIPO: EXTRA , COMPOSIÇÃO: COM SAL ",0.0339343564240426
603269,"Açúcar cristal comum","n_combinacoes_unidade","241572","TEMPERO, APRESENTAÇÃO: TABLETE , APLICAÇÃO: USO CULINÁRIO , SABOR: CARNE ",0.0310133004692348
603269,"Açúcar cristal comum","n_combinacoes_unidade","467430","MOLHO DE MESA, TIPO: SALADA , COMPOSIÇÃO: COM SABOR , APRESENTAÇÃO: LÍQUIDO ",0.0290861338452267
603269,"Açúcar cristal comum","n_combinacoes_unidade","217132","BISCOITO, APRESENTAÇÃO: RETANGULAR , SABOR: MAIZENA , CLASSIFICAÇÃO: DOCE , CARACTERÍSTICAS ADICIONAIS: SEM RECHEIO ",0.0275878945825617
603269,"Açúcar cristal comum","n_combinacoes_unidade","339479","TEMPERO, TIPO: CALDO , APRESENTAÇÃO: PÓ , APLICAÇÃO: USO CULINÁRIO , SABOR: CARNE ",0.0269712339740889
603269,"Açúcar cristal comum","n_combinacoes_unidade","326671","SUCO, APRESENTAÇÃO: LÍQUIDO , SABOR: VARIADO , TIPO: INDUSTRIALIZADO , CARACTERÍSTICAS ADICIONAIS: POLPA DE FRUTA NATURAL ",0.0260048240294651
603269,"Açúcar cristal comum","n_combinacoes_unidade","396125","SUCO, APRESENTAÇÃO: PÓ , SABOR: VARIADO , TIPO: ARTIFICIAL ",0.0253939839280365
603269,"Açúcar cristal comum","n_combinacoes_unidade","291893","SAL, TIPO: REFINADO , APLICAÇÃO: ALIMENTÍCIA , CARACTERÍSTICAS ADICIONAIS: TEOR MÍNIMO CLORETO DE SÓDIO 98,5% ",0.0252618423944
603269,"Açúcar cristal comum","n_combinacoes_unidade","459645","LEGUME EM CONSERVA, TIPO: AZEITONA PRETA , TAMANHO: GRANDE , APRESENTAÇÃO: SEM CAROÇO ",0.0233850539200223
603269,"Açúcar cristal comum","n_combinacoes_unidade","235092","BISCOITO, APRESENTAÇÃO: QUADRADO , CLASSIFICAÇÃO: SALGADO , TIPO: CREAM CRACKER ",0.0209187094287325
603269,"Açúcar cristal comum","n_combinacoes_unidade","460263","FARINHA DE TRIGO, GRUPO: DOMÉSTICO , TIPO: TIPO 1, ESPECIAL , INGREDIENTE ADICIONAL: FORTIFICADA COM FERRO E ÁCIDO FÓLICO ",0.020699285752264
603269,"Açúcar cristal comum","n_combinacoes_unidade","447702","EMBUTIDO, TIPO: LINGUIÇA CALABRESA , TAMANHO: GROSSA , TIPO PREPARAÇÃO: DEFUMADA , ESTADO DE CONSERVAÇÃO: RESFRIADO(A) ",0.0205493784140602
603269,"Açúcar cristal comum","n_combinacoes_unidade","461092","SAL, TIPO: REFINADO , APLICAÇÃO: ALIMENTÍCIA , TEOR MÁXIMO SÓDIO: 390 MG/G, ADITIVOS: IODATO DE POTASSIO E ANTIUMECTANTE FERROCIANETO DE ",0.0202158963968741
603269,"Açúcar cristal comum","n_combinacoes_unidade","463930","CONDIMENTO, TIPO: SALSA , APRESENTAÇÃO: NATURAL ",0.018689110785829
603269,"Açúcar cristal comum","n_combinacoes_unidade","464014","LEITE CONDENSADO, TIPO: INTEGRAL , INGREDIENTE BÁSICO: LEITE IN NATURA ",0.0184770291403963
603269,"Açúcar cristal comum","n_combinacoes_unidade","459658","MOLHO DE MESA, TIPO: MAIONESE , COMPOSIÇÃO: TRADICIONAL , APRESENTAÇÃO: CREME ",0.0171607695398592
603269,"Açúcar cristal comum","n_combinacoes_unidade","463857","CONDIMENTO, TIPO: AÇAFRÃO , APRESENTAÇÃO: PÓ ",0.0160661235796653
603269,"Açúcar cristal comum","n_combinacoes_unidade","459077","AMIDO, BASE: DE MILHO ",0.0159497142030623
603269,"Açúcar cristal comum","n_combinacoes_unidade","471259","CHOCOLATE, TIPO: PRETO , APRESENTAÇÃO: GRANULADO , SABOR: TRADICIONAL ",0.0156124406657479
603269,"Açúcar cristal comum","n_combinacoes_unidade","233886","CHÁ ALIMENTAÇÃO, TIPO: CHÁ MATE , USO: ALIMENTÍCIO ",0.0148497725371909
603269,"Açúcar cristal comum","n_combinacoes_unidade","463547","CHOCOLATE, TIPO: PRETO , APRESENTAÇÃO: PÓ , SABOR: TRADICIONAL , CARACTERÍSTICA ADICIONAL: 50 % CACAU ",0.0147806116991676
603269,"Açúcar cristal comum","n_combinacoes_unidade","304977","BISCOITO, APRESENTAÇÃO: WAFFER , SABOR: VARIADO ",0.0137328985229391
603269,"Açúcar cristal comum","n_combinacoes_unidade","464011","LEITE CÔCO, TIPO: INTEGRAL , PRAZO VALIDADE MÍNIMO: 12 MESES ",0.0137202789428655
603269,"Açúcar cristal comum","n_combinacoes_unidade","465332","FARINHA DE TRIGO, GRUPO: INDUSTRIAL , TIPO: TIPO 1, ESPECIAL , INGREDIENTE ADICIONAL: SEM FERMENTO ",0.0134720475478857
603269,"Açúcar cristal comum","n_combinacoes_unidade","481109","VERDURA IN NATURA*, TIPO: COUVE , ESPÉCIE: COMUM/MANTEIGA , CARACTERÍSTICAS ADICIONAIS: 1ª QUALIDADE/FOLHA VERDE VIVO/SEM FUNGOS. ",0.0127720532871973
603269,"Açúcar cristal comum","n_combinacoes_unidade","446671","QUEIJO, ORIGEM: DE VACA , VARIEDADE: REQUEIJÃO , APRESENTAÇÃO: CREMOSO ",0.0126110423372781
603269,"Açúcar cristal comum","n_combinacoes_unidade","460401","PÃO, BASE: DE FARINHA DE TRIGO REFINADA , TIPO: DE FORMA , TIPO ADICIONAL: TRADICIONAL , APRESENTAÇÃO: FATIADO , TIPO EMBALAGEM: EMBALAGEM INDIVIDUAL ",0.012155144645588
603269,"Açúcar cristal comum","n_combinacoes_unidade","459663","MOLHO DE MESA, TIPO: CATCHUP , COMPOSIÇÃO: TRADICIONAL , APRESENTAÇÃO: CREME ",0.0119496692810883
603269,"Açúcar cristal comum","n_combinacoes_unidade","217781","REFRIGERANTE, MATERIAL: ÁGUA GASOSA/XAROPE , SABOR: LARANJA ",0.0113295576754945
603269,"Açúcar cristal comum","n_combinacoes_unidade","462824","LEGUME EM CONSERVA, TIPO: MILHO VERDE ",0.0108641529895887
603269,"Açúcar cristal comum","n_combinacoes_unidade","462679","DOCE NÃO CONFEITADO, TIPO: MASSA , SABOR: GOIABA ",0.0101454241468247
603269,"Açúcar cristal comum","n_combinacoes_unidade","463920","CONDIMENTO, TIPO: PIMENTA DO REINO , APRESENTAÇÃO: MOÍDO ",0.00993242961966849
603269,"Açúcar cristal comum","n_combinacoes_unidade","459596","FERMENTO, TIPO: BIOLÓGICO SECO , APRESENTAÇÃO: PÓ GRANULADO ",0.0087602728823511
603269,"Açúcar cristal comum","n_combinacoes_unidade","463916","CONDIMENTO, TIPO: ORÉGANO , APRESENTAÇÃO: DESIDRATADO ",0.00872206948556527
603269,"Açúcar cristal comum","n_combinacoes_unidade","462101","CONDIMENTO*, MATÉRIA-PRIMA: TOMATE SECO , ASPECTO FÍSICO: DESIDRATADA , APLICAÇÃO: ALIMENTAÇÃO , CARACTERÍSTICAS ADICIONAIS: ÓLEO DE MILHO, AZEITE DE OLIVA, SAL, AÇÚCAR E  ES- ",0.00852016480567112
603269,"Açúcar cristal comum","n_combinacoes_unidade","446019","LEITE EM PÓ, ORIGEM: DE VACA , TEOR GORDURA: INTEGRAL , SOLUBILIDADE: INSTANTÂNEO ",0.0079990075006325
603269,"Açúcar cristal comum","n_combinacoes_unidade","373255","REQUEIJÃO, INGREDIENTES: QUEIJO CREMOSO , TIPO: CATUPIRY , CONSERVAÇÃO: 1 A 10 °C",0.0079031646906653
603269,"Açúcar cristal comum","n_combinacoes_unidade","217785","REFRIGERANTE, MATERIAL: ÁGUA GASOSA/XAROPE , SABOR: GUARANÁ ",0.00738444804671434
603269,"Açúcar cristal comum","n_combinacoes_unidade","459655","MOLHO DE MESA, TIPO: INGLÊS , COMPOSIÇÃO: TRADICIONAL , APRESENTAÇÃO: LÍQUIDO ",0.00677620082802304
603269,"Açúcar cristal comum","n_combinacoes_unidade","463912","CONDIMENTO, TIPO: NOZ MOSCADA , APRESENTAÇÃO: PÓ ",0.00636458289998523
603269,"Açúcar cristal comum","n_combinacoes_unidade","241553","MOLHO PIMENTA, COMPOSIÇÃO: ÁGUA/PIMENTA VERMELHA MOÍDA/VINAGRE DE ÁLCOOL/SAL , APLICAÇÃO: ALIMENTOS , TIPO USO: CULINÁRIA EM GERAL ",0.00607837236689159
603269,"Açúcar cristal comum","n_combinacoes_unidade","463892","CONDIMENTO, TIPO: CRAVO DA ÍNDIA , APRESENTAÇÃO: FLOR ",0.00597037160670292
603269,"Açúcar cristal comum","n_combinacoes_unidade","462666","DOCE NÃO CONFEITADO, TIPO: MASSA , SABOR: BANANA ",0.00549155370599845
603269,"Açúcar cristal comum","n_combinacoes_unidade","463878","CONDIMENTO, TIPO: CEBOLINHA , APRESENTAÇÃO: NATURAL ",0.00544893073673541
603269,"Açúcar cristal comum","n_combinacoes_unidade","446394","MANTEIGA, TIPO: PRIMEIRA QUALIDADE , COMPOSIÇÃO: SEM SAL ",0.00518336796090999
603269,"Açúcar cristal comum","n_combinacoes_unidade","447720","EMBUTIDO, TIPO: SALSICHA HOT DOG , TIPO PREPARAÇÃO: COZIDA , ESTADO DE CONSERVAÇÃO: RESFRIADO(A) ",0.00285326372561215
603269,"Açúcar cristal comum","n_combinacoes_unidade","413364","MEL ABELHA, TIPO: 1ª QUALIDADE , APRESENTAÇÃO: EMBALAGEM COM 500 G , APLICAÇÃO: ALIMENTAÇÃO HUMANA ",0.00194375687876347
603269,"Açúcar cristal comum","n_combinacoes_unidade","462670","DOCE NÃO CONFEITADO, TIPO: EM CALDA , SABOR: CEREJA ",0.00151584298574053
603269,"Açúcar cristal comum","n_combinacoes_unidade","454017","SAL, TIPO: REFINADO , APLICAÇÃO: ALIMENTÍCIA , TEOR MÁXIMO SÓDIO: 390 MG/G, ACIDEZ: 7,0 PH",0.0011477459857585
603269,"Açúcar cristal comum","n_combinacoes_unidade","463556","ACHOCOLATADO, APRESENTAÇÃO: PÓ , SABOR: TRADICIONAL , CARACTERÍSTICA ADICIONAL: ENRIQUECIDO COM VITAMINAS ",0.000799884966597408
603269,"Açúcar cristal comum","n_combinacoes_unidade","217784","REFRIGERANTE, MATERIAL: ÁGUA GASOSA/XAROPE , SABOR: COLA ",0.000161741017727435
603269,"Açúcar cristal comum","n_combinacoes_unidade","463891","CONDIMENTO, TIPO: COMINHO , APRESENTAÇÃO: PÓ ",0.000116212715130575
603269,"Açúcar cristal comum","median_preco","217096","VINAGRE, MATÉRIA-PRIMA: ÁLCOOL CANA DE AÇÚCAR , TIPO: NEUTRO , ACIDEZ: 4,20 PER, ASPECTO FÍSICO: LÍQUIDO , ASPECTO VISUAL: LÍMPIDO E SEM DEPÓSITOS ",0.0343358401306786
603269,"Açúcar cristal comum","median_preco","249817","VINAGRE, MATÉRIA-PRIMA: VINHO TINTO , TIPO: NEUTRO , ACIDEZ: 4 PER, ASPECTO FÍSICO: LÍQUIDO , ASPECTO VISUAL: LÍMPIDO E SEM DEPÓSITOS ",0.0300262289271919
603269,"Açúcar cristal comum","median_preco","464392","FRUTA, TIPO: GOIABA VERMELHA , APRESENTAÇÃO: NATURAL ",0.0283860489324656
603269,"Açúcar cristal comum","median_preco","479080","FARINHA DE MILHO, GRÃO: AMARELO , TIPO: FLOCADA , APRESENTAÇÃO: PRÉ-COZIDA , CARACTERÍSTICA ADICIONAL: NÃO TRANSGÊNICO ",0.0269459827872663
603269,"Açúcar cristal comum","median_preco","463805","LEGUME IN NATURA, TIPO: TOMATE ITALIANO ",0.0269270926453857
603269,"Açúcar cristal comum","median_preco","445479","ÁGUA MINERAL NATURAL, TIPO: COM GÁS , MATERIAL EMBALAGEM: PLÁSTICO , TIPO EMBALAGEM: DESCARTÁVEL ",0.0232254494461198
603269,"Açúcar cristal comum","median_preco","217783","REFRIGERANTE, MATERIAL: ÁGUA GASOSA/XAROPE , SABOR: UVA ",0.0231206106481229
603269,"Açúcar cristal comum","median_preco","458920","FARINHA DE MANDIOCA, GRUPO: SECA , SUBGRUPO: BRANCA TORRADA , CLASSE: FINA , ASPECTO FÍSICO: TIPO 1 , ACIDEZ: BAIXA ACIDEZ ",0.0226685738318359
603269,"Açúcar cristal comum","median_preco","463839","VERDURA IN NATURA, TIPO: REPOLHO BRANCO / VERDE ",0.0220744240033259
603269,"Açúcar cristal comum","median_preco","464395","FRUTA, TIPO: LARANJA BAHIA / LARANJA UMBIGO , APRESENTAÇÃO: NATURAL ",0.0219314261349119
603269,"Açúcar cristal comum","median_preco","217777","GELO, MATERIAL: ÁGUA FILTRADA , APRESENTAÇÃO: CUBOS ",0.0208839069962208
603269,"Açúcar cristal comum","median_preco","217781","REFRIGERANTE, MATERIAL: ÁGUA GASOSA/XAROPE , SABOR: LARANJA ",0.0205560687467965
603269,"Açúcar cristal comum","median_preco","217785","REFRIGERANTE, MATERIAL: ÁGUA GASOSA/XAROPE , SABOR: GUARANÁ ",0.0201331776261133
603269,"Açúcar cristal comum","median_preco","458904","ARROZ BENEFICIADO, TIPO: AGULHINHA/BRANCO , SUBGRUPO: POLIDO , CLASSE: LONGO FINO , QUALIDADE: TIPO 1 ",0.0198936879809076
603269,"Açúcar cristal comum","median_preco","463764","LEGUME IN NATURA, TIPO: BERINJELA ",0.0194063137352028
603269,"Açúcar cristal comum","median_preco","463778","LEGUME IN NATURA, TIPO: CHUCHU VERDE ",0.0192169891100217
603269,"Açúcar cristal comum","median_preco","463768","LEGUME IN NATURA, TIPO: BETERRABA , APRESENTAÇÃO: ORGÂNICO ",0.0190515005442627
603269,"Açúcar cristal comum","median_preco","463749","LEGUME IN NATURA, TIPO: ABOBRINHA ITALIANA ",0.0190465179889043
603269,"Açúcar cristal comum","median_preco","465332","FARINHA DE TRIGO, GRUPO: INDUSTRIAL , TIPO: TIPO 1, ESPECIAL , INGREDIENTE ADICIONAL: SEM FERMENTO ",0.0189589114574657
603269,"Açúcar cristal comum","median_preco","242454","MISTURA ALIMENTÍCIA, INGREDIENTES: FARINHA DE TRIGO, SAL, ESTABILIZANTE ETXXV, ENZI - , SABOR: NATURAL , APLICAÇÃO: PÃO FRANCÊS ",0.018535310643448
603269,"Açúcar cristal comum","median_preco","459017","FARINHA DE MILHO, GRÃO: AMARELO , TIPO: FLOCADA , APRESENTAÇÃO: PRÉ-COZIDA , CARACTERÍSTICA ADICIONAL: TRANSGÊNICO , INGREDIENTE ADICIONAL: FORTIFICADA COM FERRO E ÁCIDO FÓLICO ",0.0183155263204328
603269,"Açúcar cristal comum","median_preco","470688","FARINHA DE MILHO, GRÃO: AMARELO , TIPO: FUBÁ , CARACTERÍSTICA ADICIONAL: NÃO TRANSGÊNICO ",0.0173751716168844
603269,"Açúcar cristal comum","median_preco","460263","FARINHA DE TRIGO, GRUPO: DOMÉSTICO , TIPO: TIPO 1, ESPECIAL , INGREDIENTE ADICIONAL: FORTIFICADA COM FERRO E ÁCIDO FÓLICO ",0.0168534647042686
603269,"Açúcar cristal comum","median_preco","458910","ARROZ BENEFICIADO, TIPO: PARBOILIZADO , SUBGRUPO: INTEGRAL , CLASSE: LONGO FINO , QUALIDADE: TIPO 1 ",0.0165955234759552
603269,"Açúcar cristal comum","median_preco","463770","LEGUME IN NATURA, TIPO: CENOURA ",0.0162044891248897
603269,"Açúcar cristal comum","median_preco","458908","ARROZ BENEFICIADO, TIPO: PARBOILIZADO , SUBGRUPO: POLIDO , CLASSE: LONGO FINO , QUALIDADE: TIPO 1 ",0.0158604773324968
603269,"Açúcar cristal comum","median_preco","464393","FRUTA, TIPO: LARANJA PERA , APRESENTAÇÃO: NATURAL ",0.0157967102306456
603269,"Açúcar cristal comum","median_preco","217782","REFRIGERANTE, MATERIAL: ÁGUA GASOSA/XAROPE , SABOR: LIMÃO ",0.0157627426387631
603269,"Açúcar cristal comum","median_preco","464436","FRUTA, TIPO: TANGERINA PONCAN , APRESENTAÇÃO: NATURAL ",0.0156638009799762
603269,"Açúcar cristal comum","median_preco","445488","ÁGUA MINERAL NATURAL, TIPO: ESPECIAL COM GÁS , MATERIAL EMBALAGEM: PLÁSTICO , TIPO EMBALAGEM: DESCARTÁVEL ",0.0156450590548322
603269,"Açúcar cristal comum","median_preco","463818","VERDURA IN NATURA, TIPO: ACELGA ",0.015102229039097
603269,"Açúcar cristal comum","median_preco","463796","LEGUME IN NATURA, TIPO: PEPINO ",0.0150705437554152
603269,"Açúcar cristal comum","median_preco","454018","SAL, TIPO: GROSSO , APLICAÇÃO: ALIMENTÍCIA , TEOR MÁXIMO SÓDIO: 390 MG/G, ACIDEZ: 7,0 PH",0.0147996714992364
603269,"Açúcar cristal comum","median_preco","463829","VERDURA IN NATURA, TIPO: REPOLHO ROXO ",0.0144713681359455
603269,"Açúcar cristal comum","median_preco","464418","FRUTA, TIPO: MELANCIA VERMELHA , APRESENTAÇÃO: NATURAL ",0.0143892933732095
603269,"Açúcar cristal comum","median_preco","217784","REFRIGERANTE, MATERIAL: ÁGUA GASOSA/XAROPE , SABOR: COLA ",0.0139612044731242
603269,"Açúcar cristal comum","median_preco","445995","LEITE FLUIDO, ORIGEM: DE VACA , TIPO: A , TEOR GORDURA: INTEGRAL , PROCESSAMENTO: UHT ",0.0138595939035337
603269,"Açúcar cristal comum","median_preco","463767","LEGUME IN NATURA, TIPO: BETERRABA ",0.0136845517158581
603269,"Açúcar cristal comum","median_preco","463747","LEGUME IN NATURA, TIPO: ABÓBORA PAULISTA ",0.0134758722988834
603269,"Açúcar cristal comum","median_preco","464380","FRUTA, TIPO: BANANA NANICA / BANANA D'ÁGUA , APRESENTAÇÃO: NATURAL ",0.0133308581190693
603269,"Açúcar cristal comum","median_preco","464406","FRUTA, TIPO: MANGA TOMMY , APRESENTAÇÃO: NATURAL ",0.0131740704185865
603269,"Açúcar cristal comum","median_preco","463551","ACHOCOLATADO, APRESENTAÇÃO: LÍQUIDO , SABOR: TRADICIONAL , CARACTERÍSTICA ADICIONAL: ENRIQUECIDO COM VITAMINAS ",0.0131206839329597
603269,"Açúcar cristal comum","median_preco","463748","LEGUME IN NATURA, TIPO: ABÓBORA CABOTIÁ / JAPONESA ",0.0130281371631185
603269,"Açúcar cristal comum","median_preco","464374","FRUTA, TIPO: ABACAXI PÉROLA , APRESENTAÇÃO: NATURAL ",0.0127066245538339
603269,"Açúcar cristal comum","median_preco","464422","FRUTA, TIPO: MELÃO AMARELO , APRESENTAÇÃO: NATURAL ",0.0123315477147945
603269,"Açúcar cristal comum","median_preco","464381","FRUTA, TIPO: BANANA PRATA / BANANA BRANCA , APRESENTAÇÃO: NATURAL ",0.0120581994308906
603269,"Açúcar cristal comum","median_preco","460265","FARINHA DE TRIGO, GRUPO: DOMÉSTICO , TIPO: TIPO 1, ESPECIAL , INGREDIENTE ADICIONAL: COM FERMENTO, FORTIFICADA COM FERRO E ÁCIDO FÓLICO ",0.0113076121630606
603269,"Açúcar cristal comum","median_preco","304421","BEBIDA LÁCTEA, SABOR: CHOCOLATE , APRESENTAÇÃO: EMBALAGEM TETRAPACK ",0.010818886235144
603269,"Açúcar cristal comum","median_preco","464377","FRUTA, TIPO: BANANA DA TERRA / BANANA COMPRIDA , APRESENTAÇÃO: NATURAL ",0.0107059812627538
603269,"Açúcar cristal comum","median_preco","463813","LEGUME IN NATURA, TIPO: MANDIOCA / AIPIM , APRESENTAÇÃO: ORGÂNICO ",0.0105020056300529
603269,"Açúcar cristal comum","median_preco","464407","FRUTA, TIPO: MANGA PALMER , APRESENTAÇÃO: NATURAL ",0.0104326730134486
603269,"Açúcar cristal comum","median_preco","464398","FRUTA, TIPO: LIMÃO TAITI , APRESENTAÇÃO: NATURAL ",0.00945586248686304
603269,"Açúcar cristal comum","median_preco","459672","MASSA DE TOMATE, TIPO: MOLHO PRONTO , COMPOSIÇÃO: TRADICIONAL , APRESENTAÇÃO: LÍQUIDO ",0.00944285864693644
603269,"Açúcar cristal comum","median_preco","249818","VINAGRE, MATÉRIA-PRIMA: VINHO BRANCO , TIPO: NEUTRO , ACIDEZ: 4 PER, ASPECTO FÍSICO: LÍQUIDO , ASPECTO VISUAL: LÍMPIDO E SEM DEPÓSITOS ",0.00916241195988693
603269,"Açúcar cristal comum","median_preco","464410","FRUTA, TIPO: MANGA ROSA , APRESENTAÇÃO: NATURAL ",0.00877453058464324
603269,"Açúcar cristal comum","median_preco","463797","LEGUME IN NATURA, TIPO: MILHO VERDE ",0.00850452658524288
603269,"Açúcar cristal comum","median_preco","463806","LEGUME IN NATURA, TIPO: TOMATE SALADA ",0.00843689342439891
603269,"Açúcar cristal comum","median_preco","463746","LEGUME IN NATURA, TIPO: ABÓBORA MORANGA ",0.00777108040351953
603269,"Açúcar cristal comum","median_preco","463753","LEGUME IN NATURA, TIPO: BATATA DOCE ",0.00708704822005207
603269,"Açúcar cristal comum","median_preco","463751","LEGUME IN NATURA, TIPO: ABOBRINHA DE PESCOÇO / MENINA ",0.00703336412438809
603269,"Açúcar cristal comum","median_preco","463754","LEGUME IN NATURA, TIPO: BATATA INGLESA ",0.00696040619492709
603269,"Açúcar cristal comum","median_preco","464449","FRUTA, TIPO: BANANA PRATA / BANANA BRANCA , APRESENTAÇÃO: NATURAL , ADICIONAL: ORGÂNICA ",0.00690851584707833
603269,"Açúcar cristal comum","median_preco","463795","LEGUME IN NATURA, TIPO: MANDIOCA / AIPIM ",0.00636681785727205
603269,"Açúcar cristal comum","median_preco","464435","FRUTA, TIPO: TANGERINA / BERGAMOTA , APRESENTAÇÃO: NATURAL ",0.00564307915204779
603269,"Açúcar cristal comum","median_preco","464379","FRUTA, TIPO: BANANA PACOVAN , APRESENTAÇÃO: NATURAL ",0.00336785784960877
603269,"Açúcar cristal comum","median_preco","458918","FARINHA DE MANDIOCA, GRUPO: SECA , SUBGRUPO: BRANCA , CLASSE: FINA , ASPECTO FÍSICO: TIPO 1 , ACIDEZ: BAIXA ACIDEZ ",0.00121067413703393
603269,"Açúcar cristal comum","median_preco","463782","LEGUME IN NATURA, TIPO: CEBOLA AMARELA ",0.00111706652401055
603269,"Açúcar cristal comum","median_preco","464404","FRUTA, TIPO: MAMÃO PAPAIA / MAMÃO AMAZÔNIA , APRESENTAÇÃO: NATURAL ",0.000814146479486962
603269,"Açúcar cristal comum","median_preco","463780","LEGUME IN NATURA, TIPO: CEBOLA ROXA ",0.00021422389479637
606522,"Café torrado moído torra escura","n_fornecedores","458908","ARROZ BENEFICIADO, TIPO: PARBOILIZADO , SUBGRUPO: POLIDO , CLASSE: LONGO FINO , QUALIDADE: TIPO 1 ",0.0341991098956444
606522,"Café torrado moído torra escura","n_fornecedores","464400","FRUTA, TIPO: MAÇÃ GALA , APRESENTAÇÃO: NATURAL ",0.0318901855389185
606522,"Café torrado moído torra escura","n_fornecedores","464377","FRUTA, TIPO: BANANA DA TERRA / BANANA COMPRIDA , APRESENTAÇÃO: NATURAL ",0.031073190168064
606522,"Café torrado moído torra escura","n_fornecedores","463937","CONDIMENTO, TIPO: URUCUM , APRESENTAÇÃO: PÓ ",0.0309918777928351
606522,"Café torrado moído torra escura","n_fornecedores","463699","GORDURA VEGETAL, TIPO: MARGARINA , SUBTIPO: CREMOSA , COMPOSIÇÃO BÁSICA: MÍNIMO DE 80% DE GORDURA , SABOR: COM SAL ",0.0261451079448493
606522,"Café torrado moído torra escura","n_fornecedores","463789","LEGUME IN NATURA, TIPO: INHAME ",0.0259287314950018
606522,"Café torrado moído torra escura","n_fornecedores","447581","CARNE DE AVE IN NATURA, TIPO ANIMAL: FRANGO , TIPO CORTE: FILÉ DE PEITO , APRESENTAÇÃO: FATIADO , ESTADO DE CONSERVAÇÃO: CONGELADO(A) , PROCESSAMENTO: SEM PELE, SEM OSSO ",0.0256393862970882
606522,"Café torrado moído torra escura","n_fornecedores","446393","MANTEIGA, TIPO: PRIMEIRA QUALIDADE , COMPOSIÇÃO: COM SAL ",0.0248917088381393
606522,"Café torrado moído torra escura","n_fornecedores","463837","VERDURA IN NATURA, TIPO: BRÓCOLIS COMUM ",0.0234981371626312
606522,"Café torrado moído torra escura","n_fornecedores","463819","VERDURA IN NATURA, TIPO: AGRIÃO ",0.0234166940895751
606522,"Café torrado moído torra escura","n_fornecedores","463829","VERDURA IN NATURA, TIPO: REPOLHO ROXO ",0.0233465306584784
606522,"Café torrado moído torra escura","n_fornecedores","463904","CONDIMENTO, TIPO: LOURO , APRESENTAÇÃO: FOLHA ",0.0222688838309599
606522,"Café torrado moído torra escura","n_fornecedores","459077","AMIDO, BASE: DE MILHO ",0.0208629306532661
606522,"Café torrado moído torra escura","n_fornecedores","446019","LEITE EM PÓ, ORIGEM: DE VACA , TEOR GORDURA: INTEGRAL , SOLUBILIDADE: INSTANTÂNEO ",0.0203117299500138
606522,"Café torrado moído torra escura","n_fornecedores","464468","POLPA DE FRUTA, TIPO: ABACAXI , APRESENTAÇÃO: CONGELADA ",0.0201384352156123
606522,"Café torrado moído torra escura","n_fornecedores","463814","LEGUME IN NATURA, TIPO 1: VAGEM MANTEIGA ",0.0200195740239119
606522,"Café torrado moído torra escura","n_fornecedores","463696","AZEITE, ESPÉCIE VEGETAL: DE OLIVA , TIPO: PURO , TEOR DA ACIDEZ: EXTRAVIRGEM - MENOR QUE 0,8% ",0.0195298004028861
606522,"Café torrado moído torra escura","n_fornecedores","464552","LEGUMINOSA, VARIEDADE: FEIJÃO PRETO , TIPO: TIPO 1 ",0.018986469507852
606522,"Café torrado moído torra escura","n_fornecedores","467577","OVO, ORIGEM: GALINHA , GRUPO: BRANCO , CLASSE: A , TIPO: JUMBO ",0.0189758620646927
606522,"Café torrado moído torra escura","n_fornecedores","463824","VERDURA IN NATURA, TIPO: ESPINAFRE ",0.0177205093806506
606522,"Café torrado moído torra escura","n_fornecedores","463891","CONDIMENTO, TIPO: COMINHO , APRESENTAÇÃO: PÓ ",0.0170764955967384
606522,"Café torrado moído torra escura","n_fornecedores","461092","SAL, TIPO: REFINADO , APLICAÇÃO: ALIMENTÍCIA , TEOR MÁXIMO SÓDIO: 390 MG/G, ADITIVOS: IODATO DE POTASSIO E ANTIUMECTANTE FERROCIANETO DE ",0.0169869519931306
606522,"Café torrado moído torra escura","n_fornecedores","459670","MASSA DE TOMATE, TIPO: EXTRATO CONCENTRADO , COMPOSIÇÃO: TRADICIONAL , APRESENTAÇÃO: CREME ",0.0162808792910644
606522,"Café torrado moído torra escura","n_fornecedores","460486","LEGUME EM CONSERVA, TIPO: PALMITO , APRESENTAÇÃO: INTEIRO ",0.0159017195987088
606522,"Café torrado moído torra escura","n_fornecedores","464441","FRUTA, TIPO: UVA RUBI , APRESENTAÇÃO: NATURAL ",0.0157391324173887
606522,"Café torrado moído torra escura","n_fornecedores","463857","CONDIMENTO, TIPO: AÇAFRÃO , APRESENTAÇÃO: PÓ ",0.0157136171163635
606522,"Café torrado moído torra escura","n_fornecedores","463747","LEGUME IN NATURA, TIPO: ABÓBORA PAULISTA ",0.0156507527813308
606522,"Café torrado moído torra escura","n_fornecedores","459639","LEGUME EM CONSERVA, TIPO: AZEITONA VERDE , TAMANHO: GRANDE , APRESENTAÇÃO: SEM CAROÇO ",0.0150711619140597
606522,"Café torrado moído torra escura","n_fornecedores","464514","POLPA DE FRUTA, TIPO: GOIABA VERMELHA , APRESENTAÇÃO: CONGELADA ",0.0145044143443231
606522,"Café torrado moído torra escura","n_fornecedores","464485","POLPA DE FRUTA, TIPO: CAJÁ , APRESENTAÇÃO: CONGELADA ",0.0144500719273039
606522,"Café torrado moído torra escura","n_fornecedores","464435","FRUTA, TIPO: TANGERINA / BERGAMOTA , APRESENTAÇÃO: NATURAL ",0.0143618630077938
606522,"Café torrado moído torra escura","n_fornecedores","459663","MOLHO DE MESA, TIPO: CATCHUP , COMPOSIÇÃO: TRADICIONAL , APRESENTAÇÃO: CREME ",0.0139845827753962
606522,"Café torrado moído torra escura","n_fornecedores","458904","ARROZ BENEFICIADO, TIPO: AGULHINHA/BRANCO , SUBGRUPO: POLIDO , CLASSE: LONGO FINO , QUALIDADE: TIPO 1 ",0.0136195927754389
606522,"Café torrado moído torra escura","n_fornecedores","465332","FARINHA DE TRIGO, GRUPO: INDUSTRIAL , TIPO: TIPO 1, ESPECIAL , INGREDIENTE ADICIONAL: SEM FERMENTO ",0.0132822080773626
606522,"Café torrado moído torra escura","n_fornecedores","463836","VERDURA IN NATURA, TIPO: ALFACE ROXA ",0.0132763483938426
606522,"Café torrado moído torra escura","n_fornecedores","463906","CONDIMENTO, TIPO: MANJERICÃO , APRESENTAÇÃO: NATURAL ",0.0132098212199989
606522,"Café torrado moído torra escura","n_fornecedores","217132","BISCOITO, APRESENTAÇÃO: RETANGULAR , SABOR: MAIZENA , CLASSIFICAÇÃO: DOCE , CARACTERÍSTICAS ADICIONAIS: SEM RECHEIO ",0.012888643575092
606522,"Café torrado moído torra escura","n_fornecedores","460501","AVEIA BENEFICIADA, CLASSE: BRANCA , APRESENTAÇÃO: EM FLOCOS FINOS , PRESENÇA DE GLÚTEN: CONTÉM GLÚTEN ",0.0123783539570216
606522,"Café torrado moído torra escura","n_fornecedores","462601","DOCE LEITE, TIPO: TRADICIONAL , PRAZO VALIDADE MÍNIMO: 12 MESES , CARACTERÍSTICA ADICIONAL: ISENTO DE AMIDO ",0.0116554703694605
606522,"Café torrado moído torra escura","n_fornecedores","462823","LEGUME EM CONSERVA, TIPO: ERVILHA ",0.0113692681468211
606522,"Café torrado moído torra escura","n_fornecedores","464328","FRUTA, TIPO: MORANGO , APRESENTAÇÃO: NATURAL ",0.0109667063091582
606522,"Café torrado moído torra escura","n_fornecedores","463916","CONDIMENTO, TIPO: ORÉGANO , APRESENTAÇÃO: DESIDRATADO ",0.010909246317289
606522,"Café torrado moído torra escura","n_fornecedores","464475","POLPA DE FRUTA, TIPO: MANGA , APRESENTAÇÃO: CONGELADA ",0.0108152571326736
606522,"Café torrado moído torra escura","n_fornecedores","464474","POLPA DE FRUTA, TIPO: MARACUJÁ , APRESENTAÇÃO: CONGELADA ",0.0107619083511456
606522,"Café torrado moído torra escura","n_fornecedores","464438","FRUTA, TIPO: UVA ITÁLIA , APRESENTAÇÃO: NATURAL ",0.0105159591184471
606522,"Café torrado moído torra escura","n_fornecedores","464415","FRUTA, TIPO: MARACUJÁ AZEDO / MARACUJÁ AMARELO , APRESENTAÇÃO: NATURAL ",0.0103021914426221
606522,"Café torrado moído torra escura","n_fornecedores","464380","FRUTA, TIPO: BANANA NANICA / BANANA D'ÁGUA , APRESENTAÇÃO: NATURAL ",0.00993899193491525
606522,"Café torrado moído torra escura","n_fornecedores","463872","CONDIMENTO, TIPO: CANELA , APRESENTAÇÃO: PÓ ",0.00950842453186519
606522,"Café torrado moído torra escura","n_fornecedores","464883","FRUTA, TIPO 1: UVA PASSA , APRESENTAÇÃO: DESIDRATADA / SECA , ADICIONAL: PRETA ",0.00933970507252675
606522,"Café torrado moído torra escura","n_fornecedores","462824","LEGUME EM CONSERVA, TIPO: MILHO VERDE ",0.0092834416195236
606522,"Café torrado moído torra escura","n_fornecedores","464406","FRUTA, TIPO: MANGA TOMMY , APRESENTAÇÃO: NATURAL ",0.0091326890552833
606522,"Café torrado moído torra escura","n_fornecedores","459596","FERMENTO, TIPO: BIOLÓGICO SECO , APRESENTAÇÃO: PÓ GRANULADO ",0.00901052580921614
606522,"Café torrado moído torra escura","n_fornecedores","463898","CONDIMENTO, TIPO: HORTELÃ , APRESENTAÇÃO: NATURAL ",0.0084478571049435
606522,"Café torrado moído torra escura","n_fornecedores","463876","CONDIMENTO, TIPO: COENTRO , APRESENTAÇÃO: NATURAL ",0.00829435281237904
606522,"Café torrado moído torra escura","n_fornecedores","463923","CONDIMENTO, TIPO: PIMENTA DE CHEIRO , APRESENTAÇÃO: NATURAL ",0.0080425725280896
606522,"Café torrado moído torra escura","n_fornecedores","463802","LEGUME IN NATURA, TIPO: PIMENTÃO AMARELO ",0.00781218172235049
606522,"Café torrado moído torra escura","n_fornecedores","463556","ACHOCOLATADO, APRESENTAÇÃO: PÓ , SABOR: TRADICIONAL , CARACTERÍSTICA ADICIONAL: ENRIQUECIDO COM VITAMINAS ",0.00706016705978821
606522,"Café torrado moído torra escura","n_fornecedores","445479","ÁGUA MINERAL NATURAL, TIPO: COM GÁS , MATERIAL EMBALAGEM: PLÁSTICO , TIPO EMBALAGEM: DESCARTÁVEL ",0.00697622393088662
606522,"Café torrado moído torra escura","n_fornecedores","459653","MOLHO DE MESA, TIPO: SHOYU , COMPOSIÇÃO: TRADICIONAL , APRESENTAÇÃO: LÍQUIDO ",0.006835621912778
606522,"Café torrado moído torra escura","n_fornecedores","446625","OVO, ORIGEM: CODORNA ",0.0066978977260528
606522,"Café torrado moído torra escura","n_fornecedores","459658","MOLHO DE MESA, TIPO: MAIONESE , COMPOSIÇÃO: TRADICIONAL , APRESENTAÇÃO: CREME ",0.00563375385500052
606522,"Café torrado moído torra escura","n_fornecedores","463808","LEGUME IN NATURA, TIPO: PIMENTÃO VERMELHO ",0.0055632561047439
606522,"Café torrado moído torra escura","n_fornecedores","463780","LEGUME IN NATURA, TIPO: CEBOLA ROXA ",0.00554761967149544
606522,"Café torrado moído torra escura","n_fornecedores","459655","MOLHO DE MESA, TIPO: INGLÊS , COMPOSIÇÃO: TRADICIONAL , APRESENTAÇÃO: LÍQUIDO ",0.00484022147745174
606522,"Café torrado moído torra escura","n_fornecedores","463749","LEGUME IN NATURA, TIPO: ABOBRINHA ITALIANA ",0.00473316824216252
606522,"Café torrado moído torra escura","n_fornecedores","464014","LEITE CONDENSADO, TIPO: INTEGRAL , INGREDIENTE BÁSICO: LEITE IN NATURA ",0.00425481078024603
606522,"Café torrado moído torra escura","n_fornecedores","463797","LEGUME IN NATURA, TIPO: MILHO VERDE ",0.0040176971812075
606522,"Café torrado moído torra escura","n_fornecedores","447789","FRIOS, VARIEDADE: MORTADELA , TIPO: BOLOGNA , TIPO PREPARAÇÃO: DEFUMADO , APRESENTAÇÃO: PEÇA INTEIRA , ESTADO DE CONSERVAÇÃO: RESFRIADO(A) ",0.00379743958061154
606522,"Café torrado moído torra escura","n_fornecedores","446706","IOGURTE NATURAL, TEOR GORDURA: INTEGRAL , SABOR: SORTIDOS , COMPONENTES: COM POLPA OU PEDAÇOS DE FRUTA ",0.00337158310107902
606522,"Café torrado moído torra escura","n_fornecedores","447771","FRIOS, VARIEDADE: PRESUNTO DE PERNIL , TIPO PREPARAÇÃO: COZIDO , COMPOSIÇÃO: SEM CAPA DE GORDURA , APRESENTAÇÃO: PEÇA INTEIRA , ESTADO DE CONSERVAÇÃO: RESFRIADO(A) ",0.00248095349119548
606522,"Café torrado moído torra escura","n_fornecedores","460386","PÃO, BASE: DE FARINHA DE TRIGO REFINADA , TIPO: SEMI-DOCE , TIPO ADICIONAL: BISNAGA, CACHORRO QUENTE ",0.00244964226665002
606522,"Café torrado moído torra escura","n_fornecedores","446618","OVO, ORIGEM: GALINHA , GRUPO: BRANCO , CLASSE: A , TIPO: GRANDE ",0.0020580569994908
606522,"Café torrado moído torra escura","n_fornecedores","463818","VERDURA IN NATURA, TIPO: ACELGA ",0.00125818075593932
606522,"Café torrado moído torra escura","n_fornecedores","464449","FRUTA, TIPO: BANANA PRATA / BANANA BRANCA , APRESENTAÇÃO: NATURAL , ADICIONAL: ORGÂNICA ",0.00114513444255256
606522,"Café torrado moído torra escura","n_fornecedores","217781","REFRIGERANTE, MATERIAL: ÁGUA GASOSA/XAROPE , SABOR: LARANJA ",0.000960356368529383
606522,"Café torrado moído torra escura","n_combinacoes_unidade","463937","CONDIMENTO, TIPO: URUCUM , APRESENTAÇÃO: PÓ ",0.0361917669387979
606522,"Café torrado moído torra escura","n_combinacoes_unidade","460386","PÃO, BASE: DE FARINHA DE TRIGO REFINADA , TIPO: SEMI-DOCE , TIPO ADICIONAL: BISNAGA, CACHORRO QUENTE ",0.0351215880614697
606522,"Café torrado moído torra escura","n_combinacoes_unidade","436134","ADOÇANTE, ASPECTO FÍSICO: LÍQUIDO , INGREDIENTES: SUCRALOSE, ACESULFAME DE POTáSSIO, BENZOATO DE SÓD , TIPO: DIETÉTICO , CARACTERÍSTICAS ADICIONAIS: ACIDULANTE áCIDO CíTRICO,CITRATO DE SÓDIO ",0.0326728545338778
606522,"Café torrado moído torra escura","n_combinacoes_unidade","446393","MANTEIGA, TIPO: PRIMEIRA QUALIDADE , COMPOSIÇÃO: COM SAL ",0.0320341927573341
606522,"Café torrado moído torra escura","n_combinacoes_unidade","446019","LEITE EM PÓ, ORIGEM: DE VACA , TEOR GORDURA: INTEGRAL , SOLUBILIDADE: INSTANTÂNEO ",0.0293751364677736
606522,"Café torrado moído torra escura","n_combinacoes_unidade","459672","MASSA DE TOMATE, TIPO: MOLHO PRONTO , COMPOSIÇÃO: TRADICIONAL , APRESENTAÇÃO: LÍQUIDO ",0.0284199965355964
606522,"Café torrado moído torra escura","n_combinacoes_unidade","445488","ÁGUA MINERAL NATURAL, TIPO: ESPECIAL COM GÁS , MATERIAL EMBALAGEM: PLÁSTICO , TIPO EMBALAGEM: DESCARTÁVEL ",0.0260584281138353
606522,"Café torrado moído torra escura","n_combinacoes_unidade","459596","FERMENTO, TIPO: BIOLÓGICO SECO , APRESENTAÇÃO: PÓ GRANULADO ",0.0256622764930104
606522,"Café torrado moído torra escura","n_combinacoes_unidade","462684","DOCE NÃO CONFEITADO, TIPO: EM CALDA , SABOR: PÊSSEGO ",0.025192692966795
606522,"Café torrado moído torra escura","n_combinacoes_unidade","235092","BISCOITO, APRESENTAÇÃO: QUADRADO , CLASSIFICAÇÃO: SALGADO , TIPO: CREAM CRACKER ",0.0232445219131225
606522,"Café torrado moído torra escura","n_combinacoes_unidade","460502","AVEIA BENEFICIADA, CLASSE: BRANCA , APRESENTAÇÃO: EM FLOCOS GROSSOS , PRESENÇA DE GLÚTEN: CONTÉM GLÚTEN ",0.0224307790262285
606522,"Café torrado moído torra escura","n_combinacoes_unidade","463699","GORDURA VEGETAL, TIPO: MARGARINA , SUBTIPO: CREMOSA , COMPOSIÇÃO BÁSICA: MÍNIMO DE 80% DE GORDURA , SABOR: COM SAL ",0.021932501224922
606522,"Café torrado moído torra escura","n_combinacoes_unidade","339479","TEMPERO, TIPO: CALDO , APRESENTAÇÃO: PÓ , APLICAÇÃO: USO CULINÁRIO , SABOR: CARNE ",0.0219254092200156
606522,"Café torrado moído torra escura","n_combinacoes_unidade","463832","VERDURA IN NATURA, TIPO: ALFACE CRESPA ",0.0208236401602989
606522,"Café torrado moído torra escura","n_combinacoes_unidade","316835","BISCOITO, APRESENTAÇÃO: SORTIDO , CLASSIFICAÇÃO: DOCE , TIPO: AMANTEIGADO , APLICAÇÃO: ALIMENTAÇÃO HUMANA ",0.0206590377176953
606522,"Café torrado moído torra escura","n_combinacoes_unidade","463536","CHOCOLATE, TIPO: PRETO , APRESENTAÇÃO: MASSA , SABOR: AO LEITE , PRAZO VALIDADE MÍNIMO: 12 MESES ",0.0206576693626974
606522,"Café torrado moído torra escura","n_combinacoes_unidade","217781","REFRIGERANTE, MATERIAL: ÁGUA GASOSA/XAROPE , SABOR: LARANJA ",0.0195574356674275
606522,"Café torrado moído torra escura","n_combinacoes_unidade","467306","CHOCOLATE, TIPO: PRETO , APRESENTAÇÃO: MASSA , SABOR: MEIO AMARGO , PRAZO VALIDADE MÍNIMO: 12 MESES ",0.0188801464683016
606522,"Café torrado moído torra escura","n_combinacoes_unidade","463707","BATATA PROCESSADA, ESPÉCIE: INGLESA , TIPO FORMATO: PALHA , TIPO: FRITA , APRESENTAÇÃO: PRONTO PARA CONSUMO ",0.0181708247478695
606522,"Café torrado moído torra escura","n_combinacoes_unidade","446534","CREME DE LEITE, TEOR GORDURA: 21 A 40% DE GORDURA , PROCESSAMENTO: UHT ",0.0181595370517026
606522,"Café torrado moído torra escura","n_combinacoes_unidade","446618","OVO, ORIGEM: GALINHA , GRUPO: BRANCO , CLASSE: A , TIPO: GRANDE ",0.0180769564569669
606522,"Café torrado moído torra escura","n_combinacoes_unidade","291893","SAL, TIPO: REFINADO , APLICAÇÃO: ALIMENTÍCIA , CARACTERÍSTICAS ADICIONAIS: TEOR MÍNIMO CLORETO DE SÓDIO 98,5% ",0.0176363561015019
606522,"Café torrado moído torra escura","n_combinacoes_unidade","463547","CHOCOLATE, TIPO: PRETO , APRESENTAÇÃO: PÓ , SABOR: TRADICIONAL , CARACTERÍSTICA ADICIONAL: 50 % CACAU ",0.0174256115764893
606522,"Café torrado moído torra escura","n_combinacoes_unidade","463856","CONDIMENTO, TIPO: ALECRIM , APRESENTAÇÃO: DESIDRATADO ",0.0172693928462101
606522,"Café torrado moído torra escura","n_combinacoes_unidade","463917","CONDIMENTO, TIPO: PÁPRICA , APRESENTAÇÃO: PÓ ",0.0161654618879939
606522,"Café torrado moído torra escura","n_combinacoes_unidade","445479","ÁGUA MINERAL NATURAL, TIPO: COM GÁS , MATERIAL EMBALAGEM: PLÁSTICO , TIPO EMBALAGEM: DESCARTÁVEL ",0.0154882620090397
606522,"Café torrado moído torra escura","n_combinacoes_unidade","463876","CONDIMENTO, TIPO: COENTRO , APRESENTAÇÃO: NATURAL ",0.0153386160576527
606522,"Café torrado moído torra escura","n_combinacoes_unidade","459645","LEGUME EM CONSERVA, TIPO: AZEITONA PRETA , TAMANHO: GRANDE , APRESENTAÇÃO: SEM CAROÇO ",0.0139860410308537
606522,"Café torrado moído torra escura","n_combinacoes_unidade","232930","BISCOITO, APRESENTAÇÃO: QUADRADO , SABOR: CREAM CRACKER , CLASSIFICAÇÃO: SALGADO , CARACTERÍSTICAS ADICIONAIS: SEM RECHEIO , APLICAÇÃO: ALIMENTAÇÃO HUMANA ",0.0138566812763601
606522,"Café torrado moído torra escura","n_combinacoes_unidade","463830","VERDURA IN NATURA, TIPO: ALFACE AMERICANA ",0.0131947726161638
606522,"Café torrado moído torra escura","n_combinacoes_unidade","255973","BISCOITO, APRESENTAÇÃO: RETANGULAR , CLASSIFICAÇÃO: SALGADO , TIPO: CLUB SOCIAL , APLICAÇÃO: ALIMENTAÇÃO HUMANA ",0.0128874536133036
606522,"Café torrado moído torra escura","n_combinacoes_unidade","463872","CONDIMENTO, TIPO: CANELA , APRESENTAÇÃO: PÓ ",0.0128159189885802
606522,"Café torrado moído torra escura","n_combinacoes_unidade","463819","VERDURA IN NATURA, TIPO: AGRIÃO ",0.0128119934675879
606522,"Café torrado moído torra escura","n_combinacoes_unidade","463833","VERDURA IN NATURA, TIPO: ALFACE LISA ",0.0125297634551691
606522,"Café torrado moído torra escura","n_combinacoes_unidade","463930","CONDIMENTO, TIPO: SALSA , APRESENTAÇÃO: NATURAL ",0.0125190005796344
606522,"Café torrado moído torra escura","n_combinacoes_unidade","465332","FARINHA DE TRIGO, GRUPO: INDUSTRIAL , TIPO: TIPO 1, ESPECIAL , INGREDIENTE ADICIONAL: SEM FERMENTO ",0.012466484925609
606522,"Café torrado moído torra escura","n_combinacoes_unidade","464011","LEITE CÔCO, TIPO: INTEGRAL , PRAZO VALIDADE MÍNIMO: 12 MESES ",0.0124001721311554
606522,"Café torrado moído torra escura","n_combinacoes_unidade","465350","MASSA ALIMENTÍCIA, TIPO: PARA LASANHA , BASE DA MASSA: FARINHA DE TRIGO REFINADA , APRESENTAÇÃO: FRESCA/RESFRIADA , FORMATO: LAMINADA ",0.0123485358074897
606522,"Café torrado moído torra escura","n_combinacoes_unidade","471259","CHOCOLATE, TIPO: PRETO , APRESENTAÇÃO: GRANULADO , SABOR: TRADICIONAL ",0.0121125137928465
606522,"Café torrado moído torra escura","n_combinacoes_unidade","463906","CONDIMENTO, TIPO: MANJERICÃO , APRESENTAÇÃO: NATURAL ",0.0120954182594854
606522,"Café torrado moído torra escura","n_combinacoes_unidade","463873","CONDIMENTO, TIPO: CANELA , APRESENTAÇÃO: CASCA ",0.0119028833283593
606522,"Café torrado moído torra escura","n_combinacoes_unidade","236197","ADOÇANTE, ASPECTO FÍSICO: LÍQUIDO , INGREDIENTES: ESTÉVIA , TIPO: DIETÉTICO ",0.011767132566701
606522,"Café torrado moído torra escura","n_combinacoes_unidade","463919","CONDIMENTO, TIPO: PIMENTA DO REINO , APRESENTAÇÃO: PÓ ",0.011756213832256
606522,"Café torrado moído torra escura","n_combinacoes_unidade","462666","DOCE NÃO CONFEITADO, TIPO: MASSA , SABOR: BANANA ",0.0116797135775304
606522,"Café torrado moído torra escura","n_combinacoes_unidade","458904","ARROZ BENEFICIADO, TIPO: AGULHINHA/BRANCO , SUBGRUPO: POLIDO , CLASSE: LONGO FINO , QUALIDADE: TIPO 1 ",0.011230368732811
606522,"Café torrado moído torra escura","n_combinacoes_unidade","464012","LEITE CÔCO, TIPO: MAGRO , CARACTERÍSTICA ADICIONAL: TEOR DE GORDURA REDUZIDA ",0.0106732338681856
606522,"Café torrado moído torra escura","n_combinacoes_unidade","460263","FARINHA DE TRIGO, GRUPO: DOMÉSTICO , TIPO: TIPO 1, ESPECIAL , INGREDIENTE ADICIONAL: FORTIFICADA COM FERRO E ÁCIDO FÓLICO ",0.0103769186210567
606522,"Café torrado moído torra escura","n_combinacoes_unidade","459638","LEGUME EM CONSERVA, TIPO: AZEITONA VERDE , TAMANHO: MÉDIA , APRESENTAÇÃO: SEM CAROÇO ",0.0100501861732012
606522,"Café torrado moído torra escura","n_combinacoes_unidade","460501","AVEIA BENEFICIADA, CLASSE: BRANCA , APRESENTAÇÃO: EM FLOCOS FINOS , PRESENÇA DE GLÚTEN: CONTÉM GLÚTEN ",0.00995425957768137
606522,"Café torrado moído torra escura","n_combinacoes_unidade","463822","VERDURA IN NATURA, TIPO: COUVE ",0.00992938709186308
606522,"Café torrado moído torra escura","n_combinacoes_unidade","462825","LEGUME EM CONSERVA, TIPO: SELETA ",0.00960804896394325
606522,"Café torrado moído torra escura","n_combinacoes_unidade","462657","DOCE NÃO CONFEITADO, TIPO: EM CALDA , SABOR: ABACAXI ",0.00922592256311487
606522,"Café torrado moído torra escura","n_combinacoes_unidade","454018","SAL, TIPO: GROSSO , APLICAÇÃO: ALIMENTÍCIA , TEOR MÁXIMO SÓDIO: 390 MG/G, ACIDEZ: 7,0 PH",0.00876766021399506
606522,"Café torrado moído torra escura","n_combinacoes_unidade","463892","CONDIMENTO, TIPO: CRAVO DA ÍNDIA , APRESENTAÇÃO: FLOR ",0.00866016399584166
606522,"Café torrado moído torra escura","n_combinacoes_unidade","463878","CONDIMENTO, TIPO: CEBOLINHA , APRESENTAÇÃO: NATURAL ",0.00859169411775853
606522,"Café torrado moído torra escura","n_combinacoes_unidade","463556","ACHOCOLATADO, APRESENTAÇÃO: PÓ , SABOR: TRADICIONAL , CARACTERÍSTICA ADICIONAL: ENRIQUECIDO COM VITAMINAS ",0.0075181629693771
606522,"Café torrado moído torra escura","n_combinacoes_unidade","446648","QUEIJO, ORIGEM: DE VACA , VARIEDADE: PARMESÃO , APRESENTAÇÃO: RALADO ",0.00622528449664501
606522,"Café torrado moído torra escura","n_combinacoes_unidade","396125","SUCO, APRESENTAÇÃO: PÓ , SABOR: VARIADO , TIPO: ARTIFICIAL ",0.00574797081102657
606522,"Café torrado moído torra escura","n_combinacoes_unidade","462662","DOCE NÃO CONFEITADO, TIPO: EM CALDA , SABOR: AMEIXA ",0.00560773732517399
606522,"Café torrado moído torra escura","n_combinacoes_unidade","241553","MOLHO PIMENTA, COMPOSIÇÃO: ÁGUA/PIMENTA VERMELHA MOÍDA/VINAGRE DE ÁLCOOL/SAL , APLICAÇÃO: ALIMENTOS , TIPO USO: CULINÁRIA EM GERAL ",0.00526896862097513
606522,"Café torrado moído torra escura","n_combinacoes_unidade","269172","TEMPERO, TIPO: ALHO E SAL , APRESENTAÇÃO: PASTA , APLICAÇÃO: USO CULINÁRIO ",0.00510847626736635
606522,"Café torrado moído torra escura","n_combinacoes_unidade","390172","BISCOITO, SABOR: SALGADO INTEGRAL , TIPO: CLUB SOCIAL ",0.00419957432259695
606522,"Café torrado moído torra escura","n_combinacoes_unidade","339478","TEMPERO, TIPO: CALDO , APRESENTAÇÃO: PÓ , APLICAÇÃO: USO CULINÁRIO , SABOR: GALINHA ",0.00383599308547523
606522,"Café torrado moído torra escura","n_combinacoes_unidade","446671","QUEIJO, ORIGEM: DE VACA , VARIEDADE: REQUEIJÃO , APRESENTAÇÃO: CREMOSO ",0.00379263777927309
606522,"Café torrado moído torra escura","n_combinacoes_unidade","446704","IOGURTE NATURAL, TEOR GORDURA: INTEGRAL , SABOR: COM SABOR , COMPONENTES: COM POLPA OU PEDAÇOS DE FRUTA ",0.00374391083928227
606522,"Café torrado moído torra escura","n_combinacoes_unidade","446536","CREME DE LEITE, TEOR GORDURA: ACIMA DE 40% DE GORDURA , PROCESSAMENTO: PASTEURIZADO , CARACTERÍSTICAS ADICIONAIS: CREME TIPO NATA ",0.00355401756246034
606522,"Café torrado moído torra escura","n_combinacoes_unidade","233873","TEMPERO, TIPO: COMPLETO SEM PIMENTA , APRESENTAÇÃO: PASTA , APLICAÇÃO: USO CULINÁRIO ",0.00325840209285129
606522,"Café torrado moído torra escura","n_combinacoes_unidade","463920","CONDIMENTO, TIPO: PIMENTA DO REINO , APRESENTAÇÃO: MOÍDO ",0.00233703429031166
606522,"Café torrado moído torra escura","n_combinacoes_unidade","459077","AMIDO, BASE: DE MILHO ",0.00200206049311826
606522,"Café torrado moído torra escura","n_combinacoes_unidade","463826","VERDURA IN NATURA, TIPO: RÚCULA ",0.00177547068863229
606522,"Café torrado moído torra escura","n_combinacoes_unidade","463912","CONDIMENTO, TIPO: NOZ MOSCADA , APRESENTAÇÃO: PÓ ",0.000801559537076659
606522,"Café torrado moído torra escura","n_combinacoes_unidade","463857","CONDIMENTO, TIPO: AÇAFRÃO , APRESENTAÇÃO: PÓ ",0.000453109285193939
606522,"Café torrado moído torra escura","median_preco","447446","CARNE BOVINA IN NATURA, TIPO CORTE: PATINHO , APRESENTAÇÃO: MOIDA , ESTADO DE CONSERVAÇÃO: CONGELADO(A) ",0.0347489642144677
606522,"Café torrado moído torra escura","median_preco","448999","PEIXE EM CONSERVA, VARIEDADE: ATUM , APRESENTAÇÃO: RALADO , MEIO DE COBERTURA: COM ÓLEO COMESTÍVEL ",0.0316127262627052
606522,"Café torrado moído torra escura","median_preco","447470","CARNE BOVINA IN NATURA, TIPO CORTE: MAMINHA DA ALCATRA , APRESENTAÇÃO: PEÇA INTEIRA , ESTADO DE CONSERVAÇÃO: CONGELADO(A) ",0.0314355422790229
606522,"Café torrado moído torra escura","median_preco","463534","CHOCOLATE, TIPO: BRANCO , APRESENTAÇÃO: MASSA , SABOR: TRADICIONAL , PRAZO VALIDADE MÍNIMO: 12 MESES ",0.0298778709861071
606522,"Café torrado moído torra escura","median_preco","446654","QUEIJO, ORIGEM: DE VACA , VARIEDADE: RICOTA , TIPO: FRESCO , APRESENTAÇÃO: PEÇA ",0.0298756674233934
606522,"Café torrado moído torra escura","median_preco","447414","CARNE BOVINA IN NATURA, TIPO CORTE: COSTELA , APRESENTAÇÃO: PEDAÇO , ESTADO DE CONSERVAÇÃO: CONGELADO(A) ",0.0281961632180939
606522,"Café torrado moído torra escura","median_preco","447448","CARNE BOVINA IN NATURA, TIPO CORTE: PATINHO , APRESENTAÇÃO: PEÇA INTEIRA , ESTADO DE CONSERVAÇÃO: CONGELADO(A) ",0.0281483877614062
606522,"Café torrado moído torra escura","median_preco","447479","CARNE BOVINA IN NATURA, TIPO CORTE: MIOLO OU CORAÇÃO DA ALCATRA , APRESENTAÇÃO: PEÇA INTEIRA , ESTADO DE CONSERVAÇÃO: CONGELADO(A) ",0.0275445331756345
606522,"Café torrado moído torra escura","median_preco","447668","CARNE DEFUMADA, TIPO CORTE: TOUCINHO (BACON) , TIPO ANIMAL: SUÍNA , APRESENTAÇÃO: FATIADA , ESTADO DE CONSERVAÇÃO: RESFRIADO(A) ",0.0270460278406826
606522,"Café torrado moído torra escura","median_preco","447748","CARNE PROCESSADA, VARIEDADE: HAMBURGUER , TIPO: FRANGO , SABOR: TEMPERADO , ESTADO DE CONSERVAÇÃO: CONGELADO(A) ",0.0259095499773549
606522,"Café torrado moído torra escura","median_preco","463856","CONDIMENTO, TIPO: ALECRIM , APRESENTAÇÃO: DESIDRATADO ",0.0253772531556975
606522,"Café torrado moído torra escura","median_preco","459639","LEGUME EM CONSERVA, TIPO: AZEITONA VERDE , TAMANHO: GRANDE , APRESENTAÇÃO: SEM CAROÇO ",0.024569112480041
606522,"Café torrado moído torra escura","median_preco","459645","LEGUME EM CONSERVA, TIPO: AZEITONA PRETA , TAMANHO: GRANDE , APRESENTAÇÃO: SEM CAROÇO ",0.024541040346302
606522,"Café torrado moído torra escura","median_preco","446633","QUEIJO, ORIGEM: DE VACA , VARIEDADE: MUÇARELA , APRESENTAÇÃO: PEÇA ",0.0242355242798091
606522,"Café torrado moído torra escura","median_preco","463938","CONDIMENTO, TIPO: ALHO , APRESENTAÇÃO: NATURAL , ADICIONAL: CABEÇA ",0.0229582365149984
606522,"Café torrado moído torra escura","median_preco","462662","DOCE NÃO CONFEITADO, TIPO: EM CALDA , SABOR: AMEIXA ",0.0219113756404179
606522,"Café torrado moído torra escura","median_preco","446639","QUEIJO, ORIGEM: DE VACA , VARIEDADE: PRATO , APRESENTAÇÃO: PEÇA ",0.0216663185684989
606522,"Café torrado moído torra escura","median_preco","464883","FRUTA, TIPO 1: UVA PASSA , APRESENTAÇÃO: DESIDRATADA / SECA , ADICIONAL: PRETA ",0.0212009476679647
606522,"Café torrado moído torra escura","median_preco","447441","CARNE BOVINA IN NATURA, TIPO CORTE: LAGARTO , APRESENTAÇÃO: PEÇA INTEIRA , ESTADO DE CONSERVAÇÃO: CONGELADO(A) ",0.0209588350555943
606522,"Café torrado moído torra escura","median_preco","447431","CARNE BOVINA IN NATURA, TIPO CORTE: COXÃO MOLE , APRESENTAÇÃO: PEÇA INTEIRA , ESTADO DE CONSERVAÇÃO: CONGELADO(A) ",0.0197829470584204
606522,"Café torrado moído torra escura","median_preco","446019","LEITE EM PÓ, ORIGEM: DE VACA , TEOR GORDURA: INTEGRAL , SOLUBILIDADE: INSTANTÂNEO ",0.0196976497941519
606522,"Café torrado moído torra escura","median_preco","444323","CEREAL PREPARADO, ASPECTO FÍSICO: GRÂOS , COMPONENTES: AVEIA, BANANA, MAÇÃ E CANELA , CARACTERÍSTICAS ADICIONAIS: GRANOLA ",0.0195645971948507
606522,"Café torrado moído torra escura","median_preco","447734","CARNE SALGADA, TIPO CORTE: PONTA DE AGULHA - CHARQUE , ORIGEM: BOVINA , APRESENTAÇÃO: EM MANTAS , ESTADO DE CONSERVAÇÃO: SECO(A) ",0.0187269119601977
606522,"Café torrado moído torra escura","median_preco","447666","CARNE DEFUMADA, TIPO CORTE: TOUCINHO (BACON) , TIPO ANIMAL: SUÍNA , APRESENTAÇÃO: EM MANTAS , ESTADO DE CONSERVAÇÃO: RESFRIADO(A) ",0.0186382469166071
606522,"Café torrado moído torra escura","median_preco","448953","PEIXE IN NATURA, VARIEDADE: TILÁPIA , TIPO CORTE: FILÉ , APRESENTAÇÃO: SEM PELE , ESTADO DE CONSERVAÇÃO: CONGELADO(A) ",0.018095716691592
606522,"Café torrado moído torra escura","median_preco","447770","FRIOS, VARIEDADE: PRESUNTO DE PERNIL , TIPO PREPARAÇÃO: COZIDO , COMPOSIÇÃO: COM CAPA DE GORDURA , APRESENTAÇÃO: PEÇA INTEIRA , ESTADO DE CONSERVAÇÃO: RESFRIADO(A) ",0.0179344774636175
606522,"Café torrado moído torra escura","median_preco","447733","CARNE SALGADA, TIPO CORTE: COXÃO MOLE - CHARQUE , ORIGEM: BOVINA , APRESENTAÇÃO: EM MANTAS , ESTADO DE CONSERVAÇÃO: SECO(A) ",0.0177746496238124
606522,"Café torrado moído torra escura","median_preco","447747","CARNE PROCESSADA, VARIEDADE: HAMBURGUER , TIPO: BOVINO , SABOR: TEMPERADO , ESTADO DE CONSERVAÇÃO: CONGELADO(A) ",0.0172863997202876
606522,"Café torrado moído torra escura","median_preco","447774","FRIOS, VARIEDADE: PRESUNTO DE PERNIL , TIPO PREPARAÇÃO: COZIDO , COMPOSIÇÃO: SEM CAPA DE GORDURA , APRESENTAÇÃO: FATIADO , ESTADO DE CONSERVAÇÃO: RESFRIADO(A) ",0.017133046608934
606522,"Café torrado moído torra escura","median_preco","463916","CONDIMENTO, TIPO: ORÉGANO , APRESENTAÇÃO: DESIDRATADO ",0.0165874594212836
606522,"Café torrado moído torra escura","median_preco","447640","CARNE DE AVE IN NATURA, TIPO ANIMAL: FRANGO , TIPO CORTE: CORAÇÃO , APRESENTAÇÃO: INTEIRO , ESTADO DE CONSERVAÇÃO: RESFRIADO(A) ",0.015914316394836
606522,"Café torrado moído torra escura","median_preco","447771","FRIOS, VARIEDADE: PRESUNTO DE PERNIL , TIPO PREPARAÇÃO: COZIDO , COMPOSIÇÃO: SEM CAPA DE GORDURA , APRESENTAÇÃO: PEÇA INTEIRA , ESTADO DE CONSERVAÇÃO: RESFRIADO(A) ",0.0157229162148973
606522,"Café torrado moído torra escura","median_preco","463860","CONDIMENTO, TIPO: ALHO , APRESENTAÇÃO: GRANULADO ",0.0154134366675032
606522,"Café torrado moído torra escura","median_preco","462675","DOCE NÃO CONFEITADO, TIPO: EM CALDA , SABOR: FIGO ",0.0151788869938639
606522,"Café torrado moído torra escura","median_preco","463904","CONDIMENTO, TIPO: LOURO , APRESENTAÇÃO: FOLHA ",0.0151263899809256
606522,"Café torrado moído torra escura","median_preco","464328","FRUTA, TIPO: MORANGO , APRESENTAÇÃO: NATURAL ",0.0150851728164284
606522,"Café torrado moído torra escura","median_preco","447072","QUEIJO, ORIGEM: DE VACA , VARIEDADE: COALHO , TIPO: FRESCO , APRESENTAÇÃO: PEÇA ",0.014986407278585
606522,"Café torrado moído torra escura","median_preco","462684","DOCE NÃO CONFEITADO, TIPO: EM CALDA , SABOR: PÊSSEGO ",0.0144732675104598
606522,"Café torrado moído torra escura","median_preco","449006","PEIXE EM CONSERVA, VARIEDADE: SARDINHA , APRESENTAÇÃO: DESCABEÇADA E EVISCERADA , MEIO DE COBERTURA: COM ÓLEO COMESTÍVEL ",0.0137361989704081
606522,"Café torrado moído torra escura","median_preco","448897","PEIXE IN NATURA, VARIEDADE: MERLUZA , TIPO CORTE: FILÉ , APRESENTAÇÃO: SEM PELE , ESTADO DE CONSERVAÇÃO: CONGELADO(A) ",0.01364072698153
606522,"Café torrado moído torra escura","median_preco","459586","FERMENTO, TIPO: QUÍMICO , APRESENTAÇÃO: PÓ ",0.0135618313247797
606522,"Café torrado moído torra escura","median_preco","447792","FRIOS, VARIEDADE: PEITO DE PERU , TIPO PREPARAÇÃO: DEFUMADO , APRESENTAÇÃO: PEÇA INTEIRA , ESTADO DE CONSERVAÇÃO: RESFRIADO(A) ",0.0135172156975635
606522,"Café torrado moído torra escura","median_preco","316835","BISCOITO, APRESENTAÇÃO: SORTIDO , CLASSIFICAÇÃO: DOCE , TIPO: AMANTEIGADO , APLICAÇÃO: ALIMENTAÇÃO HUMANA ",0.0131450585472842
606522,"Café torrado moído torra escura","median_preco","467201","CARNE SALGADA, TIPO CORTE: PARA FEIJOADA , ORIGEM: CARNE SUÍNA, BOVINA E DE FRANGO , APRESENTAÇÃO: CORTADA , ESTADO DE CONSERVAÇÃO: RESFRIADO(A) ",0.0128455092925004
606522,"Café torrado moído torra escura","median_preco","468477","LEGUME EM CONSERVA, TIPO: PEPINO , ADICIONAL: PICLES ",0.0114776591325201
606522,"Café torrado moído torra escura","median_preco","449182","EMBUTIDO, TIPO: LINGUIÇA PAIO , TIPO PREPARAÇÃO: DEFUMADA , ESTADO DE CONSERVAÇÃO: RESFRIADO(A) ",0.0100377934439818
606522,"Café torrado moído torra escura","median_preco","462101","CONDIMENTO*, MATÉRIA-PRIMA: TOMATE SECO , ASPECTO FÍSICO: DESIDRATADA , APLICAÇÃO: ALIMENTAÇÃO , CARACTERÍSTICAS ADICIONAIS: ÓLEO DE MILHO, AZEITE DE OLIVA, SAL, AÇÚCAR E  ES- ",0.00975400026177921
606522,"Café torrado moído torra escura","median_preco","446671","QUEIJO, ORIGEM: DE VACA , VARIEDADE: REQUEIJÃO , APRESENTAÇÃO: CREMOSO ",0.00889049232216266
606522,"Café torrado moído torra escura","median_preco","447776","FRIOS, VARIEDADE: PRESUNTO DE PERU , TIPO PREPARAÇÃO: COZIDO , APRESENTAÇÃO: PEÇA INTEIRA , ESTADO DE CONSERVAÇÃO: RESFRIADO(A) ",0.00874136228639188
606522,"Café torrado moído torra escura","median_preco","475579","ARROZ BENEFICIADO, TIPO: ARBÓREO , SUBGRUPO: POLIDO , CLASSE: MÉDIO , QUALIDADE: TIPO 1 ",0.00801755104359952
606522,"Café torrado moído torra escura","median_preco","463908","CONDIMENTO, TIPO: MANJERICÃO , APRESENTAÇÃO: DESIDRATADO ",0.00778181158589682
606522,"Café torrado moído torra escura","median_preco","463707","BATATA PROCESSADA, ESPÉCIE: INGLESA , TIPO FORMATO: PALHA , TIPO: FRITA , APRESENTAÇÃO: PRONTO PARA CONSUMO ",0.00746698223032738
606522,"Café torrado moído torra escura","median_preco","446626","OVO PROCESSADO, ORIGEM: CODORNA , APRESENTAÇÃO: EM CONSERVA ",0.00727043514998352
606522,"Café torrado moído torra escura","median_preco","390172","BISCOITO, SABOR: SALGADO INTEGRAL , TIPO: CLUB SOCIAL ",0.00610605985729902
606522,"Café torrado moído torra escura","median_preco","460486","LEGUME EM CONSERVA, TIPO: PALMITO , APRESENTAÇÃO: INTEIRO ",0.00273776086845349
606522,"Café torrado moído torra escura","median_preco","463536","CHOCOLATE, TIPO: PRETO , APRESENTAÇÃO: MASSA , SABOR: AO LEITE , PRAZO VALIDADE MÍNIMO: 12 MESES ",0.00140550989464363
606522,"Café torrado moído torra escura","median_preco","421669","CÔCO RALADO, INGREDIENTES: AMÊNDOA DE CÔCO , APRESENTAÇÃO: TRITURADO , CARACTERÍSTICAS ADICIONAIS: SEM AÇUCAR ",0.000821511324908069
606522,"Café torrado moído torra escura","median_preco","427816","CÔCO RALADO, INGREDIENTES: AMÊNDOA DE CÔCO , APRESENTAÇÃO: DESIDRATADO E TRITURADO , CARACTERÍSTICAS ADICIONAIS: DESENGORDURA, SEM GLÚTEN ",0.000821511324908069
606522,"Café torrado moído torra escura","median_preco","446536","CREME DE LEITE, TEOR GORDURA: ACIMA DE 40% DE GORDURA , PROCESSAMENTO: PASTEURIZADO , CARACTERÍSTICAS ADICIONAIS: CREME TIPO NATA ",0.000821511324908069
606522,"Café torrado moído torra escura","median_preco","446660","QUEIJO, ORIGEM: DE VACA , VARIEDADE: MINAS , TIPO: FRESCO , APRESENTAÇÃO: PEÇA ",0.000821511324908069
606522,"Café torrado moído torra escura","median_preco","459596","FERMENTO, TIPO: BIOLÓGICO SECO , APRESENTAÇÃO: PÓ GRANULADO ",0.000821511324908069
606522,"Café torrado moído torra escura","median_preco","467306","CHOCOLATE, TIPO: PRETO , APRESENTAÇÃO: MASSA , SABOR: MEIO AMARGO , PRAZO VALIDADE MÍNIMO: 12 MESES ",0.000821511324908069
606523,"Café torrado moído torra média","n_fornecedores","463692","ÓLEO VEGETAL COMESTÍVEL, TIPO: PURO , ESPÉCIE VEGETAL: SOJA , TIPO QUALIDADE: TIPO 1 ",0.0384396430117425
606523,"Café torrado moído torra média","n_fornecedores","463795","LEGUME IN NATURA, TIPO: MANDIOCA / AIPIM ",0.0317477491190363
606523,"Café torrado moído torra média","n_fornecedores","463778","LEGUME IN NATURA, TIPO: CHUCHU VERDE ",0.0292152789968904
606523,"Café torrado moído torra média","n_fornecedores","464381","FRUTA, TIPO: BANANA PRATA / BANANA BRANCA , APRESENTAÇÃO: NATURAL ",0.0291317766982593
606523,"Café torrado moído torra média","n_fornecedores","463781","LEGUME IN NATURA, TIPO: CEBOLA BRANCA ",0.0277215545912189
606523,"Café torrado moído torra média","n_fornecedores","464398","FRUTA, TIPO: LIMÃO TAITI , APRESENTAÇÃO: NATURAL ",0.0265062798880704
606523,"Café torrado moído torra média","n_fornecedores","464552","LEGUMINOSA, VARIEDADE: FEIJÃO PRETO , TIPO: TIPO 1 ",0.0262330476509442
606523,"Café torrado moído torra média","n_fornecedores","446019","LEITE EM PÓ, ORIGEM: DE VACA , TEOR GORDURA: INTEGRAL , SOLUBILIDADE: INSTANTÂNEO ",0.0253716435388905
606523,"Café torrado moído torra média","n_fornecedores","463789","LEGUME IN NATURA, TIPO: INHAME ",0.0248152522388669
606523,"Café torrado moído torra média","n_fornecedores","463699","GORDURA VEGETAL, TIPO: MARGARINA , SUBTIPO: CREMOSA , COMPOSIÇÃO BÁSICA: MÍNIMO DE 80% DE GORDURA , SABOR: COM SAL ",0.0239901563124286
606523,"Café torrado moído torra média","n_fornecedores","459670","MASSA DE TOMATE, TIPO: EXTRATO CONCENTRADO , COMPOSIÇÃO: TRADICIONAL , APRESENTAÇÃO: CREME ",0.0236211655668144
606523,"Café torrado moído torra média","n_fornecedores","463937","CONDIMENTO, TIPO: URUCUM , APRESENTAÇÃO: PÓ ",0.0232360717441853
606523,"Café torrado moído torra média","n_fornecedores","463770","LEGUME IN NATURA, TIPO: CENOURA ",0.0231905496461883
606523,"Café torrado moído torra média","n_fornecedores","459663","MOLHO DE MESA, TIPO: CATCHUP , COMPOSIÇÃO: TRADICIONAL , APRESENTAÇÃO: CREME ",0.0210719831508643
606523,"Café torrado moído torra média","n_fornecedores","464393","FRUTA, TIPO: LARANJA PERA , APRESENTAÇÃO: NATURAL ",0.0210656818505716
606523,"Café torrado moído torra média","n_fornecedores","463839","VERDURA IN NATURA, TIPO: REPOLHO BRANCO / VERDE ",0.0208306134580045
606523,"Café torrado moído torra média","n_fornecedores","463938","CONDIMENTO, TIPO: ALHO , APRESENTAÇÃO: NATURAL , ADICIONAL: CABEÇA ",0.0197391095874119
606523,"Café torrado moído torra média","n_fornecedores","463754","LEGUME IN NATURA, TIPO: BATATA INGLESA ",0.0188105382570201
606523,"Café torrado moído torra média","n_fornecedores","464553","LEGUMINOSA, VARIEDADE: FEIJÃO CARIOCA , TIPO: TIPO 1 ",0.0188095502377771
606523,"Café torrado moído torra média","n_fornecedores","458904","ARROZ BENEFICIADO, TIPO: AGULHINHA/BRANCO , SUBGRUPO: POLIDO , CLASSE: LONGO FINO , QUALIDADE: TIPO 1 ",0.0187025031578319
606523,"Café torrado moído torra média","n_fornecedores","464405","FRUTA, TIPO: MAMÃO FORMOSA , APRESENTAÇÃO: NATURAL ",0.0179243011719249
606523,"Café torrado moído torra média","n_fornecedores","463746","LEGUME IN NATURA, TIPO: ABÓBORA MORANGA ",0.0178916491518757
606523,"Café torrado moído torra média","n_fornecedores","462823","LEGUME EM CONSERVA, TIPO: ERVILHA ",0.0167604889360183
606523,"Café torrado moído torra média","n_fornecedores","463904","CONDIMENTO, TIPO: LOURO , APRESENTAÇÃO: FOLHA ",0.0160984707678502
606523,"Café torrado moído torra média","n_fornecedores","217784","REFRIGERANTE, MATERIAL: ÁGUA GASOSA/XAROPE , SABOR: COLA ",0.0159292099228448
606523,"Café torrado moído torra média","n_fornecedores","459586","FERMENTO, TIPO: QUÍMICO , APRESENTAÇÃO: PÓ ",0.0154114875811278
606523,"Café torrado moído torra média","n_fornecedores","446618","OVO, ORIGEM: GALINHA , GRUPO: BRANCO , CLASSE: A , TIPO: GRANDE ",0.0150139828533794
606523,"Café torrado moído torra média","n_fornecedores","460380","PÃO, BASE: DE FARINHA DE TRIGO REFINADA , TIPO: TIPO FRANÇÊS/BRANCO/DE SAL ",0.0142945590258864
606523,"Café torrado moído torra média","n_fornecedores","463876","CONDIMENTO, TIPO: COENTRO , APRESENTAÇÃO: NATURAL ",0.0141355235621471
606523,"Café torrado moído torra média","n_fornecedores","463822","VERDURA IN NATURA, TIPO: COUVE ",0.0140860377346281
606523,"Café torrado moído torra média","n_fornecedores","447702","EMBUTIDO, TIPO: LINGUIÇA CALABRESA , TAMANHO: GROSSA , TIPO PREPARAÇÃO: DEFUMADA , ESTADO DE CONSERVAÇÃO: RESFRIADO(A) ",0.0139710469624472
606523,"Café torrado moído torra média","n_fornecedores","462824","LEGUME EM CONSERVA, TIPO: MILHO VERDE ",0.0134214789918331
606523,"Café torrado moído torra média","n_fornecedores","463796","LEGUME IN NATURA, TIPO: PEPINO ",0.0131528409988333
606523,"Café torrado moído torra média","n_fornecedores","463831","VERDURA IN NATURA, TIPO: COUVE-FLOR ",0.0124410411220009
606523,"Café torrado moído torra média","n_fornecedores","463767","LEGUME IN NATURA, TIPO: BETERRABA ",0.0124200847120554
606523,"Café torrado moído torra média","n_fornecedores","445479","ÁGUA MINERAL NATURAL, TIPO: COM GÁS , MATERIAL EMBALAGEM: PLÁSTICO , TIPO EMBALAGEM: DESCARTÁVEL ",0.0124071811724649
606523,"Café torrado moído torra média","n_fornecedores","463923","CONDIMENTO, TIPO: PIMENTA DE CHEIRO , APRESENTAÇÃO: NATURAL ",0.0123067946576076
606523,"Café torrado moído torra média","n_fornecedores","463707","BATATA PROCESSADA, ESPÉCIE: INGLESA , TIPO FORMATO: PALHA , TIPO: FRITA , APRESENTAÇÃO: PRONTO PARA CONSUMO ",0.0120781841238539
606523,"Café torrado moído torra média","n_fornecedores","217785","REFRIGERANTE, MATERIAL: ÁGUA GASOSA/XAROPE , SABOR: GUARANÁ ",0.0119338100267637
606523,"Café torrado moído torra média","n_fornecedores","446706","IOGURTE NATURAL, TEOR GORDURA: INTEGRAL , SABOR: SORTIDOS , COMPONENTES: COM POLPA OU PEDAÇOS DE FRUTA ",0.0118848362873093
606523,"Café torrado moído torra média","n_fornecedores","463872","CONDIMENTO, TIPO: CANELA , APRESENTAÇÃO: PÓ ",0.0116632951811795
606523,"Café torrado moído torra média","n_fornecedores","217781","REFRIGERANTE, MATERIAL: ÁGUA GASOSA/XAROPE , SABOR: LARANJA ",0.0116565115619307
606523,"Café torrado moído torra média","n_fornecedores","463809","LEGUME IN NATURA, TIPO: PIMENTÃO VERDE ",0.0114665286384428
606523,"Café torrado moído torra média","n_fornecedores","464400","FRUTA, TIPO: MAÇÃ GALA , APRESENTAÇÃO: NATURAL ",0.0113044483752386
606523,"Café torrado moído torra média","n_fornecedores","463833","VERDURA IN NATURA, TIPO: ALFACE LISA ",0.0112930060491525
606523,"Café torrado moído torra média","n_fornecedores","459077","AMIDO, BASE: DE MILHO ",0.0103247589448504
606523,"Café torrado moído torra média","n_fornecedores","464011","LEITE CÔCO, TIPO: INTEGRAL , PRAZO VALIDADE MÍNIMO: 12 MESES ",0.00986495914628977
606523,"Café torrado moído torra média","n_fornecedores","464415","FRUTA, TIPO: MARACUJÁ AZEDO / MARACUJÁ AMARELO , APRESENTAÇÃO: NATURAL ",0.00975128676011777
606523,"Café torrado moído torra média","n_fornecedores","463556","ACHOCOLATADO, APRESENTAÇÃO: PÓ , SABOR: TRADICIONAL , CARACTERÍSTICA ADICIONAL: ENRIQUECIDO COM VITAMINAS ",0.00914559807127706
606523,"Café torrado moído torra média","n_fornecedores","464436","FRUTA, TIPO: TANGERINA PONCAN , APRESENTAÇÃO: NATURAL ",0.00899883296634826
606523,"Café torrado moído torra média","n_fornecedores","463753","LEGUME IN NATURA, TIPO: BATATA DOCE ",0.00840747264996619
606523,"Café torrado moído torra média","n_fornecedores","464883","FRUTA, TIPO 1: UVA PASSA , APRESENTAÇÃO: DESIDRATADA / SECA , ADICIONAL: PRETA ",0.00793999443677544
606523,"Café torrado moído torra média","n_fornecedores","447072","QUEIJO, ORIGEM: DE VACA , VARIEDADE: COALHO , TIPO: FRESCO , APRESENTAÇÃO: PEÇA ",0.00756514703421751
606523,"Café torrado moído torra média","n_fornecedores","464401","FRUTA, TIPO: MAÇÃ FUJI , APRESENTAÇÃO: NATURAL ",0.00699704139958804
606523,"Café torrado moído torra média","n_fornecedores","464392","FRUTA, TIPO: GOIABA VERMELHA , APRESENTAÇÃO: NATURAL ",0.00686614612556543
606523,"Café torrado moído torra média","n_fornecedores","463829","VERDURA IN NATURA, TIPO: REPOLHO ROXO ",0.00623755316059665
606523,"Café torrado moído torra média","n_fornecedores","464377","FRUTA, TIPO: BANANA DA TERRA / BANANA COMPRIDA , APRESENTAÇÃO: NATURAL ",0.0060522347721804
606523,"Café torrado moído torra média","n_fornecedores","463832","VERDURA IN NATURA, TIPO: ALFACE CRESPA ",0.00559399331452855
606523,"Café torrado moído torra média","n_fornecedores","464422","FRUTA, TIPO: MELÃO AMARELO , APRESENTAÇÃO: NATURAL ",0.00546054301545855
606523,"Café torrado moído torra média","n_fornecedores","464374","FRUTA, TIPO: ABACAXI PÉROLA , APRESENTAÇÃO: NATURAL ",0.00504252636659079
606523,"Café torrado moído torra média","n_fornecedores","465332","FARINHA DE TRIGO, GRUPO: INDUSTRIAL , TIPO: TIPO 1, ESPECIAL , INGREDIENTE ADICIONAL: SEM FERMENTO ",0.00497571152782091
606523,"Café torrado moído torra média","n_fornecedores","464468","POLPA DE FRUTA, TIPO: ABACAXI , APRESENTAÇÃO: CONGELADA ",0.00496129046860178
606523,"Café torrado moído torra média","n_fornecedores","463764","LEGUME IN NATURA, TIPO: BERINJELA ",0.00494097661124676
606523,"Café torrado moído torra média","n_fornecedores","464418","FRUTA, TIPO: MELANCIA VERMELHA , APRESENTAÇÃO: NATURAL ",0.00480198956717033
606523,"Café torrado moído torra média","n_fornecedores","447666","CARNE DEFUMADA, TIPO CORTE: TOUCINHO (BACON) , TIPO ANIMAL: SUÍNA , APRESENTAÇÃO: EM MANTAS , ESTADO DE CONSERVAÇÃO: RESFRIADO(A) ",0.00420042043744398
606523,"Café torrado moído torra média","n_fornecedores","463837","VERDURA IN NATURA, TIPO: BRÓCOLIS COMUM ",0.00394378281737163
606523,"Café torrado moído torra média","n_fornecedores","463916","CONDIMENTO, TIPO: ORÉGANO , APRESENTAÇÃO: DESIDRATADO ",0.0039254235779975
606523,"Café torrado moído torra média","n_fornecedores","464449","FRUTA, TIPO: BANANA PRATA / BANANA BRANCA , APRESENTAÇÃO: NATURAL , ADICIONAL: ORGÂNICA ",0.00359300135040191
606523,"Café torrado moído torra média","n_fornecedores","464406","FRUTA, TIPO: MANGA TOMMY , APRESENTAÇÃO: NATURAL ",0.0035572937328943
606523,"Café torrado moído torra média","n_fornecedores","449182","EMBUTIDO, TIPO: LINGUIÇA PAIO , TIPO PREPARAÇÃO: DEFUMADA , ESTADO DE CONSERVAÇÃO: RESFRIADO(A) ",0.00333755363583741
606523,"Café torrado moído torra média","n_fornecedores","447705","EMBUTIDO, TIPO: LINGUIÇA TOSCANA , TAMANHO: GROSSA , TIPO PREPARAÇÃO: FRESCA , ESTADO DE CONSERVAÇÃO: RESFRIADO(A) ",0.00304271136684467
606523,"Café torrado moído torra média","n_fornecedores","463930","CONDIMENTO, TIPO: SALSA , APRESENTAÇÃO: NATURAL ",0.00299510717149568
606523,"Café torrado moído torra média","n_fornecedores","463748","LEGUME IN NATURA, TIPO: ABÓBORA CABOTIÁ / JAPONESA ",0.00278510188470521
606523,"Café torrado moído torra média","n_fornecedores","464014","LEITE CONDENSADO, TIPO: INTEGRAL , INGREDIENTE BÁSICO: LEITE IN NATURA ",0.000850124512577771
606523,"Café torrado moído torra média","n_fornecedores","463818","VERDURA IN NATURA, TIPO: ACELGA ",0.000602127776229292
606523,"Café torrado moído torra média","n_fornecedores","464438","FRUTA, TIPO: UVA ITÁLIA , APRESENTAÇÃO: NATURAL ",4.23471251970102e-05
606523,"Café torrado moído torra média","n_combinacoes_unidade","269172","TEMPERO, TIPO: ALHO E SAL , APRESENTAÇÃO: PASTA , APLICAÇÃO: USO CULINÁRIO ",0.0319290377895413
606523,"Café torrado moído torra média","n_combinacoes_unidade","305351","REFRIGERANTE, MATERIAL: ÁGUA GASOSA/XAROPE , SABOR: VARIADO ",0.0287447843260952
606523,"Café torrado moído torra média","n_combinacoes_unidade","291893","SAL, TIPO: REFINADO , APLICAÇÃO: ALIMENTÍCIA , CARACTERÍSTICAS ADICIONAIS: TEOR MÍNIMO CLORETO DE SÓDIO 98,5% ",0.028114266561093
606523,"Café torrado moído torra média","n_combinacoes_unidade","464014","LEITE CONDENSADO, TIPO: INTEGRAL , INGREDIENTE BÁSICO: LEITE IN NATURA ",0.0278615149096856
606523,"Café torrado moído torra média","n_combinacoes_unidade","465332","FARINHA DE TRIGO, GRUPO: INDUSTRIAL , TIPO: TIPO 1, ESPECIAL , INGREDIENTE ADICIONAL: SEM FERMENTO ",0.0263813769305956
606523,"Café torrado moído torra média","n_combinacoes_unidade","460401","PÃO, BASE: DE FARINHA DE TRIGO REFINADA , TIPO: DE FORMA , TIPO ADICIONAL: TRADICIONAL , APRESENTAÇÃO: FATIADO , TIPO EMBALAGEM: EMBALAGEM INDIVIDUAL ",0.0262925288536574
606523,"Café torrado moído torra média","n_combinacoes_unidade","305354","BEBIDA LÁCTEA, SABOR: VARIADO , APRESENTAÇÃO: EMBALAGEM TETRAPACK ",0.0229918250502744
606523,"Café torrado moído torra média","n_combinacoes_unidade","447747","CARNE PROCESSADA, VARIEDADE: HAMBURGUER , TIPO: BOVINO , SABOR: TEMPERADO , ESTADO DE CONSERVAÇÃO: CONGELADO(A) ",0.0221078699563161
606523,"Café torrado moído torra média","n_combinacoes_unidade","445488","ÁGUA MINERAL NATURAL, TIPO: ESPECIAL COM GÁS , MATERIAL EMBALAGEM: PLÁSTICO , TIPO EMBALAGEM: DESCARTÁVEL ",0.0215462729271976
606523,"Café torrado moído torra média","n_combinacoes_unidade","459077","AMIDO, BASE: DE MILHO ",0.0209582268886466
606523,"Café torrado moído torra média","n_combinacoes_unidade","446393","MANTEIGA, TIPO: PRIMEIRA QUALIDADE , COMPOSIÇÃO: COM SAL ",0.0199622575846244
606523,"Café torrado moído torra média","n_combinacoes_unidade","463937","CONDIMENTO, TIPO: URUCUM , APRESENTAÇÃO: PÓ ",0.0199120160661531
606523,"Café torrado moído torra média","n_combinacoes_unidade","241572","TEMPERO, APRESENTAÇÃO: TABLETE , APLICAÇÃO: USO CULINÁRIO , SABOR: CARNE ",0.0198866759868085
606523,"Café torrado moído torra média","n_combinacoes_unidade","233873","TEMPERO, TIPO: COMPLETO SEM PIMENTA , APRESENTAÇÃO: PASTA , APLICAÇÃO: USO CULINÁRIO ",0.0196534467563339
606523,"Café torrado moído torra média","n_combinacoes_unidade","463547","CHOCOLATE, TIPO: PRETO , APRESENTAÇÃO: PÓ , SABOR: TRADICIONAL , CARACTERÍSTICA ADICIONAL: 50 % CACAU ",0.0188872232786163
606523,"Café torrado moído torra média","n_combinacoes_unidade","458904","ARROZ BENEFICIADO, TIPO: AGULHINHA/BRANCO , SUBGRUPO: POLIDO , CLASSE: LONGO FINO , QUALIDADE: TIPO 1 ",0.0186149545723676
606523,"Café torrado moído torra média","n_combinacoes_unidade","462823","LEGUME EM CONSERVA, TIPO: ERVILHA ",0.0180207693973891
606523,"Café torrado moído torra média","n_combinacoes_unidade","467430","MOLHO DE MESA, TIPO: SALADA , COMPOSIÇÃO: COM SABOR , APRESENTAÇÃO: LÍQUIDO ",0.0176698620903344
606523,"Café torrado moído torra média","n_combinacoes_unidade","463891","CONDIMENTO, TIPO: COMINHO , APRESENTAÇÃO: PÓ ",0.017035790792463
606523,"Café torrado moído torra média","n_combinacoes_unidade","462670","DOCE NÃO CONFEITADO, TIPO: EM CALDA , SABOR: CEREJA ",0.0163582496569129
606523,"Café torrado moído torra média","n_combinacoes_unidade","459645","LEGUME EM CONSERVA, TIPO: AZEITONA PRETA , TAMANHO: GRANDE , APRESENTAÇÃO: SEM CAROÇO ",0.0159744634118305
606523,"Café torrado moído torra média","n_combinacoes_unidade","463707","BATATA PROCESSADA, ESPÉCIE: INGLESA , TIPO FORMATO: PALHA , TIPO: FRITA , APRESENTAÇÃO: PRONTO PARA CONSUMO ",0.0159380689994352
606523,"Café torrado moído torra média","n_combinacoes_unidade","463876","CONDIMENTO, TIPO: COENTRO , APRESENTAÇÃO: NATURAL ",0.0157817746253025
606523,"Café torrado moído torra média","n_combinacoes_unidade","459655","MOLHO DE MESA, TIPO: INGLÊS , COMPOSIÇÃO: TRADICIONAL , APRESENTAÇÃO: LÍQUIDO ",0.0157414403416323
606523,"Café torrado moído torra média","n_combinacoes_unidade","447702","EMBUTIDO, TIPO: LINGUIÇA CALABRESA , TAMANHO: GROSSA , TIPO PREPARAÇÃO: DEFUMADA , ESTADO DE CONSERVAÇÃO: RESFRIADO(A) ",0.0156970632156737
606523,"Café torrado moído torra média","n_combinacoes_unidade","217132","BISCOITO, APRESENTAÇÃO: RETANGULAR , SABOR: MAIZENA , CLASSIFICAÇÃO: DOCE , CARACTERÍSTICAS ADICIONAIS: SEM RECHEIO ",0.0155723852836974
606523,"Café torrado moído torra média","n_combinacoes_unidade","446648","QUEIJO, ORIGEM: DE VACA , VARIEDADE: PARMESÃO , APRESENTAÇÃO: RALADO ",0.0152441661005366
606523,"Café torrado moído torra média","n_combinacoes_unidade","217781","REFRIGERANTE, MATERIAL: ÁGUA GASOSA/XAROPE , SABOR: LARANJA ",0.015177164990847
606523,"Café torrado moído torra média","n_combinacoes_unidade","460501","AVEIA BENEFICIADA, CLASSE: BRANCA , APRESENTAÇÃO: EM FLOCOS FINOS , PRESENÇA DE GLÚTEN: CONTÉM GLÚTEN ",0.0150553810693321
606523,"Café torrado moído torra média","n_combinacoes_unidade","446536","CREME DE LEITE, TEOR GORDURA: ACIMA DE 40% DE GORDURA , PROCESSAMENTO: PASTEURIZADO , CARACTERÍSTICAS ADICIONAIS: CREME TIPO NATA ",0.0149141111759048
606523,"Café torrado moído torra média","n_combinacoes_unidade","463822","VERDURA IN NATURA, TIPO: COUVE ",0.0148097134392842
606523,"Café torrado moído torra média","n_combinacoes_unidade","446394","MANTEIGA, TIPO: PRIMEIRA QUALIDADE , COMPOSIÇÃO: SEM SAL ",0.0142002750070564
606523,"Café torrado moído torra média","n_combinacoes_unidade","471259","CHOCOLATE, TIPO: PRETO , APRESENTAÇÃO: GRANULADO , SABOR: TRADICIONAL ",0.0137620618370262
606523,"Café torrado moído torra média","n_combinacoes_unidade","463872","CONDIMENTO, TIPO: CANELA , APRESENTAÇÃO: PÓ ",0.0133592395085686
606523,"Café torrado moído torra média","n_combinacoes_unidade","447720","EMBUTIDO, TIPO: SALSICHA HOT DOG , TIPO PREPARAÇÃO: COZIDA , ESTADO DE CONSERVAÇÃO: RESFRIADO(A) ",0.0131174552337666
606523,"Café torrado moído torra média","n_combinacoes_unidade","462684","DOCE NÃO CONFEITADO, TIPO: EM CALDA , SABOR: PÊSSEGO ",0.0129713025942955
606523,"Café torrado moído torra média","n_combinacoes_unidade","459596","FERMENTO, TIPO: BIOLÓGICO SECO , APRESENTAÇÃO: PÓ GRANULADO ",0.0126734260875876
606523,"Café torrado moído torra média","n_combinacoes_unidade","463930","CONDIMENTO, TIPO: SALSA , APRESENTAÇÃO: NATURAL ",0.0126232358585116
606523,"Café torrado moído torra média","n_combinacoes_unidade","462772","SORVETE, TIPO: SORVETE - BASE LEITE , SABOR: VARIADO , FORMA APRESENTAÇÃO: MASSA / CREMOSO ",0.0122068406430381
606523,"Café torrado moído torra média","n_combinacoes_unidade","316835","BISCOITO, APRESENTAÇÃO: SORTIDO , CLASSIFICAÇÃO: DOCE , TIPO: AMANTEIGADO , APLICAÇÃO: ALIMENTAÇÃO HUMANA ",0.0119481904792683
606523,"Café torrado moído torra média","n_combinacoes_unidade","461092","SAL, TIPO: REFINADO , APLICAÇÃO: ALIMENTÍCIA , TEOR MÁXIMO SÓDIO: 390 MG/G, ADITIVOS: IODATO DE POTASSIO E ANTIUMECTANTE FERROCIANETO DE ",0.0118580604884367
606523,"Café torrado moído torra média","n_combinacoes_unidade","459672","MASSA DE TOMATE, TIPO: MOLHO PRONTO , COMPOSIÇÃO: TRADICIONAL , APRESENTAÇÃO: LÍQUIDO ",0.0117831517326557
606523,"Café torrado moído torra média","n_combinacoes_unidade","460263","FARINHA DE TRIGO, GRUPO: DOMÉSTICO , TIPO: TIPO 1, ESPECIAL , INGREDIENTE ADICIONAL: FORTIFICADA COM FERRO E ÁCIDO FÓLICO ",0.0113815193507053
606523,"Café torrado moído torra média","n_combinacoes_unidade","217782","REFRIGERANTE, MATERIAL: ÁGUA GASOSA/XAROPE , SABOR: LIMÃO ",0.0113403191070231
606523,"Café torrado moído torra média","n_combinacoes_unidade","463556","ACHOCOLATADO, APRESENTAÇÃO: PÓ , SABOR: TRADICIONAL , CARACTERÍSTICA ADICIONAL: ENRIQUECIDO COM VITAMINAS ",0.0109347502239239
606523,"Café torrado moído torra média","n_combinacoes_unidade","326671","SUCO, APRESENTAÇÃO: LÍQUIDO , SABOR: VARIADO , TIPO: INDUSTRIALIZADO , CARACTERÍSTICAS ADICIONAIS: POLPA DE FRUTA NATURAL ",0.0108803667229347
606523,"Café torrado moído torra média","n_combinacoes_unidade","463878","CONDIMENTO, TIPO: CEBOLINHA , APRESENTAÇÃO: NATURAL ",0.0108070147458858
606523,"Café torrado moído torra média","n_combinacoes_unidade","462825","LEGUME EM CONSERVA, TIPO: SELETA ",0.0105746503485192
606523,"Café torrado moído torra média","n_combinacoes_unidade","407523","ADOÇANTE, ASPECTO FÍSICO: LíQUIDO TRANSPARENTE , INGREDIENTES: SUCRALOSE , PRAZO VALIDADE: 1 ANOS, TIPO: DIETÉTICO , CARACTERÍSTICAS ADICIONAIS: BICO DOSADOR ",0.0104800019102243
606523,"Café torrado moído torra média","n_combinacoes_unidade","217785","REFRIGERANTE, MATERIAL: ÁGUA GASOSA/XAROPE , SABOR: GUARANÁ ",0.0103722039367551
606523,"Café torrado moído torra média","n_combinacoes_unidade","454017","SAL, TIPO: REFINADO , APLICAÇÃO: ALIMENTÍCIA , TEOR MÁXIMO SÓDIO: 390 MG/G, ACIDEZ: 7,0 PH",0.0103000600966456
606523,"Café torrado moído torra média","n_combinacoes_unidade","466788","LEGUME EM CONSERVA, TIPO: ALCAPARRA ",0.0101922361320578
606523,"Café torrado moído torra média","n_combinacoes_unidade","446671","QUEIJO, ORIGEM: DE VACA , VARIEDADE: REQUEIJÃO , APRESENTAÇÃO: CREMOSO ",0.00923371583961286
606523,"Café torrado moído torra média","n_combinacoes_unidade","241553","MOLHO PIMENTA, COMPOSIÇÃO: ÁGUA/PIMENTA VERMELHA MOÍDA/VINAGRE DE ÁLCOOL/SAL , APLICAÇÃO: ALIMENTOS , TIPO USO: CULINÁRIA EM GERAL ",0.0091547418756432
606523,"Café torrado moído torra média","n_combinacoes_unidade","459670","MASSA DE TOMATE, TIPO: EXTRATO CONCENTRADO , COMPOSIÇÃO: TRADICIONAL , APRESENTAÇÃO: CREME ",0.00882189636807288
606523,"Café torrado moído torra média","n_combinacoes_unidade","463920","CONDIMENTO, TIPO: PIMENTA DO REINO , APRESENTAÇÃO: MOÍDO ",0.00828564114304856
606523,"Café torrado moído torra média","n_combinacoes_unidade","459586","FERMENTO, TIPO: QUÍMICO , APRESENTAÇÃO: PÓ ",0.00794352821214484
606523,"Café torrado moído torra média","n_combinacoes_unidade","463826","VERDURA IN NATURA, TIPO: RÚCULA ",0.00766087463906538
606523,"Café torrado moído torra média","n_combinacoes_unidade","241571","TEMPERO, APRESENTAÇÃO: TABLETE , APLICAÇÃO: USO CULINÁRIO , SABOR: GALINHA ",0.00741506757053831
606523,"Café torrado moído torra média","n_combinacoes_unidade","339479","TEMPERO, TIPO: CALDO , APRESENTAÇÃO: PÓ , APLICAÇÃO: USO CULINÁRIO , SABOR: CARNE ",0.00693125821329475
606523,"Café torrado moído torra média","n_combinacoes_unidade","446706","IOGURTE NATURAL, TEOR GORDURA: INTEGRAL , SABOR: SORTIDOS , COMPONENTES: COM POLPA OU PEDAÇOS DE FRUTA ",0.00651219194399687
606523,"Café torrado moído torra média","n_combinacoes_unidade","446704","IOGURTE NATURAL, TEOR GORDURA: INTEGRAL , SABOR: COM SABOR , COMPONENTES: COM POLPA OU PEDAÇOS DE FRUTA ",0.00641173497929928
606523,"Café torrado moído torra média","n_combinacoes_unidade","463916","CONDIMENTO, TIPO: ORÉGANO , APRESENTAÇÃO: DESIDRATADO ",0.00590006895640878
606523,"Café torrado moído torra média","n_combinacoes_unidade","462729","GELATINA ALIMENTÍCIA, APRESENTAÇÃO: PÓ , SABOR: VARIADO , ORIGEM: ANIMAL ",0.00560011980238422
606523,"Café torrado moído torra média","n_combinacoes_unidade","446019","LEITE EM PÓ, ORIGEM: DE VACA , TEOR GORDURA: INTEGRAL , SOLUBILIDADE: INSTANTÂNEO ",0.00536319744599622
606523,"Café torrado moído torra média","n_combinacoes_unidade","217784","REFRIGERANTE, MATERIAL: ÁGUA GASOSA/XAROPE , SABOR: COLA ",0.00515357886718005
606523,"Café torrado moído torra média","n_combinacoes_unidade","463699","GORDURA VEGETAL, TIPO: MARGARINA , SUBTIPO: CREMOSA , COMPOSIÇÃO BÁSICA: MÍNIMO DE 80% DE GORDURA , SABOR: COM SAL ",0.00509951218345122
606523,"Café torrado moído torra média","n_combinacoes_unidade","459639","LEGUME EM CONSERVA, TIPO: AZEITONA VERDE , TAMANHO: GRANDE , APRESENTAÇÃO: SEM CAROÇO ",0.0048821781801178
606523,"Café torrado moído torra média","n_combinacoes_unidade","454018","SAL, TIPO: GROSSO , APLICAÇÃO: ALIMENTÍCIA , TEOR MÁXIMO SÓDIO: 390 MG/G, ACIDEZ: 7,0 PH",0.00437334225473909
606523,"Café torrado moído torra média","n_combinacoes_unidade","459667","MOLHO DE MESA, TIPO: MOSTARDA , COMPOSIÇÃO: TRADICIONAL , APRESENTAÇÃO: CREME ",0.00380843073452411
606523,"Café torrado moído torra média","n_combinacoes_unidade","462824","LEGUME EM CONSERVA, TIPO: MILHO VERDE ",0.00356579473678739
606523,"Café torrado moído torra média","n_combinacoes_unidade","460486","LEGUME EM CONSERVA, TIPO: PALMITO , APRESENTAÇÃO: INTEIRO ",0.00348670538269466
606523,"Café torrado moído torra média","n_combinacoes_unidade","339478","TEMPERO, TIPO: CALDO , APRESENTAÇÃO: PÓ , APLICAÇÃO: USO CULINÁRIO , SABOR: GALINHA ",0.00344618641656078
606523,"Café torrado moído torra média","n_combinacoes_unidade","459658","MOLHO DE MESA, TIPO: MAIONESE , COMPOSIÇÃO: TRADICIONAL , APRESENTAÇÃO: CREME ",0.00295407938891013
606523,"Café torrado moído torra média","n_combinacoes_unidade","462695","GELÉIA, TIPO: FRUTAS , SABOR: MORANGO , PRAZO VALIDADE MÍNIMO: 12 MESES ",0.0024110363535775
606523,"Café torrado moído torra média","n_combinacoes_unidade","463873","CONDIMENTO, TIPO: CANELA , APRESENTAÇÃO: CASCA ",0.00184320580552445
606523,"Café torrado moído torra média","n_combinacoes_unidade","463912","CONDIMENTO, TIPO: NOZ MOSCADA , APRESENTAÇÃO: PÓ ",0.00174215785513558
606523,"Café torrado moído torra média","n_combinacoes_unidade","463892","CONDIMENTO, TIPO: CRAVO DA ÍNDIA , APRESENTAÇÃO: FLOR ",0.00130156476103625
606523,"Café torrado moído torra média","n_combinacoes_unidade","445479","ÁGUA MINERAL NATURAL, TIPO: COM GÁS , MATERIAL EMBALAGEM: PLÁSTICO , TIPO EMBALAGEM: DESCARTÁVEL ",9.71450167856868e-05
606523,"Café torrado moído torra média","median_preco","448999","PEIXE EM CONSERVA, VARIEDADE: ATUM , APRESENTAÇÃO: RALADO , MEIO DE COBERTURA: COM ÓLEO COMESTÍVEL ",0.0319489040359256
606523,"Café torrado moído torra média","median_preco","444323","CEREAL PREPARADO, ASPECTO FÍSICO: GRÂOS , COMPONENTES: AVEIA, BANANA, MAÇÃ E CANELA , CARACTERÍSTICAS ADICIONAIS: GRANOLA ",0.0317235323342521
606523,"Café torrado moído torra média","median_preco","316835","BISCOITO, APRESENTAÇÃO: SORTIDO , CLASSIFICAÇÃO: DOCE , TIPO: AMANTEIGADO , APLICAÇÃO: ALIMENTAÇÃO HUMANA ",0.0281585630549028
606523,"Café torrado moído torra média","median_preco","447479","CARNE BOVINA IN NATURA, TIPO CORTE: MIOLO OU CORAÇÃO DA ALCATRA , APRESENTAÇÃO: PEÇA INTEIRA , ESTADO DE CONSERVAÇÃO: CONGELADO(A) ",0.0281213462269517
606523,"Café torrado moído torra média","median_preco","463904","CONDIMENTO, TIPO: LOURO , APRESENTAÇÃO: FOLHA ",0.027311031479003
606523,"Café torrado moído torra média","median_preco","447770","FRIOS, VARIEDADE: PRESUNTO DE PERNIL , TIPO PREPARAÇÃO: COZIDO , COMPOSIÇÃO: COM CAPA DE GORDURA , APRESENTAÇÃO: PEÇA INTEIRA , ESTADO DE CONSERVAÇÃO: RESFRIADO(A) ",0.0271310226952609
606523,"Café torrado moído torra média","median_preco","459639","LEGUME EM CONSERVA, TIPO: AZEITONA VERDE , TAMANHO: GRANDE , APRESENTAÇÃO: SEM CAROÇO ",0.0256417233863317
606523,"Café torrado moído torra média","median_preco","447446","CARNE BOVINA IN NATURA, TIPO CORTE: PATINHO , APRESENTAÇÃO: MOIDA , ESTADO DE CONSERVAÇÃO: CONGELADO(A) ",0.0239921460898797
606523,"Café torrado moído torra média","median_preco","447414","CARNE BOVINA IN NATURA, TIPO CORTE: COSTELA , APRESENTAÇÃO: PEDAÇO , ESTADO DE CONSERVAÇÃO: CONGELADO(A) ",0.0234631394929525
606523,"Café torrado moído torra média","median_preco","447792","FRIOS, VARIEDADE: PEITO DE PERU , TIPO PREPARAÇÃO: DEFUMADO , APRESENTAÇÃO: PEÇA INTEIRA , ESTADO DE CONSERVAÇÃO: RESFRIADO(A) ",0.0230966318393742
606523,"Café torrado moído torra média","median_preco","447774","FRIOS, VARIEDADE: PRESUNTO DE PERNIL , TIPO PREPARAÇÃO: COZIDO , COMPOSIÇÃO: SEM CAPA DE GORDURA , APRESENTAÇÃO: FATIADO , ESTADO DE CONSERVAÇÃO: RESFRIADO(A) ",0.0230035451358707
606523,"Café torrado moído torra média","median_preco","446654","QUEIJO, ORIGEM: DE VACA , VARIEDADE: RICOTA , TIPO: FRESCO , APRESENTAÇÃO: PEÇA ",0.0228798311621131
606523,"Café torrado moído torra média","median_preco","447448","CARNE BOVINA IN NATURA, TIPO CORTE: PATINHO , APRESENTAÇÃO: PEÇA INTEIRA , ESTADO DE CONSERVAÇÃO: CONGELADO(A) ",0.0227227191828672
606523,"Café torrado moído torra média","median_preco","447470","CARNE BOVINA IN NATURA, TIPO CORTE: MAMINHA DA ALCATRA , APRESENTAÇÃO: PEÇA INTEIRA , ESTADO DE CONSERVAÇÃO: CONGELADO(A) ",0.0226261265760687
606523,"Café torrado moído torra média","median_preco","447431","CARNE BOVINA IN NATURA, TIPO CORTE: COXÃO MOLE , APRESENTAÇÃO: PEÇA INTEIRA , ESTADO DE CONSERVAÇÃO: CONGELADO(A) ",0.0223019371372817
606523,"Café torrado moído torra média","median_preco","463938","CONDIMENTO, TIPO: ALHO , APRESENTAÇÃO: NATURAL , ADICIONAL: CABEÇA ",0.0222868935123482
606523,"Café torrado moído torra média","median_preco","463856","CONDIMENTO, TIPO: ALECRIM , APRESENTAÇÃO: DESIDRATADO ",0.0216657688417549
606523,"Café torrado moído torra média","median_preco","463536","CHOCOLATE, TIPO: PRETO , APRESENTAÇÃO: MASSA , SABOR: AO LEITE , PRAZO VALIDADE MÍNIMO: 12 MESES ",0.021564967735115
606523,"Café torrado moído torra média","median_preco","447666","CARNE DEFUMADA, TIPO CORTE: TOUCINHO (BACON) , TIPO ANIMAL: SUÍNA , APRESENTAÇÃO: EM MANTAS , ESTADO DE CONSERVAÇÃO: RESFRIADO(A) ",0.021491084973674
606523,"Café torrado moído torra média","median_preco","464328","FRUTA, TIPO: MORANGO , APRESENTAÇÃO: NATURAL ",0.0205607313039747
606523,"Café torrado moído torra média","median_preco","447441","CARNE BOVINA IN NATURA, TIPO CORTE: LAGARTO , APRESENTAÇÃO: PEÇA INTEIRA , ESTADO DE CONSERVAÇÃO: CONGELADO(A) ",0.0203457852230309
606523,"Café torrado moído torra média","median_preco","463534","CHOCOLATE, TIPO: BRANCO , APRESENTAÇÃO: MASSA , SABOR: TRADICIONAL , PRAZO VALIDADE MÍNIMO: 12 MESES ",0.0198990307983313
606523,"Café torrado moído torra média","median_preco","463860","CONDIMENTO, TIPO: ALHO , APRESENTAÇÃO: GRANULADO ",0.0197079416228868
606523,"Café torrado moído torra média","median_preco","462101","CONDIMENTO*, MATÉRIA-PRIMA: TOMATE SECO , ASPECTO FÍSICO: DESIDRATADA , APLICAÇÃO: ALIMENTAÇÃO , CARACTERÍSTICAS ADICIONAIS: ÓLEO DE MILHO, AZEITE DE OLIVA, SAL, AÇÚCAR E  ES- ",0.0196373921784923
606523,"Café torrado moído torra média","median_preco","446639","QUEIJO, ORIGEM: DE VACA , VARIEDADE: PRATO , APRESENTAÇÃO: PEÇA ",0.0186812147096314
606523,"Café torrado moído torra média","median_preco","446633","QUEIJO, ORIGEM: DE VACA , VARIEDADE: MUÇARELA , APRESENTAÇÃO: PEÇA ",0.0184970603755342
606523,"Café torrado moído torra média","median_preco","463916","CONDIMENTO, TIPO: ORÉGANO , APRESENTAÇÃO: DESIDRATADO ",0.0180368285537468
606523,"Café torrado moído torra média","median_preco","462684","DOCE NÃO CONFEITADO, TIPO: EM CALDA , SABOR: PÊSSEGO ",0.0171777908737814
606523,"Café torrado moído torra média","median_preco","447640","CARNE DE AVE IN NATURA, TIPO ANIMAL: FRANGO , TIPO CORTE: CORAÇÃO , APRESENTAÇÃO: INTEIRO , ESTADO DE CONSERVAÇÃO: RESFRIADO(A) ",0.0170589718777641
606523,"Café torrado moído torra média","median_preco","447733","CARNE SALGADA, TIPO CORTE: COXÃO MOLE - CHARQUE , ORIGEM: BOVINA , APRESENTAÇÃO: EM MANTAS , ESTADO DE CONSERVAÇÃO: SECO(A) ",0.0163910595980542
606523,"Café torrado moído torra média","median_preco","447734","CARNE SALGADA, TIPO CORTE: PONTA DE AGULHA - CHARQUE , ORIGEM: BOVINA , APRESENTAÇÃO: EM MANTAS , ESTADO DE CONSERVAÇÃO: SECO(A) ",0.0162821388641335
606523,"Café torrado moído torra média","median_preco","459645","LEGUME EM CONSERVA, TIPO: AZEITONA PRETA , TAMANHO: GRANDE , APRESENTAÇÃO: SEM CAROÇO ",0.0160557423266225
606523,"Café torrado moído torra média","median_preco","447668","CARNE DEFUMADA, TIPO CORTE: TOUCINHO (BACON) , TIPO ANIMAL: SUÍNA , APRESENTAÇÃO: FATIADA , ESTADO DE CONSERVAÇÃO: RESFRIADO(A) ",0.0157800836487715
606523,"Café torrado moído torra média","median_preco","446019","LEITE EM PÓ, ORIGEM: DE VACA , TEOR GORDURA: INTEGRAL , SOLUBILIDADE: INSTANTÂNEO ",0.0157465519820318
606523,"Café torrado moído torra média","median_preco","446671","QUEIJO, ORIGEM: DE VACA , VARIEDADE: REQUEIJÃO , APRESENTAÇÃO: CREMOSO ",0.0155650027559241
606523,"Café torrado moído torra média","median_preco","449182","EMBUTIDO, TIPO: LINGUIÇA PAIO , TIPO PREPARAÇÃO: DEFUMADA , ESTADO DE CONSERVAÇÃO: RESFRIADO(A) ",0.0148304650617528
606523,"Café torrado moído torra média","median_preco","448897","PEIXE IN NATURA, VARIEDADE: MERLUZA , TIPO CORTE: FILÉ , APRESENTAÇÃO: SEM PELE , ESTADO DE CONSERVAÇÃO: CONGELADO(A) ",0.0145116046863466
606523,"Café torrado moído torra média","median_preco","462662","DOCE NÃO CONFEITADO, TIPO: EM CALDA , SABOR: AMEIXA ",0.0144778534160803
606523,"Café torrado moído torra média","median_preco","459586","FERMENTO, TIPO: QUÍMICO , APRESENTAÇÃO: PÓ ",0.0139352865618745
606523,"Café torrado moído torra média","median_preco","463696","AZEITE, ESPÉCIE VEGETAL: DE OLIVA , TIPO: PURO , TEOR DA ACIDEZ: EXTRAVIRGEM - MENOR QUE 0,8% ",0.0137500347127262
606523,"Café torrado moído torra média","median_preco","448953","PEIXE IN NATURA, VARIEDADE: TILÁPIA , TIPO CORTE: FILÉ , APRESENTAÇÃO: SEM PELE , ESTADO DE CONSERVAÇÃO: CONGELADO(A) ",0.0133015965484002
606523,"Café torrado moído torra média","median_preco","446636","QUEIJO, ORIGEM: DE VACA , VARIEDADE: MUÇARELA , APRESENTAÇÃO: FATIADO ",0.0132904901160173
606523,"Café torrado moído torra média","median_preco","447072","QUEIJO, ORIGEM: DE VACA , VARIEDADE: COALHO , TIPO: FRESCO , APRESENTAÇÃO: PEÇA ",0.0124249972691358
606523,"Café torrado moído torra média","median_preco","462675","DOCE NÃO CONFEITADO, TIPO: EM CALDA , SABOR: FIGO ",0.0121900528552872
606523,"Café torrado moído torra média","median_preco","460486","LEGUME EM CONSERVA, TIPO: PALMITO , APRESENTAÇÃO: INTEIRO ",0.011997065203666
606523,"Café torrado moído torra média","median_preco","449006","PEIXE EM CONSERVA, VARIEDADE: SARDINHA , APRESENTAÇÃO: DESCABEÇADA E EVISCERADA , MEIO DE COBERTURA: COM ÓLEO COMESTÍVEL ",0.0115376767556315
606523,"Café torrado moído torra média","median_preco","463707","BATATA PROCESSADA, ESPÉCIE: INGLESA , TIPO FORMATO: PALHA , TIPO: FRITA , APRESENTAÇÃO: PRONTO PARA CONSUMO ",0.0113637515027143
606523,"Café torrado moído torra média","median_preco","447776","FRIOS, VARIEDADE: PRESUNTO DE PERU , TIPO PREPARAÇÃO: COZIDO , APRESENTAÇÃO: PEÇA INTEIRA , ESTADO DE CONSERVAÇÃO: RESFRIADO(A) ",0.0109499829541794
606523,"Café torrado moído torra média","median_preco","446397","MANTEIGA, TIPO: EXTRA , COMPOSIÇÃO: COM SAL , TRATAMENTO: MATURADA ",0.0102448624115485
606523,"Café torrado moído torra média","median_preco","446626","OVO PROCESSADO, ORIGEM: CODORNA , APRESENTAÇÃO: EM CONSERVA ",0.00955001546552614
606523,"Café torrado moído torra média","median_preco","468477","LEGUME EM CONSERVA, TIPO: PEPINO , ADICIONAL: PICLES ",0.00858923235185463
606523,"Café torrado moído torra média","median_preco","390172","BISCOITO, SABOR: SALGADO INTEGRAL , TIPO: CLUB SOCIAL ",0.00823635325005124
606523,"Café torrado moído torra média","median_preco","446536","CREME DE LEITE, TEOR GORDURA: ACIMA DE 40% DE GORDURA , PROCESSAMENTO: PASTEURIZADO , CARACTERÍSTICAS ADICIONAIS: CREME TIPO NATA ",0.00761866703655284
606523,"Café torrado moído torra média","median_preco","467306","CHOCOLATE, TIPO: PRETO , APRESENTAÇÃO: MASSA , SABOR: MEIO AMARGO , PRAZO VALIDADE MÍNIMO: 12 MESES ",0.00709376968354002
606523,"Café torrado moído torra média","median_preco","446384","MANTEIGA, TIPO: EXTRA , COMPOSIÇÃO: COM SAL ",0.00696261834761712
606523,"Café torrado moído torra média","median_preco","446393","MANTEIGA, TIPO: PRIMEIRA QUALIDADE , COMPOSIÇÃO: COM SAL ",0.00671412901022326
606523,"Café torrado moído torra média","median_preco","446660","QUEIJO, ORIGEM: DE VACA , VARIEDADE: MINAS , TIPO: FRESCO , APRESENTAÇÃO: PEÇA ",0.00512865688942263
606523,"Café torrado moído torra média","median_preco","421669","CÔCO RALADO, INGREDIENTES: AMÊNDOA DE CÔCO , APRESENTAÇÃO: TRITURADO , CARACTERÍSTICAS ADICIONAIS: SEM AÇUCAR ",0.00158219877507108
606523,"Café torrado moído torra média","median_preco","427816","CÔCO RALADO, INGREDIENTES: AMÊNDOA DE CÔCO , APRESENTAÇÃO: DESIDRATADO E TRITURADO , CARACTERÍSTICAS ADICIONAIS: DESENGORDURA, SEM GLÚTEN ",0.00158219877507108
606523,"Café torrado moído torra média","median_preco","459596","FERMENTO, TIPO: BIOLÓGICO SECO , APRESENTAÇÃO: PÓ GRANULADO ",0.00158219877507108
606524,"Café torrado moído torra clara","n_fornecedores","463789","LEGUME IN NATURA, TIPO: INHAME ",0.0462079545817889
606524,"Café torrado moído torra clara","n_fornecedores","464436","FRUTA, TIPO: TANGERINA PONCAN , APRESENTAÇÃO: NATURAL ",0.0428739137252563
606524,"Café torrado moído torra clara","n_fornecedores","458908","ARROZ BENEFICIADO, TIPO: PARBOILIZADO , SUBGRUPO: POLIDO , CLASSE: LONGO FINO , QUALIDADE: TIPO 1 ",0.0414181124735175
606524,"Café torrado moído torra clara","n_fornecedores","445479","ÁGUA MINERAL NATURAL, TIPO: COM GÁS , MATERIAL EMBALAGEM: PLÁSTICO , TIPO EMBALAGEM: DESCARTÁVEL ",0.0402013079007671
606524,"Café torrado moído torra clara","n_fornecedores","459077","AMIDO, BASE: DE MILHO ",0.0277664779856737
606524,"Café torrado moído torra clara","n_fornecedores","460263","FARINHA DE TRIGO, GRUPO: DOMÉSTICO , TIPO: TIPO 1, ESPECIAL , INGREDIENTE ADICIONAL: FORTIFICADA COM FERRO E ÁCIDO FÓLICO ",0.0270682970731967
606524,"Café torrado moído torra clara","n_fornecedores","447581","CARNE DE AVE IN NATURA, TIPO ANIMAL: FRANGO , TIPO CORTE: FILÉ DE PEITO , APRESENTAÇÃO: FATIADO , ESTADO DE CONSERVAÇÃO: CONGELADO(A) , PROCESSAMENTO: SEM PELE, SEM OSSO ",0.0265731225380787
606524,"Café torrado moído torra clara","n_fornecedores","461092","SAL, TIPO: REFINADO , APLICAÇÃO: ALIMENTÍCIA , TEOR MÁXIMO SÓDIO: 390 MG/G, ADITIVOS: IODATO DE POTASSIO E ANTIUMECTANTE FERROCIANETO DE ",0.0261101001174592
606524,"Café torrado moído torra clara","n_fornecedores","458904","ARROZ BENEFICIADO, TIPO: AGULHINHA/BRANCO , SUBGRUPO: POLIDO , CLASSE: LONGO FINO , QUALIDADE: TIPO 1 ",0.025155709503357
606524,"Café torrado moído torra clara","n_fornecedores","463699","GORDURA VEGETAL, TIPO: MARGARINA , SUBTIPO: CREMOSA , COMPOSIÇÃO BÁSICA: MÍNIMO DE 80% DE GORDURA , SABOR: COM SAL ",0.0249343061078065
606524,"Café torrado moído torra clara","n_fornecedores","463814","LEGUME IN NATURA, TIPO 1: VAGEM MANTEIGA ",0.0246682126781406
606524,"Café torrado moído torra clara","n_fornecedores","217784","REFRIGERANTE, MATERIAL: ÁGUA GASOSA/XAROPE , SABOR: COLA ",0.0231429889385805
606524,"Café torrado moído torra clara","n_fornecedores","464484","POLPA DE FRUTA, TIPO: ACEROLA , APRESENTAÇÃO: CONGELADA ",0.0213858445920281
606524,"Café torrado moído torra clara","n_fornecedores","464514","POLPA DE FRUTA, TIPO: GOIABA VERMELHA , APRESENTAÇÃO: CONGELADA ",0.0205023097493941
606524,"Café torrado moído torra clara","n_fornecedores","463556","ACHOCOLATADO, APRESENTAÇÃO: PÓ , SABOR: TRADICIONAL , CARACTERÍSTICA ADICIONAL: ENRIQUECIDO COM VITAMINAS ",0.020477392180057
606524,"Café torrado moído torra clara","n_fornecedores","463923","CONDIMENTO, TIPO: PIMENTA DE CHEIRO , APRESENTAÇÃO: NATURAL ",0.019687164586298
606524,"Café torrado moído torra clara","n_fornecedores","464400","FRUTA, TIPO: MAÇÃ GALA , APRESENTAÇÃO: NATURAL ",0.0186699661885991
606524,"Café torrado moído torra clara","n_fornecedores","464485","POLPA DE FRUTA, TIPO: CAJÁ , APRESENTAÇÃO: CONGELADA ",0.0185305899421912
606524,"Café torrado moído torra clara","n_fornecedores","464475","POLPA DE FRUTA, TIPO: MANGA , APRESENTAÇÃO: CONGELADA ",0.0182744107058707
606524,"Café torrado moído torra clara","n_fornecedores","463937","CONDIMENTO, TIPO: URUCUM , APRESENTAÇÃO: PÓ ",0.0182373171223146
606524,"Café torrado moído torra clara","n_fornecedores","463891","CONDIMENTO, TIPO: COMINHO , APRESENTAÇÃO: PÓ ",0.018071680002648
606524,"Café torrado moído torra clara","n_fornecedores","446019","LEITE EM PÓ, ORIGEM: DE VACA , TEOR GORDURA: INTEGRAL , SOLUBILIDADE: INSTANTÂNEO ",0.0179406818310245
606524,"Café torrado moído torra clara","n_fornecedores","464883","FRUTA, TIPO 1: UVA PASSA , APRESENTAÇÃO: DESIDRATADA / SECA , ADICIONAL: PRETA ",0.0174672814146512
606524,"Café torrado moído torra clara","n_fornecedores","464552","LEGUMINOSA, VARIEDADE: FEIJÃO PRETO , TIPO: TIPO 1 ",0.0172878449561498
606524,"Café torrado moído torra clara","n_fornecedores","460380","PÃO, BASE: DE FARINHA DE TRIGO REFINADA , TIPO: TIPO FRANÇÊS/BRANCO/DE SAL ",0.0172317359439722
606524,"Café torrado moído torra clara","n_fornecedores","449182","EMBUTIDO, TIPO: LINGUIÇA PAIO , TIPO PREPARAÇÃO: DEFUMADA , ESTADO DE CONSERVAÇÃO: RESFRIADO(A) ",0.0150939449050036
606524,"Café torrado moído torra clara","n_fornecedores","462601","DOCE LEITE, TIPO: TRADICIONAL , PRAZO VALIDADE MÍNIMO: 12 MESES , CARACTERÍSTICA ADICIONAL: ISENTO DE AMIDO ",0.0147806056311884
606524,"Café torrado moído torra clara","n_fornecedores","446660","QUEIJO, ORIGEM: DE VACA , VARIEDADE: MINAS , TIPO: FRESCO , APRESENTAÇÃO: PEÇA ",0.0147797959523865
606524,"Café torrado moído torra clara","n_fornecedores","447072","QUEIJO, ORIGEM: DE VACA , VARIEDADE: COALHO , TIPO: FRESCO , APRESENTAÇÃO: PEÇA ",0.0144840321933578
606524,"Café torrado moído torra clara","n_fornecedores","447705","EMBUTIDO, TIPO: LINGUIÇA TOSCANA , TAMANHO: GROSSA , TIPO PREPARAÇÃO: FRESCA , ESTADO DE CONSERVAÇÃO: RESFRIADO(A) ",0.0136816401521758
606524,"Café torrado moído torra clara","n_fornecedores","460501","AVEIA BENEFICIADA, CLASSE: BRANCA , APRESENTAÇÃO: EM FLOCOS FINOS , PRESENÇA DE GLÚTEN: CONTÉM GLÚTEN ",0.0134076508520238
606524,"Café torrado moído torra clara","n_fornecedores","447720","EMBUTIDO, TIPO: SALSICHA HOT DOG , TIPO PREPARAÇÃO: COZIDA , ESTADO DE CONSERVAÇÃO: RESFRIADO(A) ",0.0132086863809657
606524,"Café torrado moído torra clara","n_fornecedores","459596","FERMENTO, TIPO: BIOLÓGICO SECO , APRESENTAÇÃO: PÓ GRANULADO ",0.0124895864968975
606524,"Café torrado moído torra clara","n_fornecedores","459639","LEGUME EM CONSERVA, TIPO: AZEITONA VERDE , TAMANHO: GRANDE , APRESENTAÇÃO: SEM CAROÇO ",0.0121423697941084
606524,"Café torrado moído torra clara","n_fornecedores","460386","PÃO, BASE: DE FARINHA DE TRIGO REFINADA , TIPO: SEMI-DOCE , TIPO ADICIONAL: BISNAGA, CACHORRO QUENTE ",0.0116133308602655
606524,"Café torrado moído torra clara","n_fornecedores","463872","CONDIMENTO, TIPO: CANELA , APRESENTAÇÃO: PÓ ",0.010971717065847
606524,"Café torrado moído torra clara","n_fornecedores","463904","CONDIMENTO, TIPO: LOURO , APRESENTAÇÃO: FOLHA ",0.0103311208078661
606524,"Café torrado moído torra clara","n_fornecedores","463916","CONDIMENTO, TIPO: ORÉGANO , APRESENTAÇÃO: DESIDRATADO ",0.0100676150129093
606524,"Café torrado moído torra clara","n_fornecedores","464553","LEGUMINOSA, VARIEDADE: FEIJÃO CARIOCA , TIPO: TIPO 1 ",0.00999342791910592
606524,"Café torrado moído torra clara","n_fornecedores","464468","POLPA DE FRUTA, TIPO: ABACAXI , APRESENTAÇÃO: CONGELADA ",0.00994091482065972
606524,"Café torrado moído torra clara","n_fornecedores","217785","REFRIGERANTE, MATERIAL: ÁGUA GASOSA/XAROPE , SABOR: GUARANÁ ",0.00985835638963117
606524,"Café torrado moído torra clara","n_fornecedores","464371","FRUTA, TIPO: ABACATE MANTEIGA , APRESENTAÇÃO: NATURAL ",0.00961150496890254
606524,"Café torrado moído torra clara","n_fornecedores","464474","POLPA DE FRUTA, TIPO: MARACUJÁ , APRESENTAÇÃO: CONGELADA ",0.00948670104129833
606524,"Café torrado moído torra clara","n_fornecedores","463898","CONDIMENTO, TIPO: HORTELÃ , APRESENTAÇÃO: NATURAL ",0.00891854593661171
606524,"Café torrado moído torra clara","n_fornecedores","464406","FRUTA, TIPO: MANGA TOMMY , APRESENTAÇÃO: NATURAL ",0.00854917345686437
606524,"Café torrado moído torra clara","n_fornecedores","447747","CARNE PROCESSADA, VARIEDADE: HAMBURGUER , TIPO: BOVINO , SABOR: TEMPERADO , ESTADO DE CONSERVAÇÃO: CONGELADO(A) ",0.00831057357447043
606524,"Café torrado moído torra clara","n_fornecedores","447666","CARNE DEFUMADA, TIPO CORTE: TOUCINHO (BACON) , TIPO ANIMAL: SUÍNA , APRESENTAÇÃO: EM MANTAS , ESTADO DE CONSERVAÇÃO: RESFRIADO(A) ",0.00823571533957848
606524,"Café torrado moído torra clara","n_fornecedores","464377","FRUTA, TIPO: BANANA DA TERRA / BANANA COMPRIDA , APRESENTAÇÃO: NATURAL ",0.00729733806331828
606524,"Café torrado moído torra clara","n_fornecedores","463824","VERDURA IN NATURA, TIPO: ESPINAFRE ",0.00725918310056806
606524,"Café torrado moído torra clara","n_fornecedores","446393","MANTEIGA, TIPO: PRIMEIRA QUALIDADE , COMPOSIÇÃO: COM SAL ",0.00721811042488338
606524,"Café torrado moído torra clara","n_fornecedores","446625","OVO, ORIGEM: CODORNA ",0.00688789053926772
606524,"Café torrado moído torra clara","n_fornecedores","463906","CONDIMENTO, TIPO: MANJERICÃO , APRESENTAÇÃO: NATURAL ",0.00662355515903309
606524,"Café torrado moído torra clara","n_fornecedores","446532","CREME DE LEITE, TEOR GORDURA: ATÉ 20% DE GORDURA , PROCESSAMENTO: UHT ",0.00644279643024589
606524,"Café torrado moído torra clara","n_fornecedores","463836","VERDURA IN NATURA, TIPO: ALFACE ROXA ",0.00636206295134139
606524,"Café torrado moído torra clara","n_fornecedores","454018","SAL, TIPO: GROSSO , APLICAÇÃO: ALIMENTÍCIA , TEOR MÁXIMO SÓDIO: 390 MG/G, ACIDEZ: 7,0 PH",0.00630580734703855
606524,"Café torrado moído torra clara","n_fornecedores","446639","QUEIJO, ORIGEM: DE VACA , VARIEDADE: PRATO , APRESENTAÇÃO: PEÇA ",0.00605895036919524
606524,"Café torrado moído torra clara","n_fornecedores","217781","REFRIGERANTE, MATERIAL: ÁGUA GASOSA/XAROPE , SABOR: LARANJA ",0.00603676600237757
606524,"Café torrado moído torra clara","n_fornecedores","463808","LEGUME IN NATURA, TIPO: PIMENTÃO VERMELHO ",0.00596887177400592
606524,"Café torrado moído torra clara","n_fornecedores","459586","FERMENTO, TIPO: QUÍMICO , APRESENTAÇÃO: PÓ ",0.00590871591174073
606524,"Café torrado moído torra clara","n_fornecedores","464011","LEITE CÔCO, TIPO: INTEGRAL , PRAZO VALIDADE MÍNIMO: 12 MESES ",0.00562781373110794
606524,"Café torrado moído torra clara","n_fornecedores","463707","BATATA PROCESSADA, ESPÉCIE: INGLESA , TIPO FORMATO: PALHA , TIPO: FRITA , APRESENTAÇÃO: PRONTO PARA CONSUMO ",0.00559213582812807
606524,"Café torrado moído torra clara","n_fornecedores","463857","CONDIMENTO, TIPO: AÇAFRÃO , APRESENTAÇÃO: PÓ ",0.0054951373504352
606524,"Café torrado moído torra clara","n_fornecedores","217132","BISCOITO, APRESENTAÇÃO: RETANGULAR , SABOR: MAIZENA , CLASSIFICAÇÃO: DOCE , CARACTERÍSTICAS ADICIONAIS: SEM RECHEIO ",0.0052974563540907
606524,"Café torrado moído torra clara","n_fornecedores","465332","FARINHA DE TRIGO, GRUPO: INDUSTRIAL , TIPO: TIPO 1, ESPECIAL , INGREDIENTE ADICIONAL: SEM FERMENTO ",0.00387058046763335
606524,"Café torrado moído torra clara","n_fornecedores","462729","GELATINA ALIMENTÍCIA, APRESENTAÇÃO: PÓ , SABOR: VARIADO , ORIGEM: ANIMAL ",0.00381446661891514
606524,"Café torrado moído torra clara","n_fornecedores","464404","FRUTA, TIPO: MAMÃO PAPAIA / MAMÃO AMAZÔNIA , APRESENTAÇÃO: NATURAL ",0.00372594489655565
606524,"Café torrado moído torra clara","n_fornecedores","463747","LEGUME IN NATURA, TIPO: ABÓBORA PAULISTA ",0.00332770881888345
606524,"Café torrado moído torra clara","n_fornecedores","459653","MOLHO DE MESA, TIPO: SHOYU , COMPOSIÇÃO: TRADICIONAL , APRESENTAÇÃO: LÍQUIDO ",0.0025890484449071
606524,"Café torrado moído torra clara","n_fornecedores","463876","CONDIMENTO, TIPO: COENTRO , APRESENTAÇÃO: NATURAL ",0.00249850748656152
606524,"Café torrado moído torra clara","n_fornecedores","464438","FRUTA, TIPO: UVA ITÁLIA , APRESENTAÇÃO: NATURAL ",0.00229311034860744
606524,"Café torrado moído torra clara","n_fornecedores","446706","IOGURTE NATURAL, TEOR GORDURA: INTEGRAL , SABOR: SORTIDOS , COMPONENTES: COM POLPA OU PEDAÇOS DE FRUTA ",0.00211660755447521
606524,"Café torrado moído torra clara","n_fornecedores","462824","LEGUME EM CONSERVA, TIPO: MILHO VERDE ",0.00174694689487922
606524,"Café torrado moído torra clara","n_fornecedores","462823","LEGUME EM CONSERVA, TIPO: ERVILHA ",0.00170439822436777
606524,"Café torrado moído torra clara","n_fornecedores","446618","OVO, ORIGEM: GALINHA , GRUPO: BRANCO , CLASSE: A , TIPO: GRANDE ",0.00164426472737325
606524,"Café torrado moído torra clara","n_fornecedores","445995","LEITE FLUIDO, ORIGEM: DE VACA , TIPO: A , TEOR GORDURA: INTEGRAL , PROCESSAMENTO: UHT ",0.000444091789123459
606524,"Café torrado moído torra clara","n_combinacoes_unidade","459655","MOLHO DE MESA, TIPO: INGLÊS , COMPOSIÇÃO: TRADICIONAL , APRESENTAÇÃO: LÍQUIDO ",0.0326139063827196
606524,"Café torrado moído torra clara","n_combinacoes_unidade","235092","BISCOITO, APRESENTAÇÃO: QUADRADO , CLASSIFICAÇÃO: SALGADO , TIPO: CREAM CRACKER ",0.031767146490672
606524,"Café torrado moído torra clara","n_combinacoes_unidade","305351","REFRIGERANTE, MATERIAL: ÁGUA GASOSA/XAROPE , SABOR: VARIADO ",0.0315450512670616
606524,"Café torrado moído torra clara","n_combinacoes_unidade","445479","ÁGUA MINERAL NATURAL, TIPO: COM GÁS , MATERIAL EMBALAGEM: PLÁSTICO , TIPO EMBALAGEM: DESCARTÁVEL ",0.0303634700817489
606524,"Café torrado moído torra clara","n_combinacoes_unidade","291893","SAL, TIPO: REFINADO , APLICAÇÃO: ALIMENTÍCIA , CARACTERÍSTICAS ADICIONAIS: TEOR MÍNIMO CLORETO DE SÓDIO 98,5% ",0.0302533224074626
606524,"Café torrado moído torra clara","n_combinacoes_unidade","339478","TEMPERO, TIPO: CALDO , APRESENTAÇÃO: PÓ , APLICAÇÃO: USO CULINÁRIO , SABOR: GALINHA ",0.0295780000203015
606524,"Café torrado moído torra clara","n_combinacoes_unidade","436134","ADOÇANTE, ASPECTO FÍSICO: LÍQUIDO , INGREDIENTES: SUCRALOSE, ACESULFAME DE POTáSSIO, BENZOATO DE SÓD , TIPO: DIETÉTICO , CARACTERÍSTICAS ADICIONAIS: ACIDULANTE áCIDO CíTRICO,CITRATO DE SÓDIO ",0.0276488302621005
606524,"Café torrado moído torra clara","n_combinacoes_unidade","339479","TEMPERO, TIPO: CALDO , APRESENTAÇÃO: PÓ , APLICAÇÃO: USO CULINÁRIO , SABOR: CARNE ",0.0274227309522754
606524,"Café torrado moído torra clara","n_combinacoes_unidade","241553","MOLHO PIMENTA, COMPOSIÇÃO: ÁGUA/PIMENTA VERMELHA MOÍDA/VINAGRE DE ÁLCOOL/SAL , APLICAÇÃO: ALIMENTOS , TIPO USO: CULINÁRIA EM GERAL ",0.0270767559252579
606524,"Café torrado moído torra clara","n_combinacoes_unidade","459672","MASSA DE TOMATE, TIPO: MOLHO PRONTO , COMPOSIÇÃO: TRADICIONAL , APRESENTAÇÃO: LÍQUIDO ",0.0260212439290962
606524,"Café torrado moído torra clara","n_combinacoes_unidade","445488","ÁGUA MINERAL NATURAL, TIPO: ESPECIAL COM GÁS , MATERIAL EMBALAGEM: PLÁSTICO , TIPO EMBALAGEM: DESCARTÁVEL ",0.0255896784416825
606524,"Café torrado moído torra clara","n_combinacoes_unidade","446393","MANTEIGA, TIPO: PRIMEIRA QUALIDADE , COMPOSIÇÃO: COM SAL ",0.0237276164204988
606524,"Café torrado moído torra clara","n_combinacoes_unidade","463856","CONDIMENTO, TIPO: ALECRIM , APRESENTAÇÃO: DESIDRATADO ",0.0236866505948353
606524,"Café torrado moído torra clara","n_combinacoes_unidade","236197","ADOÇANTE, ASPECTO FÍSICO: LÍQUIDO , INGREDIENTES: ESTÉVIA , TIPO: DIETÉTICO ",0.0236107212194475
606524,"Café torrado moído torra clara","n_combinacoes_unidade","465350","MASSA ALIMENTÍCIA, TIPO: PARA LASANHA , BASE DA MASSA: FARINHA DE TRIGO REFINADA , APRESENTAÇÃO: FRESCA/RESFRIADA , FORMATO: LAMINADA ",0.0224243402226824
606524,"Café torrado moído torra clara","n_combinacoes_unidade","460386","PÃO, BASE: DE FARINHA DE TRIGO REFINADA , TIPO: SEMI-DOCE , TIPO ADICIONAL: BISNAGA, CACHORRO QUENTE ",0.0216704265913253
606524,"Café torrado moído torra clara","n_combinacoes_unidade","464012","LEITE CÔCO, TIPO: MAGRO , CARACTERÍSTICA ADICIONAL: TEOR DE GORDURA REDUZIDA ",0.0215253996525653
606524,"Café torrado moído torra clara","n_combinacoes_unidade","463917","CONDIMENTO, TIPO: PÁPRICA , APRESENTAÇÃO: PÓ ",0.0212561056445894
606524,"Café torrado moído torra clara","n_combinacoes_unidade","446019","LEITE EM PÓ, ORIGEM: DE VACA , TEOR GORDURA: INTEGRAL , SOLUBILIDADE: INSTANTÂNEO ",0.0210654344771942
606524,"Café torrado moído torra clara","n_combinacoes_unidade","454017","SAL, TIPO: REFINADO , APLICAÇÃO: ALIMENTÍCIA , TEOR MÁXIMO SÓDIO: 390 MG/G, ACIDEZ: 7,0 PH",0.0209108185459958
606524,"Café torrado moído torra clara","n_combinacoes_unidade","471259","CHOCOLATE, TIPO: PRETO , APRESENTAÇÃO: GRANULADO , SABOR: TRADICIONAL ",0.0203436744815399
606524,"Café torrado moído torra clara","n_combinacoes_unidade","462657","DOCE NÃO CONFEITADO, TIPO: EM CALDA , SABOR: ABACAXI ",0.0198670436425292
606524,"Café torrado moído torra clara","n_combinacoes_unidade","464011","LEITE CÔCO, TIPO: INTEGRAL , PRAZO VALIDADE MÍNIMO: 12 MESES ",0.0185604051197646
606524,"Café torrado moído torra clara","n_combinacoes_unidade","463707","BATATA PROCESSADA, ESPÉCIE: INGLESA , TIPO FORMATO: PALHA , TIPO: FRITA , APRESENTAÇÃO: PRONTO PARA CONSUMO ",0.0178641700682139
606524,"Café torrado moído torra clara","n_combinacoes_unidade","463937","CONDIMENTO, TIPO: URUCUM , APRESENTAÇÃO: PÓ ",0.0173762390457326
606524,"Café torrado moído torra clara","n_combinacoes_unidade","463906","CONDIMENTO, TIPO: MANJERICÃO , APRESENTAÇÃO: NATURAL ",0.0173126804244817
606524,"Café torrado moído torra clara","n_combinacoes_unidade","463919","CONDIMENTO, TIPO: PIMENTA DO REINO , APRESENTAÇÃO: PÓ ",0.016230245422715
606524,"Café torrado moído torra clara","n_combinacoes_unidade","463547","CHOCOLATE, TIPO: PRETO , APRESENTAÇÃO: PÓ , SABOR: TRADICIONAL , CARACTERÍSTICA ADICIONAL: 50 % CACAU ",0.0151884493051777
606524,"Café torrado moído torra clara","n_combinacoes_unidade","462684","DOCE NÃO CONFEITADO, TIPO: EM CALDA , SABOR: PÊSSEGO ",0.0151270514725866
606524,"Café torrado moído torra clara","n_combinacoes_unidade","462729","GELATINA ALIMENTÍCIA, APRESENTAÇÃO: PÓ , SABOR: VARIADO , ORIGEM: ANIMAL ",0.014867314527357
606524,"Café torrado moído torra clara","n_combinacoes_unidade","407523","ADOÇANTE, ASPECTO FÍSICO: LíQUIDO TRANSPARENTE , INGREDIENTES: SUCRALOSE , PRAZO VALIDADE: 1 ANOS, TIPO: DIETÉTICO , CARACTERÍSTICAS ADICIONAIS: BICO DOSADOR ",0.0145367573795739
606524,"Café torrado moído torra clara","n_combinacoes_unidade","463872","CONDIMENTO, TIPO: CANELA , APRESENTAÇÃO: PÓ ",0.0140062884286893
606524,"Café torrado moído torra clara","n_combinacoes_unidade","462772","SORVETE, TIPO: SORVETE - BASE LEITE , SABOR: VARIADO , FORMA APRESENTAÇÃO: MASSA / CREMOSO ",0.0130444392722584
606524,"Café torrado moído torra clara","n_combinacoes_unidade","463891","CONDIMENTO, TIPO: COMINHO , APRESENTAÇÃO: PÓ ",0.0127115742903967
606524,"Café torrado moído torra clara","n_combinacoes_unidade","463894","CONDIMENTO, TIPO: CURRY , APRESENTAÇÃO: PÓ ",0.012661443026128
606524,"Café torrado moído torra clara","n_combinacoes_unidade","462823","LEGUME EM CONSERVA, TIPO: ERVILHA ",0.0124444080843563
606524,"Café torrado moído torra clara","n_combinacoes_unidade","446534","CREME DE LEITE, TEOR GORDURA: 21 A 40% DE GORDURA , PROCESSAMENTO: UHT ",0.0122508977417053
606524,"Café torrado moído torra clara","n_combinacoes_unidade","217781","REFRIGERANTE, MATERIAL: ÁGUA GASOSA/XAROPE , SABOR: LARANJA ",0.0121600918602021
606524,"Café torrado moído torra clara","n_combinacoes_unidade","463876","CONDIMENTO, TIPO: COENTRO , APRESENTAÇÃO: NATURAL ",0.0114098969174497
606524,"Café torrado moído torra clara","n_combinacoes_unidade","454018","SAL, TIPO: GROSSO , APLICAÇÃO: ALIMENTÍCIA , TEOR MÁXIMO SÓDIO: 390 MG/G, ACIDEZ: 7,0 PH",0.0109540051430821
606524,"Café torrado moído torra clara","n_combinacoes_unidade","459658","MOLHO DE MESA, TIPO: MAIONESE , COMPOSIÇÃO: TRADICIONAL , APRESENTAÇÃO: CREME ",0.0102640236556139
606524,"Café torrado moído torra clara","n_combinacoes_unidade","463920","CONDIMENTO, TIPO: PIMENTA DO REINO , APRESENTAÇÃO: MOÍDO ",0.00988529439366022
606524,"Café torrado moído torra clara","n_combinacoes_unidade","446704","IOGURTE NATURAL, TEOR GORDURA: INTEGRAL , SABOR: COM SABOR , COMPONENTES: COM POLPA OU PEDAÇOS DE FRUTA ",0.00970671789258594
606524,"Café torrado moído torra clara","n_combinacoes_unidade","463832","VERDURA IN NATURA, TIPO: ALFACE CRESPA ",0.00968911749119968
606524,"Café torrado moído torra clara","n_combinacoes_unidade","465332","FARINHA DE TRIGO, GRUPO: INDUSTRIAL , TIPO: TIPO 1, ESPECIAL , INGREDIENTE ADICIONAL: SEM FERMENTO ",0.00953322451788881
606524,"Café torrado moído torra clara","n_combinacoes_unidade","460501","AVEIA BENEFICIADA, CLASSE: BRANCA , APRESENTAÇÃO: EM FLOCOS FINOS , PRESENÇA DE GLÚTEN: CONTÉM GLÚTEN ",0.00935004170295308
606524,"Café torrado moído torra clara","n_combinacoes_unidade","463822","VERDURA IN NATURA, TIPO: COUVE ",0.00921946069512061
606524,"Café torrado moído torra clara","n_combinacoes_unidade","463826","VERDURA IN NATURA, TIPO: RÚCULA ",0.00917220546009216
606524,"Café torrado moído torra clara","n_combinacoes_unidade","459639","LEGUME EM CONSERVA, TIPO: AZEITONA VERDE , TAMANHO: GRANDE , APRESENTAÇÃO: SEM CAROÇO ",0.00893312521022421
606524,"Café torrado moído torra clara","n_combinacoes_unidade","446536","CREME DE LEITE, TEOR GORDURA: ACIMA DE 40% DE GORDURA , PROCESSAMENTO: PASTEURIZADO , CARACTERÍSTICAS ADICIONAIS: CREME TIPO NATA ",0.00865471614352936
606524,"Café torrado moído torra clara","n_combinacoes_unidade","463930","CONDIMENTO, TIPO: SALSA , APRESENTAÇÃO: NATURAL ",0.00844717716107207
606524,"Café torrado moído torra clara","n_combinacoes_unidade","463873","CONDIMENTO, TIPO: CANELA , APRESENTAÇÃO: CASCA ",0.00778574535677918
606524,"Café torrado moído torra clara","n_combinacoes_unidade","458904","ARROZ BENEFICIADO, TIPO: AGULHINHA/BRANCO , SUBGRUPO: POLIDO , CLASSE: LONGO FINO , QUALIDADE: TIPO 1 ",0.00741953425667764
606524,"Café torrado moído torra clara","n_combinacoes_unidade","459596","FERMENTO, TIPO: BIOLÓGICO SECO , APRESENTAÇÃO: PÓ GRANULADO ",0.0066454107095142
606524,"Café torrado moído torra clara","n_combinacoes_unidade","463556","ACHOCOLATADO, APRESENTAÇÃO: PÓ , SABOR: TRADICIONAL , CARACTERÍSTICA ADICIONAL: ENRIQUECIDO COM VITAMINAS ",0.00659185764808779
606524,"Café torrado moído torra clara","n_combinacoes_unidade","446648","QUEIJO, ORIGEM: DE VACA , VARIEDADE: PARMESÃO , APRESENTAÇÃO: RALADO ",0.00549151439593014
606524,"Café torrado moído torra clara","n_combinacoes_unidade","463536","CHOCOLATE, TIPO: PRETO , APRESENTAÇÃO: MASSA , SABOR: AO LEITE , PRAZO VALIDADE MÍNIMO: 12 MESES ",0.00521233138745586
606524,"Café torrado moído torra clara","n_combinacoes_unidade","446706","IOGURTE NATURAL, TEOR GORDURA: INTEGRAL , SABOR: SORTIDOS , COMPONENTES: COM POLPA OU PEDAÇOS DE FRUTA ",0.00490763814373547
606524,"Café torrado moído torra clara","n_combinacoes_unidade","461092","SAL, TIPO: REFINADO , APLICAÇÃO: ALIMENTÍCIA , TEOR MÁXIMO SÓDIO: 390 MG/G, ADITIVOS: IODATO DE POTASSIO E ANTIUMECTANTE FERROCIANETO DE ",0.00424578820165898
606524,"Café torrado moído torra clara","n_combinacoes_unidade","463878","CONDIMENTO, TIPO: CEBOLINHA , APRESENTAÇÃO: NATURAL ",0.0040681165374826
606524,"Café torrado moído torra clara","n_combinacoes_unidade","459077","AMIDO, BASE: DE MILHO ",0.00402467697142468
606524,"Café torrado moído torra clara","n_combinacoes_unidade","462824","LEGUME EM CONSERVA, TIPO: MILHO VERDE ",0.00387251699956298
606524,"Café torrado moído torra clara","n_combinacoes_unidade","447747","CARNE PROCESSADA, VARIEDADE: HAMBURGUER , TIPO: BOVINO , SABOR: TEMPERADO , ESTADO DE CONSERVAÇÃO: CONGELADO(A) ",0.003642239921355
606524,"Café torrado moído torra clara","n_combinacoes_unidade","447702","EMBUTIDO, TIPO: LINGUIÇA CALABRESA , TAMANHO: GROSSA , TIPO PREPARAÇÃO: DEFUMADA , ESTADO DE CONSERVAÇÃO: RESFRIADO(A) ",0.00315200994867432
606524,"Café torrado moído torra clara","n_combinacoes_unidade","463857","CONDIMENTO, TIPO: AÇAFRÃO , APRESENTAÇÃO: PÓ ",0.00284758237185307
606524,"Café torrado moído torra clara","n_combinacoes_unidade","463699","GORDURA VEGETAL, TIPO: MARGARINA , SUBTIPO: CREMOSA , COMPOSIÇÃO BÁSICA: MÍNIMO DE 80% DE GORDURA , SABOR: COM SAL ",0.00276683992353127
606524,"Café torrado moído torra clara","n_combinacoes_unidade","305354","BEBIDA LÁCTEA, SABOR: VARIADO , APRESENTAÇÃO: EMBALAGEM TETRAPACK ",0.00246564675428658
606524,"Café torrado moído torra clara","n_combinacoes_unidade","463892","CONDIMENTO, TIPO: CRAVO DA ÍNDIA , APRESENTAÇÃO: FLOR ",0.000955026689784402
606524,"Café torrado moído torra clara","n_combinacoes_unidade","463912","CONDIMENTO, TIPO: NOZ MOSCADA , APRESENTAÇÃO: PÓ ",0.000835545063328418
606524,"Café torrado moído torra clara","n_combinacoes_unidade","459670","MASSA DE TOMATE, TIPO: EXTRATO CONCENTRADO , COMPOSIÇÃO: TRADICIONAL , APRESENTAÇÃO: CREME ",0.000833777717741574
606524,"Café torrado moído torra clara","n_combinacoes_unidade","460263","FARINHA DE TRIGO, GRUPO: DOMÉSTICO , TIPO: TIPO 1, ESPECIAL , INGREDIENTE ADICIONAL: FORTIFICADA COM FERRO E ÁCIDO FÓLICO ",0.00070637149374322
606524,"Café torrado moído torra clara","median_preco","463904","CONDIMENTO, TIPO: LOURO , APRESENTAÇÃO: FOLHA ",0.0397471198062491
606524,"Café torrado moído torra clara","median_preco","448999","PEIXE EM CONSERVA, VARIEDADE: ATUM , APRESENTAÇÃO: RALADO , MEIO DE COBERTURA: COM ÓLEO COMESTÍVEL ",0.0372674611693303
606524,"Café torrado moído torra clara","median_preco","446654","QUEIJO, ORIGEM: DE VACA , VARIEDADE: RICOTA , TIPO: FRESCO , APRESENTAÇÃO: PEÇA ",0.0350093423270412
606524,"Café torrado moído torra clara","median_preco","316835","BISCOITO, APRESENTAÇÃO: SORTIDO , CLASSIFICAÇÃO: DOCE , TIPO: AMANTEIGADO , APLICAÇÃO: ALIMENTAÇÃO HUMANA ",0.0336786032906054
606524,"Café torrado moído torra clara","median_preco","463534","CHOCOLATE, TIPO: BRANCO , APRESENTAÇÃO: MASSA , SABOR: TRADICIONAL , PRAZO VALIDADE MÍNIMO: 12 MESES ",0.0309723970842603
606524,"Café torrado moído torra clara","median_preco","447770","FRIOS, VARIEDADE: PRESUNTO DE PERNIL , TIPO PREPARAÇÃO: COZIDO , COMPOSIÇÃO: COM CAPA DE GORDURA , APRESENTAÇÃO: PEÇA INTEIRA , ESTADO DE CONSERVAÇÃO: RESFRIADO(A) ",0.0302642773068913
606524,"Café torrado moído torra clara","median_preco","446626","OVO PROCESSADO, ORIGEM: CODORNA , APRESENTAÇÃO: EM CONSERVA ",0.0266915656213715
606524,"Café torrado moído torra clara","median_preco","447733","CARNE SALGADA, TIPO CORTE: COXÃO MOLE - CHARQUE , ORIGEM: BOVINA , APRESENTAÇÃO: EM MANTAS , ESTADO DE CONSERVAÇÃO: SECO(A) ",0.0252748177005494
606524,"Café torrado moído torra clara","median_preco","462101","CONDIMENTO*, MATÉRIA-PRIMA: TOMATE SECO , ASPECTO FÍSICO: DESIDRATADA , APLICAÇÃO: ALIMENTAÇÃO , CARACTERÍSTICAS ADICIONAIS: ÓLEO DE MILHO, AZEITE DE OLIVA, SAL, AÇÚCAR E  ES- ",0.0239261204179756
606524,"Café torrado moído torra clara","median_preco","447479","CARNE BOVINA IN NATURA, TIPO CORTE: MIOLO OU CORAÇÃO DA ALCATRA , APRESENTAÇÃO: PEÇA INTEIRA , ESTADO DE CONSERVAÇÃO: CONGELADO(A) ",0.0238987963606859
606524,"Café torrado moído torra clara","median_preco","463938","CONDIMENTO, TIPO: ALHO , APRESENTAÇÃO: NATURAL , ADICIONAL: CABEÇA ",0.0232739814780098
606524,"Café torrado moído torra clara","median_preco","459639","LEGUME EM CONSERVA, TIPO: AZEITONA VERDE , TAMANHO: GRANDE , APRESENTAÇÃO: SEM CAROÇO ",0.0226840646921598
606524,"Café torrado moído torra clara","median_preco","446639","QUEIJO, ORIGEM: DE VACA , VARIEDADE: PRATO , APRESENTAÇÃO: PEÇA ",0.0225904190245644
606524,"Café torrado moído torra clara","median_preco","447776","FRIOS, VARIEDADE: PRESUNTO DE PERU , TIPO PREPARAÇÃO: COZIDO , APRESENTAÇÃO: PEÇA INTEIRA , ESTADO DE CONSERVAÇÃO: RESFRIADO(A) ",0.0221228014572927
606524,"Café torrado moído torra clara","median_preco","463856","CONDIMENTO, TIPO: ALECRIM , APRESENTAÇÃO: DESIDRATADO ",0.0216231080725044
606524,"Café torrado moído torra clara","median_preco","446633","QUEIJO, ORIGEM: DE VACA , VARIEDADE: MUÇARELA , APRESENTAÇÃO: PEÇA ",0.0213243437525754
606524,"Café torrado moído torra clara","median_preco","447470","CARNE BOVINA IN NATURA, TIPO CORTE: MAMINHA DA ALCATRA , APRESENTAÇÃO: PEÇA INTEIRA , ESTADO DE CONSERVAÇÃO: CONGELADO(A) ",0.0212418578647372
606524,"Café torrado moído torra clara","median_preco","446019","LEITE EM PÓ, ORIGEM: DE VACA , TEOR GORDURA: INTEGRAL , SOLUBILIDADE: INSTANTÂNEO ",0.0210659615416699
606524,"Café torrado moído torra clara","median_preco","444323","CEREAL PREPARADO, ASPECTO FÍSICO: GRÂOS , COMPONENTES: AVEIA, BANANA, MAÇÃ E CANELA , CARACTERÍSTICAS ADICIONAIS: GRANOLA ",0.0207075975846362
606524,"Café torrado moído torra clara","median_preco","447792","FRIOS, VARIEDADE: PEITO DE PERU , TIPO PREPARAÇÃO: DEFUMADO , APRESENTAÇÃO: PEÇA INTEIRA , ESTADO DE CONSERVAÇÃO: RESFRIADO(A) ",0.0204010162607314
606524,"Café torrado moído torra clara","median_preco","447734","CARNE SALGADA, TIPO CORTE: PONTA DE AGULHA - CHARQUE , ORIGEM: BOVINA , APRESENTAÇÃO: EM MANTAS , ESTADO DE CONSERVAÇÃO: SECO(A) ",0.0198428308235923
606524,"Café torrado moído torra clara","median_preco","463536","CHOCOLATE, TIPO: PRETO , APRESENTAÇÃO: MASSA , SABOR: AO LEITE , PRAZO VALIDADE MÍNIMO: 12 MESES ",0.0194818108362992
606524,"Café torrado moído torra clara","median_preco","447414","CARNE BOVINA IN NATURA, TIPO CORTE: COSTELA , APRESENTAÇÃO: PEDAÇO , ESTADO DE CONSERVAÇÃO: CONGELADO(A) ",0.0189950313218555
606524,"Café torrado moído torra clara","median_preco","447448","CARNE BOVINA IN NATURA, TIPO CORTE: PATINHO , APRESENTAÇÃO: PEÇA INTEIRA , ESTADO DE CONSERVAÇÃO: CONGELADO(A) ",0.0189563610166041
606524,"Café torrado moído torra clara","median_preco","459586","FERMENTO, TIPO: QUÍMICO , APRESENTAÇÃO: PÓ ",0.0189177554550663
606524,"Café torrado moído torra clara","median_preco","468477","LEGUME EM CONSERVA, TIPO: PEPINO , ADICIONAL: PICLES ",0.0188518894176764
606524,"Café torrado moído torra clara","median_preco","446636","QUEIJO, ORIGEM: DE VACA , VARIEDADE: MUÇARELA , APRESENTAÇÃO: FATIADO ",0.0188127259575591
606524,"Café torrado moído torra clara","median_preco","447640","CARNE DE AVE IN NATURA, TIPO ANIMAL: FRANGO , TIPO CORTE: CORAÇÃO , APRESENTAÇÃO: INTEIRO , ESTADO DE CONSERVAÇÃO: RESFRIADO(A) ",0.0188027639571998
606524,"Café torrado moído torra clara","median_preco","447441","CARNE BOVINA IN NATURA, TIPO CORTE: LAGARTO , APRESENTAÇÃO: PEÇA INTEIRA , ESTADO DE CONSERVAÇÃO: CONGELADO(A) ",0.0184286045326771
606524,"Café torrado moído torra clara","median_preco","462684","DOCE NÃO CONFEITADO, TIPO: EM CALDA , SABOR: PÊSSEGO ",0.0179971235464808
606524,"Café torrado moído torra clara","median_preco","447666","CARNE DEFUMADA, TIPO CORTE: TOUCINHO (BACON) , TIPO ANIMAL: SUÍNA , APRESENTAÇÃO: EM MANTAS , ESTADO DE CONSERVAÇÃO: RESFRIADO(A) ",0.0178074919260552
606524,"Café torrado moído torra clara","median_preco","447072","QUEIJO, ORIGEM: DE VACA , VARIEDADE: COALHO , TIPO: FRESCO , APRESENTAÇÃO: PEÇA ",0.0167506913413087
606524,"Café torrado moído torra clara","median_preco","447668","CARNE DEFUMADA, TIPO CORTE: TOUCINHO (BACON) , TIPO ANIMAL: SUÍNA , APRESENTAÇÃO: FATIADA , ESTADO DE CONSERVAÇÃO: RESFRIADO(A) ",0.0164865879884895
606524,"Café torrado moído torra clara","median_preco","462662","DOCE NÃO CONFEITADO, TIPO: EM CALDA , SABOR: AMEIXA ",0.0163925861635016
606524,"Café torrado moído torra clara","median_preco","467201","CARNE SALGADA, TIPO CORTE: PARA FEIJOADA , ORIGEM: CARNE SUÍNA, BOVINA E DE FRANGO , APRESENTAÇÃO: CORTADA , ESTADO DE CONSERVAÇÃO: RESFRIADO(A) ",0.015804151073961
606524,"Café torrado moído torra clara","median_preco","463860","CONDIMENTO, TIPO: ALHO , APRESENTAÇÃO: GRANULADO ",0.0154943073928766
606524,"Café torrado moído torra clara","median_preco","449182","EMBUTIDO, TIPO: LINGUIÇA PAIO , TIPO PREPARAÇÃO: DEFUMADA , ESTADO DE CONSERVAÇÃO: RESFRIADO(A) ",0.0142252145210141
606524,"Café torrado moído torra clara","median_preco","459645","LEGUME EM CONSERVA, TIPO: AZEITONA PRETA , TAMANHO: GRANDE , APRESENTAÇÃO: SEM CAROÇO ",0.0141204165114694
606524,"Café torrado moído torra clara","median_preco","447431","CARNE BOVINA IN NATURA, TIPO CORTE: COXÃO MOLE , APRESENTAÇÃO: PEÇA INTEIRA , ESTADO DE CONSERVAÇÃO: CONGELADO(A) ",0.0140781287823007
606524,"Café torrado moído torra clara","median_preco","447774","FRIOS, VARIEDADE: PRESUNTO DE PERNIL , TIPO PREPARAÇÃO: COZIDO , COMPOSIÇÃO: SEM CAPA DE GORDURA , APRESENTAÇÃO: FATIADO , ESTADO DE CONSERVAÇÃO: RESFRIADO(A) ",0.0139520846635437
606524,"Café torrado moído torra clara","median_preco","462675","DOCE NÃO CONFEITADO, TIPO: EM CALDA , SABOR: FIGO ",0.0137887968228518
606524,"Café torrado moído torra clara","median_preco","390172","BISCOITO, SABOR: SALGADO INTEGRAL , TIPO: CLUB SOCIAL ",0.0127374641388871
606524,"Café torrado moído torra clara","median_preco","463707","BATATA PROCESSADA, ESPÉCIE: INGLESA , TIPO FORMATO: PALHA , TIPO: FRITA , APRESENTAÇÃO: PRONTO PARA CONSUMO ",0.0114273260125435
606524,"Café torrado moído torra clara","median_preco","447446","CARNE BOVINA IN NATURA, TIPO CORTE: PATINHO , APRESENTAÇÃO: MOIDA , ESTADO DE CONSERVAÇÃO: CONGELADO(A) ",0.0111318853363706
606524,"Café torrado moído torra clara","median_preco","463916","CONDIMENTO, TIPO: ORÉGANO , APRESENTAÇÃO: DESIDRATADO ",0.0110677834848093
606524,"Café torrado moído torra clara","median_preco","449006","PEIXE EM CONSERVA, VARIEDADE: SARDINHA , APRESENTAÇÃO: DESCABEÇADA E EVISCERADA , MEIO DE COBERTURA: COM ÓLEO COMESTÍVEL ",0.0108541119436178
606524,"Café torrado moído torra clara","median_preco","475579","ARROZ BENEFICIADO, TIPO: ARBÓREO , SUBGRUPO: POLIDO , CLASSE: MÉDIO , QUALIDADE: TIPO 1 ",0.0107200939638556
606524,"Café torrado moído torra clara","median_preco","448897","PEIXE IN NATURA, VARIEDADE: MERLUZA , TIPO CORTE: FILÉ , APRESENTAÇÃO: SEM PELE , ESTADO DE CONSERVAÇÃO: CONGELADO(A) ",0.0105363426359372
606524,"Café torrado moído torra clara","median_preco","446671","QUEIJO, ORIGEM: DE VACA , VARIEDADE: REQUEIJÃO , APRESENTAÇÃO: CREMOSO ",0.0101620871646906
606524,"Café torrado moído torra clara","median_preco","446393","MANTEIGA, TIPO: PRIMEIRA QUALIDADE , COMPOSIÇÃO: COM SAL ",0.00931408162403019
606524,"Café torrado moído torra clara","median_preco","464328","FRUTA, TIPO: MORANGO , APRESENTAÇÃO: NATURAL ",0.00790097633060493
606524,"Café torrado moído torra clara","median_preco","448953","PEIXE IN NATURA, VARIEDADE: TILÁPIA , TIPO CORTE: FILÉ , APRESENTAÇÃO: SEM PELE , ESTADO DE CONSERVAÇÃO: CONGELADO(A) ",0.00553363557204802
606524,"Café torrado moído torra clara","median_preco","460486","LEGUME EM CONSERVA, TIPO: PALMITO , APRESENTAÇÃO: INTEIRO ",0.00429887667494876
606524,"Café torrado moído torra clara","median_preco","446397","MANTEIGA, TIPO: EXTRA , COMPOSIÇÃO: COM SAL , TRATAMENTO: MATURADA ",0.00256232825143258
