"catmat","descricao","outcome","periodo_ref","date","Y_real","Y_sint","gap","pos_tratamento","ATT","SE_placebo","p_valor","sig","tipo"
445484,"ÁGUA MINERAL NATURAL, TIPO: SEM GÁS , MATERIAL EMBALAGEM: PLÁSTICO , TIPO EMBALAGEM: DESCARTÁVEL ","median_preco","2021-12",2021-12-01,1.6025,1.68533671502926,-0.0828367150292579,FALSE,-0.4491,0.5539,0.4175,"","II"
445484,"ÁGUA MINERAL NATURAL, TIPO: SEM GÁS , MATERIAL EMBALAGEM: PLÁSTICO , TIPO EMBALAGEM: DESCARTÁVEL ","median_preco","2022-01",2022-01-01,2.4,1.95893197945016,0.441068020549844,FALSE,-0.4491,0.5539,0.4175,"","II"
445484,"ÁGUA MINERAL NATURAL, TIPO: SEM GÁS , MATERIAL EMBALAGEM: PLÁSTICO , TIPO EMBALAGEM: DESCARTÁVEL ","median_preco","2022-02",2022-02-01,1.9,1.663699013065,0.236300986934998,FALSE,-0.4491,0.5539,0.4175,"","II"
445484,"ÁGUA MINERAL NATURAL, TIPO: SEM GÁS , MATERIAL EMBALAGEM: PLÁSTICO , TIPO EMBALAGEM: DESCARTÁVEL ","median_preco","2022-03",2022-03-01,2.30908333333333,2.09325362758142,0.215829705751916,FALSE,-0.4491,0.5539,0.4175,"","II"
445484,"ÁGUA MINERAL NATURAL, TIPO: SEM GÁS , MATERIAL EMBALAGEM: PLÁSTICO , TIPO EMBALAGEM: DESCARTÁVEL ","median_preco","2022-04",2022-04-01,2.13,1.95691492728674,0.173085072713265,FALSE,-0.4491,0.5539,0.4175,"","II"
445484,"ÁGUA MINERAL NATURAL, TIPO: SEM GÁS , MATERIAL EMBALAGEM: PLÁSTICO , TIPO EMBALAGEM: DESCARTÁVEL ","median_preco","2022-05",2022-05-01,1.56666666666667,1.89088514111698,-0.32421847445031,FALSE,-0.4491,0.5539,0.4175,"","II"
445484,"ÁGUA MINERAL NATURAL, TIPO: SEM GÁS , MATERIAL EMBALAGEM: PLÁSTICO , TIPO EMBALAGEM: DESCARTÁVEL ","median_preco","2022-06",2022-06-01,1.82176470588235,1.89961605786821,-0.0778513519858564,FALSE,-0.4491,0.5539,0.4175,"","II"
445484,"ÁGUA MINERAL NATURAL, TIPO: SEM GÁS , MATERIAL EMBALAGEM: PLÁSTICO , TIPO EMBALAGEM: DESCARTÁVEL ","median_preco","2022-07",2022-07-01,2,2.0063798150866,-0.00637981508659813,FALSE,-0.4491,0.5539,0.4175,"","II"
445484,"ÁGUA MINERAL NATURAL, TIPO: SEM GÁS , MATERIAL EMBALAGEM: PLÁSTICO , TIPO EMBALAGEM: DESCARTÁVEL ","median_preco","2022-08",2022-08-01,1.99333333333333,2.08142062393873,-0.0880872906053998,FALSE,-0.4491,0.5539,0.4175,"","II"
445484,"ÁGUA MINERAL NATURAL, TIPO: SEM GÁS , MATERIAL EMBALAGEM: PLÁSTICO , TIPO EMBALAGEM: DESCARTÁVEL ","median_preco","2022-09",2022-09-01,2.65,2.31118008263282,0.338819917367179,FALSE,-0.4491,0.5539,0.4175,"","II"
445484,"ÁGUA MINERAL NATURAL, TIPO: SEM GÁS , MATERIAL EMBALAGEM: PLÁSTICO , TIPO EMBALAGEM: DESCARTÁVEL ","median_preco","2022-10",2022-10-01,2.7,2.25203168018736,0.447968319812642,FALSE,-0.4491,0.5539,0.4175,"","II"
445484,"ÁGUA MINERAL NATURAL, TIPO: SEM GÁS , MATERIAL EMBALAGEM: PLÁSTICO , TIPO EMBALAGEM: DESCARTÁVEL ","median_preco","2022-11",2022-11-01,1.79,2.11969317458525,-0.329693174585251,FALSE,-0.4491,0.5539,0.4175,"","II"
445484,"ÁGUA MINERAL NATURAL, TIPO: SEM GÁS , MATERIAL EMBALAGEM: PLÁSTICO , TIPO EMBALAGEM: DESCARTÁVEL ","median_preco","2022-12",2022-12-01,2.43,2.35823185406906,0.0717681459309421,FALSE,-0.4491,0.5539,0.4175,"","II"
445484,"ÁGUA MINERAL NATURAL, TIPO: SEM GÁS , MATERIAL EMBALAGEM: PLÁSTICO , TIPO EMBALAGEM: DESCARTÁVEL ","median_preco","2023-01",2023-01-01,2.25,2.11479261754516,0.135207382454839,FALSE,-0.4491,0.5539,0.4175,"","II"
445484,"ÁGUA MINERAL NATURAL, TIPO: SEM GÁS , MATERIAL EMBALAGEM: PLÁSTICO , TIPO EMBALAGEM: DESCARTÁVEL ","median_preco","2023-02",2023-02-01,2,2.19208100641197,-0.19208100641197,FALSE,-0.4491,0.5539,0.4175,"","II"
445484,"ÁGUA MINERAL NATURAL, TIPO: SEM GÁS , MATERIAL EMBALAGEM: PLÁSTICO , TIPO EMBALAGEM: DESCARTÁVEL ","median_preco","2023-03",2023-03-01,2.3,2.34774804188922,-0.0477480418892213,FALSE,-0.4491,0.5539,0.4175,"","II"
445484,"ÁGUA MINERAL NATURAL, TIPO: SEM GÁS , MATERIAL EMBALAGEM: PLÁSTICO , TIPO EMBALAGEM: DESCARTÁVEL ","median_preco","2023-04",2023-04-01,1.9,2.4954755207551,-0.5954755207551,TRUE,-0.4491,0.5539,0.4175,"","II"
445484,"ÁGUA MINERAL NATURAL, TIPO: SEM GÁS , MATERIAL EMBALAGEM: PLÁSTICO , TIPO EMBALAGEM: DESCARTÁVEL ","median_preco","2023-05",2023-05-01,2.05,2.67593226244021,-0.625932262440207,TRUE,-0.4491,0.5539,0.4175,"","II"
445484,"ÁGUA MINERAL NATURAL, TIPO: SEM GÁS , MATERIAL EMBALAGEM: PLÁSTICO , TIPO EMBALAGEM: DESCARTÁVEL ","median_preco","2023-06",2023-06-01,2.325,2.26955226224517,0.055447737754835,TRUE,-0.4491,0.5539,0.4175,"","II"
445484,"ÁGUA MINERAL NATURAL, TIPO: SEM GÁS , MATERIAL EMBALAGEM: PLÁSTICO , TIPO EMBALAGEM: DESCARTÁVEL ","median_preco","2023-07",2023-07-01,2.3,2.36978943546344,-0.0697894354634401,TRUE,-0.4491,0.5539,0.4175,"","II"
445484,"ÁGUA MINERAL NATURAL, TIPO: SEM GÁS , MATERIAL EMBALAGEM: PLÁSTICO , TIPO EMBALAGEM: DESCARTÁVEL ","median_preco","2023-08",2023-08-01,1.945,2.54067154694064,-0.595671546940643,TRUE,-0.4491,0.5539,0.4175,"","II"
445484,"ÁGUA MINERAL NATURAL, TIPO: SEM GÁS , MATERIAL EMBALAGEM: PLÁSTICO , TIPO EMBALAGEM: DESCARTÁVEL ","median_preco","2023-09",2023-09-01,2.14333333333333,2.15435064895192,-0.0110173156185889,TRUE,-0.4491,0.5539,0.4175,"","II"
445484,"ÁGUA MINERAL NATURAL, TIPO: SEM GÁS , MATERIAL EMBALAGEM: PLÁSTICO , TIPO EMBALAGEM: DESCARTÁVEL ","median_preco","2023-10",2023-10-01,2.18,2.06812984753195,0.111870152468051,TRUE,-0.4491,0.5539,0.4175,"","II"
445484,"ÁGUA MINERAL NATURAL, TIPO: SEM GÁS , MATERIAL EMBALAGEM: PLÁSTICO , TIPO EMBALAGEM: DESCARTÁVEL ","median_preco","2023-11",2023-11-01,2.2,2.29216106467957,-0.0921610646795741,TRUE,-0.4491,0.5539,0.4175,"","II"
445484,"ÁGUA MINERAL NATURAL, TIPO: SEM GÁS , MATERIAL EMBALAGEM: PLÁSTICO , TIPO EMBALAGEM: DESCARTÁVEL ","median_preco","2023-12",2023-12-01,2,2.27481925864709,-0.274819258647086,TRUE,-0.4491,0.5539,0.4175,"","II"
445484,"ÁGUA MINERAL NATURAL, TIPO: SEM GÁS , MATERIAL EMBALAGEM: PLÁSTICO , TIPO EMBALAGEM: DESCARTÁVEL ","median_preco","2024-01",2024-01-01,1.78,2.34525351980353,-0.565253519803528,TRUE,-0.4491,0.5539,0.4175,"","II"
445484,"ÁGUA MINERAL NATURAL, TIPO: SEM GÁS , MATERIAL EMBALAGEM: PLÁSTICO , TIPO EMBALAGEM: DESCARTÁVEL ","median_preco","2024-02",2024-02-01,2,2.63964718603298,-0.63964718603298,TRUE,-0.4491,0.5539,0.4175,"","II"
445484,"ÁGUA MINERAL NATURAL, TIPO: SEM GÁS , MATERIAL EMBALAGEM: PLÁSTICO , TIPO EMBALAGEM: DESCARTÁVEL ","median_preco","2024-03",2024-03-01,2.18,2.85543193068944,-0.675431930689442,TRUE,-0.4491,0.5539,0.4175,"","II"
445484,"ÁGUA MINERAL NATURAL, TIPO: SEM GÁS , MATERIAL EMBALAGEM: PLÁSTICO , TIPO EMBALAGEM: DESCARTÁVEL ","median_preco","2024-04",2024-04-01,2.18,2.68110356926113,-0.501103569261134,TRUE,-0.4491,0.5539,0.4175,"","II"
445484,"ÁGUA MINERAL NATURAL, TIPO: SEM GÁS , MATERIAL EMBALAGEM: PLÁSTICO , TIPO EMBALAGEM: DESCARTÁVEL ","median_preco","2024-05",2024-05-01,2.28,2.59685307143894,-0.316853071438943,TRUE,-0.4491,0.5539,0.4175,"","II"
445484,"ÁGUA MINERAL NATURAL, TIPO: SEM GÁS , MATERIAL EMBALAGEM: PLÁSTICO , TIPO EMBALAGEM: DESCARTÁVEL ","median_preco","2024-06",2024-06-01,2.38,2.94564372148902,-0.565643721489022,TRUE,-0.4491,0.5539,0.4175,"","II"
445484,"ÁGUA MINERAL NATURAL, TIPO: SEM GÁS , MATERIAL EMBALAGEM: PLÁSTICO , TIPO EMBALAGEM: DESCARTÁVEL ","median_preco","2024-07",2024-07-01,1.94,2.71421135146896,-0.774211351468964,TRUE,-0.4491,0.5539,0.4175,"","II"
445484,"ÁGUA MINERAL NATURAL, TIPO: SEM GÁS , MATERIAL EMBALAGEM: PLÁSTICO , TIPO EMBALAGEM: DESCARTÁVEL ","median_preco","2024-08",2024-08-01,1.8,2.7802592444128,-0.9802592444128,TRUE,-0.4491,0.5539,0.4175,"","II"
445484,"ÁGUA MINERAL NATURAL, TIPO: SEM GÁS , MATERIAL EMBALAGEM: PLÁSTICO , TIPO EMBALAGEM: DESCARTÁVEL ","median_preco","2024-09",2024-09-01,1.99,2.69632289788395,-0.706322897883953,TRUE,-0.4491,0.5539,0.4175,"","II"
445484,"ÁGUA MINERAL NATURAL, TIPO: SEM GÁS , MATERIAL EMBALAGEM: PLÁSTICO , TIPO EMBALAGEM: DESCARTÁVEL ","median_preco","2024-10",2024-10-01,2.37,2.68450365639247,-0.314503656392468,TRUE,-0.4491,0.5539,0.4175,"","II"
445484,"ÁGUA MINERAL NATURAL, TIPO: SEM GÁS , MATERIAL EMBALAGEM: PLÁSTICO , TIPO EMBALAGEM: DESCARTÁVEL ","median_preco","2024-11",2024-11-01,2.9,2.6676675319797,0.2323324680203,TRUE,-0.4491,0.5539,0.4175,"","II"
445484,"ÁGUA MINERAL NATURAL, TIPO: SEM GÁS , MATERIAL EMBALAGEM: PLÁSTICO , TIPO EMBALAGEM: DESCARTÁVEL ","median_preco","2024-12",2024-12-01,1.82,2.59453144040749,-0.774531440407495,TRUE,-0.4491,0.5539,0.4175,"","II"
445484,"ÁGUA MINERAL NATURAL, TIPO: SEM GÁS , MATERIAL EMBALAGEM: PLÁSTICO , TIPO EMBALAGEM: DESCARTÁVEL ","median_preco","2025-01",2025-01-01,1.99,2.41049313647863,-0.420493136478635,TRUE,-0.4491,0.5539,0.4175,"","II"
445484,"ÁGUA MINERAL NATURAL, TIPO: SEM GÁS , MATERIAL EMBALAGEM: PLÁSTICO , TIPO EMBALAGEM: DESCARTÁVEL ","median_preco","2025-02",2025-02-01,2.1,2.23246078554048,-0.132460785540482,TRUE,-0.4491,0.5539,0.4175,"","II"
445484,"ÁGUA MINERAL NATURAL, TIPO: SEM GÁS , MATERIAL EMBALAGEM: PLÁSTICO , TIPO EMBALAGEM: DESCARTÁVEL ","median_preco","2025-03",2025-03-01,1.9,2.54812628622903,-0.648126286229034,TRUE,-0.4491,0.5539,0.4175,"","II"
445484,"ÁGUA MINERAL NATURAL, TIPO: SEM GÁS , MATERIAL EMBALAGEM: PLÁSTICO , TIPO EMBALAGEM: DESCARTÁVEL ","median_preco","2025-04",2025-04-01,2.7,2.9177442057466,-0.217744205746601,TRUE,-0.4491,0.5539,0.4175,"","II"
445484,"ÁGUA MINERAL NATURAL, TIPO: SEM GÁS , MATERIAL EMBALAGEM: PLÁSTICO , TIPO EMBALAGEM: DESCARTÁVEL ","median_preco","2025-05",2025-05-01,1.8,2.47134660375385,-0.671346603753848,TRUE,-0.4491,0.5539,0.4175,"","II"
445484,"ÁGUA MINERAL NATURAL, TIPO: SEM GÁS , MATERIAL EMBALAGEM: PLÁSTICO , TIPO EMBALAGEM: DESCARTÁVEL ","median_preco","2025-06",2025-06-01,2.475,2.86254334651401,-0.387543346514007,TRUE,-0.4491,0.5539,0.4175,"","II"
445484,"ÁGUA MINERAL NATURAL, TIPO: SEM GÁS , MATERIAL EMBALAGEM: PLÁSTICO , TIPO EMBALAGEM: DESCARTÁVEL ","median_preco","2025-07",2025-07-01,2.62,2.87817103233348,-0.258171032333476,TRUE,-0.4491,0.5539,0.4175,"","II"
445484,"ÁGUA MINERAL NATURAL, TIPO: SEM GÁS , MATERIAL EMBALAGEM: PLÁSTICO , TIPO EMBALAGEM: DESCARTÁVEL ","median_preco","2025-08",2025-08-01,2.02,2.84407572922262,-0.824075729222616,TRUE,-0.4491,0.5539,0.4175,"","II"
445484,"ÁGUA MINERAL NATURAL, TIPO: SEM GÁS , MATERIAL EMBALAGEM: PLÁSTICO , TIPO EMBALAGEM: DESCARTÁVEL ","median_preco","2025-09",2025-09-01,2.17823529411765,2.84958254933528,-0.671347255217631,TRUE,-0.4491,0.5539,0.4175,"","II"
445484,"ÁGUA MINERAL NATURAL, TIPO: SEM GÁS , MATERIAL EMBALAGEM: PLÁSTICO , TIPO EMBALAGEM: DESCARTÁVEL ","median_preco","2025-10",2025-10-01,2.2,2.56235956023477,-0.362359560234769,TRUE,-0.4491,0.5539,0.4175,"","II"
445484,"ÁGUA MINERAL NATURAL, TIPO: SEM GÁS , MATERIAL EMBALAGEM: PLÁSTICO , TIPO EMBALAGEM: DESCARTÁVEL ","median_preco","2025-11",2025-11-01,1.695,2.88475993055959,-1.18975993055959,TRUE,-0.4491,0.5539,0.4175,"","II"
445484,"ÁGUA MINERAL NATURAL, TIPO: SEM GÁS , MATERIAL EMBALAGEM: PLÁSTICO , TIPO EMBALAGEM: DESCARTÁVEL ","median_preco","2025-12",2025-12-01,2.14,2.49806492924026,-0.358064929240264,TRUE,-0.4491,0.5539,0.4175,"","II"
445484,"ÁGUA MINERAL NATURAL, TIPO: SEM GÁS , MATERIAL EMBALAGEM: PLÁSTICO , TIPO EMBALAGEM: DESCARTÁVEL ","n_combinacoes_unidade","2021-12",2021-12-01,12,10.3964924228898,1.60350757711022,FALSE,0.1325,0.5118,0.7957,"","III"
445484,"ÁGUA MINERAL NATURAL, TIPO: SEM GÁS , MATERIAL EMBALAGEM: PLÁSTICO , TIPO EMBALAGEM: DESCARTÁVEL ","n_combinacoes_unidade","2022-01",2022-01-01,9,8.32885421558068,0.671145784419323,FALSE,0.1325,0.5118,0.7957,"","III"
445484,"ÁGUA MINERAL NATURAL, TIPO: SEM GÁS , MATERIAL EMBALAGEM: PLÁSTICO , TIPO EMBALAGEM: DESCARTÁVEL ","n_combinacoes_unidade","2022-02",2022-02-01,10,9.80633055719232,0.193669442807682,FALSE,0.1325,0.5118,0.7957,"","III"
445484,"ÁGUA MINERAL NATURAL, TIPO: SEM GÁS , MATERIAL EMBALAGEM: PLÁSTICO , TIPO EMBALAGEM: DESCARTÁVEL ","n_combinacoes_unidade","2022-03",2022-03-01,11,10.2350078332345,0.764992166765454,FALSE,0.1325,0.5118,0.7957,"","III"
445484,"ÁGUA MINERAL NATURAL, TIPO: SEM GÁS , MATERIAL EMBALAGEM: PLÁSTICO , TIPO EMBALAGEM: DESCARTÁVEL ","n_combinacoes_unidade","2022-04",2022-04-01,11,10.6496766720332,0.350323327966805,FALSE,0.1325,0.5118,0.7957,"","III"
445484,"ÁGUA MINERAL NATURAL, TIPO: SEM GÁS , MATERIAL EMBALAGEM: PLÁSTICO , TIPO EMBALAGEM: DESCARTÁVEL ","n_combinacoes_unidade","2022-05",2022-05-01,9,10.0275036438392,-1.02750364383917,FALSE,0.1325,0.5118,0.7957,"","III"
445484,"ÁGUA MINERAL NATURAL, TIPO: SEM GÁS , MATERIAL EMBALAGEM: PLÁSTICO , TIPO EMBALAGEM: DESCARTÁVEL ","n_combinacoes_unidade","2022-06",2022-06-01,12,10.8973975263299,1.10260247367012,FALSE,0.1325,0.5118,0.7957,"","III"
445484,"ÁGUA MINERAL NATURAL, TIPO: SEM GÁS , MATERIAL EMBALAGEM: PLÁSTICO , TIPO EMBALAGEM: DESCARTÁVEL ","n_combinacoes_unidade","2022-07",2022-07-01,12,10.2638504718883,1.7361495281117,FALSE,0.1325,0.5118,0.7957,"","III"
445484,"ÁGUA MINERAL NATURAL, TIPO: SEM GÁS , MATERIAL EMBALAGEM: PLÁSTICO , TIPO EMBALAGEM: DESCARTÁVEL ","n_combinacoes_unidade","2022-08",2022-08-01,12,10.6571203611957,1.34287963880428,FALSE,0.1325,0.5118,0.7957,"","III"
445484,"ÁGUA MINERAL NATURAL, TIPO: SEM GÁS , MATERIAL EMBALAGEM: PLÁSTICO , TIPO EMBALAGEM: DESCARTÁVEL ","n_combinacoes_unidade","2022-09",2022-09-01,11,10.0113509049048,0.988649095095216,FALSE,0.1325,0.5118,0.7957,"","III"
445484,"ÁGUA MINERAL NATURAL, TIPO: SEM GÁS , MATERIAL EMBALAGEM: PLÁSTICO , TIPO EMBALAGEM: DESCARTÁVEL ","n_combinacoes_unidade","2022-10",2022-10-01,11,9.97793649040321,1.02206350959679,FALSE,0.1325,0.5118,0.7957,"","III"
445484,"ÁGUA MINERAL NATURAL, TIPO: SEM GÁS , MATERIAL EMBALAGEM: PLÁSTICO , TIPO EMBALAGEM: DESCARTÁVEL ","n_combinacoes_unidade","2022-11",2022-11-01,10,10.4786640242631,-0.47866402426305,FALSE,0.1325,0.5118,0.7957,"","III"
445484,"ÁGUA MINERAL NATURAL, TIPO: SEM GÁS , MATERIAL EMBALAGEM: PLÁSTICO , TIPO EMBALAGEM: DESCARTÁVEL ","n_combinacoes_unidade","2022-12",2022-12-01,9,9.277143296793,-0.277143296793003,FALSE,0.1325,0.5118,0.7957,"","III"
445484,"ÁGUA MINERAL NATURAL, TIPO: SEM GÁS , MATERIAL EMBALAGEM: PLÁSTICO , TIPO EMBALAGEM: DESCARTÁVEL ","n_combinacoes_unidade","2023-01",2023-01-01,6,8.43216678103593,-2.43216678103593,FALSE,0.1325,0.5118,0.7957,"","III"
445484,"ÁGUA MINERAL NATURAL, TIPO: SEM GÁS , MATERIAL EMBALAGEM: PLÁSTICO , TIPO EMBALAGEM: DESCARTÁVEL ","n_combinacoes_unidade","2023-02",2023-02-01,7,9.32155071117305,-2.32155071117305,FALSE,0.1325,0.5118,0.7957,"","III"
445484,"ÁGUA MINERAL NATURAL, TIPO: SEM GÁS , MATERIAL EMBALAGEM: PLÁSTICO , TIPO EMBALAGEM: DESCARTÁVEL ","n_combinacoes_unidade","2023-03",2023-03-01,8,9.73946999276617,-1.73946999276617,FALSE,0.1325,0.5118,0.7957,"","III"
445484,"ÁGUA MINERAL NATURAL, TIPO: SEM GÁS , MATERIAL EMBALAGEM: PLÁSTICO , TIPO EMBALAGEM: DESCARTÁVEL ","n_combinacoes_unidade","2023-04",2023-04-01,9,9.94384317816636,-0.943843178166357,TRUE,0.1325,0.5118,0.7957,"","III"
445484,"ÁGUA MINERAL NATURAL, TIPO: SEM GÁS , MATERIAL EMBALAGEM: PLÁSTICO , TIPO EMBALAGEM: DESCARTÁVEL ","n_combinacoes_unidade","2023-05",2023-05-01,11,9.56813003287979,1.43186996712021,TRUE,0.1325,0.5118,0.7957,"","III"
445484,"ÁGUA MINERAL NATURAL, TIPO: SEM GÁS , MATERIAL EMBALAGEM: PLÁSTICO , TIPO EMBALAGEM: DESCARTÁVEL ","n_combinacoes_unidade","2023-06",2023-06-01,12,11.0422448054304,0.957755194569605,TRUE,0.1325,0.5118,0.7957,"","III"
445484,"ÁGUA MINERAL NATURAL, TIPO: SEM GÁS , MATERIAL EMBALAGEM: PLÁSTICO , TIPO EMBALAGEM: DESCARTÁVEL ","n_combinacoes_unidade","2023-07",2023-07-01,12,9.74285697158841,2.25714302841159,TRUE,0.1325,0.5118,0.7957,"","III"
445484,"ÁGUA MINERAL NATURAL, TIPO: SEM GÁS , MATERIAL EMBALAGEM: PLÁSTICO , TIPO EMBALAGEM: DESCARTÁVEL ","n_combinacoes_unidade","2023-08",2023-08-01,8,9.96564822021188,-1.96564822021188,TRUE,0.1325,0.5118,0.7957,"","III"
445484,"ÁGUA MINERAL NATURAL, TIPO: SEM GÁS , MATERIAL EMBALAGEM: PLÁSTICO , TIPO EMBALAGEM: DESCARTÁVEL ","n_combinacoes_unidade","2023-09",2023-09-01,12,9.82297346278427,2.17702653721573,TRUE,0.1325,0.5118,0.7957,"","III"
445484,"ÁGUA MINERAL NATURAL, TIPO: SEM GÁS , MATERIAL EMBALAGEM: PLÁSTICO , TIPO EMBALAGEM: DESCARTÁVEL ","n_combinacoes_unidade","2023-10",2023-10-01,13,9.60056130257775,3.39943869742225,TRUE,0.1325,0.5118,0.7957,"","III"
445484,"ÁGUA MINERAL NATURAL, TIPO: SEM GÁS , MATERIAL EMBALAGEM: PLÁSTICO , TIPO EMBALAGEM: DESCARTÁVEL ","n_combinacoes_unidade","2023-11",2023-11-01,7,9.9208291367222,-2.9208291367222,TRUE,0.1325,0.5118,0.7957,"","III"
445484,"ÁGUA MINERAL NATURAL, TIPO: SEM GÁS , MATERIAL EMBALAGEM: PLÁSTICO , TIPO EMBALAGEM: DESCARTÁVEL ","n_combinacoes_unidade","2023-12",2023-12-01,10,9.85535360273329,0.144646397266712,TRUE,0.1325,0.5118,0.7957,"","III"
445484,"ÁGUA MINERAL NATURAL, TIPO: SEM GÁS , MATERIAL EMBALAGEM: PLÁSTICO , TIPO EMBALAGEM: DESCARTÁVEL ","n_combinacoes_unidade","2024-01",2024-01-01,9,9.37512786766336,-0.375127867663357,TRUE,0.1325,0.5118,0.7957,"","III"
445484,"ÁGUA MINERAL NATURAL, TIPO: SEM GÁS , MATERIAL EMBALAGEM: PLÁSTICO , TIPO EMBALAGEM: DESCARTÁVEL ","n_combinacoes_unidade","2024-02",2024-02-01,7,9.71940450301414,-2.71940450301414,TRUE,0.1325,0.5118,0.7957,"","III"
445484,"ÁGUA MINERAL NATURAL, TIPO: SEM GÁS , MATERIAL EMBALAGEM: PLÁSTICO , TIPO EMBALAGEM: DESCARTÁVEL ","n_combinacoes_unidade","2024-03",2024-03-01,10,9.89087121478034,0.109128785219662,TRUE,0.1325,0.5118,0.7957,"","III"
445484,"ÁGUA MINERAL NATURAL, TIPO: SEM GÁS , MATERIAL EMBALAGEM: PLÁSTICO , TIPO EMBALAGEM: DESCARTÁVEL ","n_combinacoes_unidade","2024-04",2024-04-01,7,8.76650611711796,-1.76650611711796,TRUE,0.1325,0.5118,0.7957,"","III"
445484,"ÁGUA MINERAL NATURAL, TIPO: SEM GÁS , MATERIAL EMBALAGEM: PLÁSTICO , TIPO EMBALAGEM: DESCARTÁVEL ","n_combinacoes_unidade","2024-05",2024-05-01,13,9.4911956676632,3.5088043323368,TRUE,0.1325,0.5118,0.7957,"","III"
445484,"ÁGUA MINERAL NATURAL, TIPO: SEM GÁS , MATERIAL EMBALAGEM: PLÁSTICO , TIPO EMBALAGEM: DESCARTÁVEL ","n_combinacoes_unidade","2024-06",2024-06-01,8,9.26927785826778,-1.26927785826778,TRUE,0.1325,0.5118,0.7957,"","III"
445484,"ÁGUA MINERAL NATURAL, TIPO: SEM GÁS , MATERIAL EMBALAGEM: PLÁSTICO , TIPO EMBALAGEM: DESCARTÁVEL ","n_combinacoes_unidade","2024-07",2024-07-01,11,10.5064027278933,0.493597272106737,TRUE,0.1325,0.5118,0.7957,"","III"
445484,"ÁGUA MINERAL NATURAL, TIPO: SEM GÁS , MATERIAL EMBALAGEM: PLÁSTICO , TIPO EMBALAGEM: DESCARTÁVEL ","n_combinacoes_unidade","2024-08",2024-08-01,10,9.87766109742689,0.122338902573105,TRUE,0.1325,0.5118,0.7957,"","III"
445484,"ÁGUA MINERAL NATURAL, TIPO: SEM GÁS , MATERIAL EMBALAGEM: PLÁSTICO , TIPO EMBALAGEM: DESCARTÁVEL ","n_combinacoes_unidade","2024-09",2024-09-01,12,9.99246843020277,2.00753156979723,TRUE,0.1325,0.5118,0.7957,"","III"
445484,"ÁGUA MINERAL NATURAL, TIPO: SEM GÁS , MATERIAL EMBALAGEM: PLÁSTICO , TIPO EMBALAGEM: DESCARTÁVEL ","n_combinacoes_unidade","2024-10",2024-10-01,11,10.3376235819936,0.66237641800639,TRUE,0.1325,0.5118,0.7957,"","III"
445484,"ÁGUA MINERAL NATURAL, TIPO: SEM GÁS , MATERIAL EMBALAGEM: PLÁSTICO , TIPO EMBALAGEM: DESCARTÁVEL ","n_combinacoes_unidade","2024-11",2024-11-01,12,9.69871268193202,2.30128731806798,TRUE,0.1325,0.5118,0.7957,"","III"
445484,"ÁGUA MINERAL NATURAL, TIPO: SEM GÁS , MATERIAL EMBALAGEM: PLÁSTICO , TIPO EMBALAGEM: DESCARTÁVEL ","n_combinacoes_unidade","2024-12",2024-12-01,11,9.46435320327335,1.53564679672665,TRUE,0.1325,0.5118,0.7957,"","III"
445484,"ÁGUA MINERAL NATURAL, TIPO: SEM GÁS , MATERIAL EMBALAGEM: PLÁSTICO , TIPO EMBALAGEM: DESCARTÁVEL ","n_combinacoes_unidade","2025-01",2025-01-01,8,9.15681401024287,-1.15681401024287,TRUE,0.1325,0.5118,0.7957,"","III"
445484,"ÁGUA MINERAL NATURAL, TIPO: SEM GÁS , MATERIAL EMBALAGEM: PLÁSTICO , TIPO EMBALAGEM: DESCARTÁVEL ","n_combinacoes_unidade","2025-02",2025-02-01,8,9.5798777671322,-1.5798777671322,TRUE,0.1325,0.5118,0.7957,"","III"
445484,"ÁGUA MINERAL NATURAL, TIPO: SEM GÁS , MATERIAL EMBALAGEM: PLÁSTICO , TIPO EMBALAGEM: DESCARTÁVEL ","n_combinacoes_unidade","2025-03",2025-03-01,7,9.26931837551326,-2.26931837551326,TRUE,0.1325,0.5118,0.7957,"","III"
445484,"ÁGUA MINERAL NATURAL, TIPO: SEM GÁS , MATERIAL EMBALAGEM: PLÁSTICO , TIPO EMBALAGEM: DESCARTÁVEL ","n_combinacoes_unidade","2025-04",2025-04-01,10,10.1051611805115,-0.105161180511519,TRUE,0.1325,0.5118,0.7957,"","III"
445484,"ÁGUA MINERAL NATURAL, TIPO: SEM GÁS , MATERIAL EMBALAGEM: PLÁSTICO , TIPO EMBALAGEM: DESCARTÁVEL ","n_combinacoes_unidade","2025-05",2025-05-01,10,9.54522492816519,0.454775071834806,TRUE,0.1325,0.5118,0.7957,"","III"
445484,"ÁGUA MINERAL NATURAL, TIPO: SEM GÁS , MATERIAL EMBALAGEM: PLÁSTICO , TIPO EMBALAGEM: DESCARTÁVEL ","n_combinacoes_unidade","2025-06",2025-06-01,13,9.29838991844578,3.70161008155422,TRUE,0.1325,0.5118,0.7957,"","III"
445484,"ÁGUA MINERAL NATURAL, TIPO: SEM GÁS , MATERIAL EMBALAGEM: PLÁSTICO , TIPO EMBALAGEM: DESCARTÁVEL ","n_combinacoes_unidade","2025-07",2025-07-01,9,9.68559313001709,-0.685593130017086,TRUE,0.1325,0.5118,0.7957,"","III"
445484,"ÁGUA MINERAL NATURAL, TIPO: SEM GÁS , MATERIAL EMBALAGEM: PLÁSTICO , TIPO EMBALAGEM: DESCARTÁVEL ","n_combinacoes_unidade","2025-08",2025-08-01,7,9.78947686250849,-2.78947686250849,TRUE,0.1325,0.5118,0.7957,"","III"
445484,"ÁGUA MINERAL NATURAL, TIPO: SEM GÁS , MATERIAL EMBALAGEM: PLÁSTICO , TIPO EMBALAGEM: DESCARTÁVEL ","n_combinacoes_unidade","2025-09",2025-09-01,11,9.89841850231298,1.10158149768702,TRUE,0.1325,0.5118,0.7957,"","III"
445484,"ÁGUA MINERAL NATURAL, TIPO: SEM GÁS , MATERIAL EMBALAGEM: PLÁSTICO , TIPO EMBALAGEM: DESCARTÁVEL ","n_combinacoes_unidade","2025-10",2025-10-01,10,10.0168729688153,-0.0168729688152762,TRUE,0.1325,0.5118,0.7957,"","III"
445484,"ÁGUA MINERAL NATURAL, TIPO: SEM GÁS , MATERIAL EMBALAGEM: PLÁSTICO , TIPO EMBALAGEM: DESCARTÁVEL ","n_combinacoes_unidade","2025-11",2025-11-01,8,9.8329779103761,-1.8329779103761,TRUE,0.1325,0.5118,0.7957,"","III"
445484,"ÁGUA MINERAL NATURAL, TIPO: SEM GÁS , MATERIAL EMBALAGEM: PLÁSTICO , TIPO EMBALAGEM: DESCARTÁVEL ","n_combinacoes_unidade","2025-12",2025-12-01,10,9.59810149060606,0.401898509393941,TRUE,0.1325,0.5118,0.7957,"","III"
445484,"ÁGUA MINERAL NATURAL, TIPO: SEM GÁS , MATERIAL EMBALAGEM: PLÁSTICO , TIPO EMBALAGEM: DESCARTÁVEL ","n_fornecedores","2021-12",2021-12-01,48,45.8126989745122,2.18730102548783,FALSE,3.2875,1.8349,0.0732,"*","II"
445484,"ÁGUA MINERAL NATURAL, TIPO: SEM GÁS , MATERIAL EMBALAGEM: PLÁSTICO , TIPO EMBALAGEM: DESCARTÁVEL ","n_fornecedores","2022-01",2022-01-01,27,26.3607259944881,0.639274005511869,FALSE,3.2875,1.8349,0.0732,"*","II"
445484,"ÁGUA MINERAL NATURAL, TIPO: SEM GÁS , MATERIAL EMBALAGEM: PLÁSTICO , TIPO EMBALAGEM: DESCARTÁVEL ","n_fornecedores","2022-02",2022-02-01,45,34.8942934780043,10.1057065219957,FALSE,3.2875,1.8349,0.0732,"*","II"
445484,"ÁGUA MINERAL NATURAL, TIPO: SEM GÁS , MATERIAL EMBALAGEM: PLÁSTICO , TIPO EMBALAGEM: DESCARTÁVEL ","n_fornecedores","2022-03",2022-03-01,46,43.1756466565714,2.82435334342856,FALSE,3.2875,1.8349,0.0732,"*","II"
445484,"ÁGUA MINERAL NATURAL, TIPO: SEM GÁS , MATERIAL EMBALAGEM: PLÁSTICO , TIPO EMBALAGEM: DESCARTÁVEL ","n_fornecedores","2022-04",2022-04-01,40,39.1121611925904,0.887838807409636,FALSE,3.2875,1.8349,0.0732,"*","II"
445484,"ÁGUA MINERAL NATURAL, TIPO: SEM GÁS , MATERIAL EMBALAGEM: PLÁSTICO , TIPO EMBALAGEM: DESCARTÁVEL ","n_fornecedores","2022-05",2022-05-01,44,46.8778725043608,-2.87787250436081,FALSE,3.2875,1.8349,0.0732,"*","II"
445484,"ÁGUA MINERAL NATURAL, TIPO: SEM GÁS , MATERIAL EMBALAGEM: PLÁSTICO , TIPO EMBALAGEM: DESCARTÁVEL ","n_fornecedores","2022-06",2022-06-01,58,52.1119823927301,5.88801760726992,FALSE,3.2875,1.8349,0.0732,"*","II"
445484,"ÁGUA MINERAL NATURAL, TIPO: SEM GÁS , MATERIAL EMBALAGEM: PLÁSTICO , TIPO EMBALAGEM: DESCARTÁVEL ","n_fornecedores","2022-07",2022-07-01,54,49.8754847265737,4.12451527342631,FALSE,3.2875,1.8349,0.0732,"*","II"
445484,"ÁGUA MINERAL NATURAL, TIPO: SEM GÁS , MATERIAL EMBALAGEM: PLÁSTICO , TIPO EMBALAGEM: DESCARTÁVEL ","n_fornecedores","2022-08",2022-08-01,64,47.1152169908797,16.8847830091203,FALSE,3.2875,1.8349,0.0732,"*","II"
445484,"ÁGUA MINERAL NATURAL, TIPO: SEM GÁS , MATERIAL EMBALAGEM: PLÁSTICO , TIPO EMBALAGEM: DESCARTÁVEL ","n_fornecedores","2022-09",2022-09-01,49,44.2063586402631,4.79364135973692,FALSE,3.2875,1.8349,0.0732,"*","II"
445484,"ÁGUA MINERAL NATURAL, TIPO: SEM GÁS , MATERIAL EMBALAGEM: PLÁSTICO , TIPO EMBALAGEM: DESCARTÁVEL ","n_fornecedores","2022-10",2022-10-01,32,42.7622590622424,-10.7622590622424,FALSE,3.2875,1.8349,0.0732,"*","II"
445484,"ÁGUA MINERAL NATURAL, TIPO: SEM GÁS , MATERIAL EMBALAGEM: PLÁSTICO , TIPO EMBALAGEM: DESCARTÁVEL ","n_fornecedores","2022-11",2022-11-01,54,52.3937608399256,1.60623916007437,FALSE,3.2875,1.8349,0.0732,"*","II"
445484,"ÁGUA MINERAL NATURAL, TIPO: SEM GÁS , MATERIAL EMBALAGEM: PLÁSTICO , TIPO EMBALAGEM: DESCARTÁVEL ","n_fornecedores","2022-12",2022-12-01,33,38.8120965941522,-5.81209659415218,FALSE,3.2875,1.8349,0.0732,"*","II"
445484,"ÁGUA MINERAL NATURAL, TIPO: SEM GÁS , MATERIAL EMBALAGEM: PLÁSTICO , TIPO EMBALAGEM: DESCARTÁVEL ","n_fornecedores","2023-01",2023-01-01,27,31.9451662648324,-4.94516626483243,FALSE,3.2875,1.8349,0.0732,"*","II"
445484,"ÁGUA MINERAL NATURAL, TIPO: SEM GÁS , MATERIAL EMBALAGEM: PLÁSTICO , TIPO EMBALAGEM: DESCARTÁVEL ","n_fornecedores","2023-02",2023-02-01,54,45.0950460716594,8.90495392834059,FALSE,3.2875,1.8349,0.0732,"*","II"
445484,"ÁGUA MINERAL NATURAL, TIPO: SEM GÁS , MATERIAL EMBALAGEM: PLÁSTICO , TIPO EMBALAGEM: DESCARTÁVEL ","n_fornecedores","2023-03",2023-03-01,43,42.2605713862213,0.739428613778713,FALSE,3.2875,1.8349,0.0732,"*","II"
445484,"ÁGUA MINERAL NATURAL, TIPO: SEM GÁS , MATERIAL EMBALAGEM: PLÁSTICO , TIPO EMBALAGEM: DESCARTÁVEL ","n_fornecedores","2023-04",2023-04-01,57,41.4078333398624,15.5921666601376,TRUE,3.2875,1.8349,0.0732,"*","II"
445484,"ÁGUA MINERAL NATURAL, TIPO: SEM GÁS , MATERIAL EMBALAGEM: PLÁSTICO , TIPO EMBALAGEM: DESCARTÁVEL ","n_fornecedores","2023-05",2023-05-01,40,40.9232882333557,-0.923288233355741,TRUE,3.2875,1.8349,0.0732,"*","II"
445484,"ÁGUA MINERAL NATURAL, TIPO: SEM GÁS , MATERIAL EMBALAGEM: PLÁSTICO , TIPO EMBALAGEM: DESCARTÁVEL ","n_fornecedores","2023-06",2023-06-01,69,50.0239086288568,18.9760913711432,TRUE,3.2875,1.8349,0.0732,"*","II"
445484,"ÁGUA MINERAL NATURAL, TIPO: SEM GÁS , MATERIAL EMBALAGEM: PLÁSTICO , TIPO EMBALAGEM: DESCARTÁVEL ","n_fornecedores","2023-07",2023-07-01,52,44.2639273366954,7.73607266330456,TRUE,3.2875,1.8349,0.0732,"*","II"
445484,"ÁGUA MINERAL NATURAL, TIPO: SEM GÁS , MATERIAL EMBALAGEM: PLÁSTICO , TIPO EMBALAGEM: DESCARTÁVEL ","n_fornecedores","2023-08",2023-08-01,40,46.9081366612204,-6.90813666122045,TRUE,3.2875,1.8349,0.0732,"*","II"
445484,"ÁGUA MINERAL NATURAL, TIPO: SEM GÁS , MATERIAL EMBALAGEM: PLÁSTICO , TIPO EMBALAGEM: DESCARTÁVEL ","n_fornecedores","2023-09",2023-09-01,48,39.680066864344,8.31993313565597,TRUE,3.2875,1.8349,0.0732,"*","II"
445484,"ÁGUA MINERAL NATURAL, TIPO: SEM GÁS , MATERIAL EMBALAGEM: PLÁSTICO , TIPO EMBALAGEM: DESCARTÁVEL ","n_fornecedores","2023-10",2023-10-01,42,39.9528111184076,2.0471888815924,TRUE,3.2875,1.8349,0.0732,"*","II"
445484,"ÁGUA MINERAL NATURAL, TIPO: SEM GÁS , MATERIAL EMBALAGEM: PLÁSTICO , TIPO EMBALAGEM: DESCARTÁVEL ","n_fornecedores","2023-11",2023-11-01,36,43.0053239074646,-7.00532390746465,TRUE,3.2875,1.8349,0.0732,"*","II"
445484,"ÁGUA MINERAL NATURAL, TIPO: SEM GÁS , MATERIAL EMBALAGEM: PLÁSTICO , TIPO EMBALAGEM: DESCARTÁVEL ","n_fornecedores","2023-12",2023-12-01,58,43.7979954783464,14.2020045216536,TRUE,3.2875,1.8349,0.0732,"*","II"
445484,"ÁGUA MINERAL NATURAL, TIPO: SEM GÁS , MATERIAL EMBALAGEM: PLÁSTICO , TIPO EMBALAGEM: DESCARTÁVEL ","n_fornecedores","2024-01",2024-01-01,40,35.049870024076,4.95012997592396,TRUE,3.2875,1.8349,0.0732,"*","II"
445484,"ÁGUA MINERAL NATURAL, TIPO: SEM GÁS , MATERIAL EMBALAGEM: PLÁSTICO , TIPO EMBALAGEM: DESCARTÁVEL ","n_fornecedores","2024-02",2024-02-01,37,37.5364553928976,-0.536455392897636,TRUE,3.2875,1.8349,0.0732,"*","II"
445484,"ÁGUA MINERAL NATURAL, TIPO: SEM GÁS , MATERIAL EMBALAGEM: PLÁSTICO , TIPO EMBALAGEM: DESCARTÁVEL ","n_fornecedores","2024-03",2024-03-01,42,37.8746362091467,4.12536379085333,TRUE,3.2875,1.8349,0.0732,"*","II"
445484,"ÁGUA MINERAL NATURAL, TIPO: SEM GÁS , MATERIAL EMBALAGEM: PLÁSTICO , TIPO EMBALAGEM: DESCARTÁVEL ","n_fornecedores","2024-04",2024-04-01,28,37.2803294882354,-9.28032948823536,TRUE,3.2875,1.8349,0.0732,"*","II"
445484,"ÁGUA MINERAL NATURAL, TIPO: SEM GÁS , MATERIAL EMBALAGEM: PLÁSTICO , TIPO EMBALAGEM: DESCARTÁVEL ","n_fornecedores","2024-05",2024-05-01,42,38.0637396666504,3.93626033334962,TRUE,3.2875,1.8349,0.0732,"*","II"
445484,"ÁGUA MINERAL NATURAL, TIPO: SEM GÁS , MATERIAL EMBALAGEM: PLÁSTICO , TIPO EMBALAGEM: DESCARTÁVEL ","n_fornecedores","2024-06",2024-06-01,53,36.8687818445104,16.1312181554896,TRUE,3.2875,1.8349,0.0732,"*","II"
445484,"ÁGUA MINERAL NATURAL, TIPO: SEM GÁS , MATERIAL EMBALAGEM: PLÁSTICO , TIPO EMBALAGEM: DESCARTÁVEL ","n_fornecedores","2024-07",2024-07-01,48,45.012427378993,2.987572621007,TRUE,3.2875,1.8349,0.0732,"*","II"
445484,"ÁGUA MINERAL NATURAL, TIPO: SEM GÁS , MATERIAL EMBALAGEM: PLÁSTICO , TIPO EMBALAGEM: DESCARTÁVEL ","n_fornecedores","2024-08",2024-08-01,42,41.1737254894291,0.826274510570919,TRUE,3.2875,1.8349,0.0732,"*","II"
445484,"ÁGUA MINERAL NATURAL, TIPO: SEM GÁS , MATERIAL EMBALAGEM: PLÁSTICO , TIPO EMBALAGEM: DESCARTÁVEL ","n_fornecedores","2024-09",2024-09-01,48,44.0856293205163,3.91437067948373,TRUE,3.2875,1.8349,0.0732,"*","II"
445484,"ÁGUA MINERAL NATURAL, TIPO: SEM GÁS , MATERIAL EMBALAGEM: PLÁSTICO , TIPO EMBALAGEM: DESCARTÁVEL ","n_fornecedores","2024-10",2024-10-01,52,45.9845799845777,6.01542001542231,TRUE,3.2875,1.8349,0.0732,"*","II"
445484,"ÁGUA MINERAL NATURAL, TIPO: SEM GÁS , MATERIAL EMBALAGEM: PLÁSTICO , TIPO EMBALAGEM: DESCARTÁVEL ","n_fornecedores","2024-11",2024-11-01,43,43.4480261882822,-0.448026188282185,TRUE,3.2875,1.8349,0.0732,"*","II"
445484,"ÁGUA MINERAL NATURAL, TIPO: SEM GÁS , MATERIAL EMBALAGEM: PLÁSTICO , TIPO EMBALAGEM: DESCARTÁVEL ","n_fornecedores","2024-12",2024-12-01,48,40.7796222898859,7.22037771011406,TRUE,3.2875,1.8349,0.0732,"*","II"
445484,"ÁGUA MINERAL NATURAL, TIPO: SEM GÁS , MATERIAL EMBALAGEM: PLÁSTICO , TIPO EMBALAGEM: DESCARTÁVEL ","n_fornecedores","2025-01",2025-01-01,29,35.3544080255976,-6.35440802559761,TRUE,3.2875,1.8349,0.0732,"*","II"
445484,"ÁGUA MINERAL NATURAL, TIPO: SEM GÁS , MATERIAL EMBALAGEM: PLÁSTICO , TIPO EMBALAGEM: DESCARTÁVEL ","n_fornecedores","2025-02",2025-02-01,37,34.2783358110034,2.72166418899663,TRUE,3.2875,1.8349,0.0732,"*","II"
445484,"ÁGUA MINERAL NATURAL, TIPO: SEM GÁS , MATERIAL EMBALAGEM: PLÁSTICO , TIPO EMBALAGEM: DESCARTÁVEL ","n_fornecedores","2025-03",2025-03-01,45,38.1309964026482,6.86900359735184,TRUE,3.2875,1.8349,0.0732,"*","II"
445484,"ÁGUA MINERAL NATURAL, TIPO: SEM GÁS , MATERIAL EMBALAGEM: PLÁSTICO , TIPO EMBALAGEM: DESCARTÁVEL ","n_fornecedores","2025-04",2025-04-01,54,44.5412147399944,9.4587852600056,TRUE,3.2875,1.8349,0.0732,"*","II"
445484,"ÁGUA MINERAL NATURAL, TIPO: SEM GÁS , MATERIAL EMBALAGEM: PLÁSTICO , TIPO EMBALAGEM: DESCARTÁVEL ","n_fornecedores","2025-05",2025-05-01,48,43.1776375521484,4.82236244785163,TRUE,3.2875,1.8349,0.0732,"*","II"
445484,"ÁGUA MINERAL NATURAL, TIPO: SEM GÁS , MATERIAL EMBALAGEM: PLÁSTICO , TIPO EMBALAGEM: DESCARTÁVEL ","n_fornecedores","2025-06",2025-06-01,26,36.9127599972682,-10.9127599972682,TRUE,3.2875,1.8349,0.0732,"*","II"
445484,"ÁGUA MINERAL NATURAL, TIPO: SEM GÁS , MATERIAL EMBALAGEM: PLÁSTICO , TIPO EMBALAGEM: DESCARTÁVEL ","n_fornecedores","2025-07",2025-07-01,47,42.117824856167,4.88217514383305,TRUE,3.2875,1.8349,0.0732,"*","II"
445484,"ÁGUA MINERAL NATURAL, TIPO: SEM GÁS , MATERIAL EMBALAGEM: PLÁSTICO , TIPO EMBALAGEM: DESCARTÁVEL ","n_fornecedores","2025-08",2025-08-01,39,44.4696695016556,-5.46966950165563,TRUE,3.2875,1.8349,0.0732,"*","II"
445484,"ÁGUA MINERAL NATURAL, TIPO: SEM GÁS , MATERIAL EMBALAGEM: PLÁSTICO , TIPO EMBALAGEM: DESCARTÁVEL ","n_fornecedores","2025-09",2025-09-01,43,47.6903154938116,-4.69031549381161,TRUE,3.2875,1.8349,0.0732,"*","II"
445484,"ÁGUA MINERAL NATURAL, TIPO: SEM GÁS , MATERIAL EMBALAGEM: PLÁSTICO , TIPO EMBALAGEM: DESCARTÁVEL ","n_fornecedores","2025-10",2025-10-01,60,48.333473744709,11.666526255291,TRUE,3.2875,1.8349,0.0732,"*","II"
445484,"ÁGUA MINERAL NATURAL, TIPO: SEM GÁS , MATERIAL EMBALAGEM: PLÁSTICO , TIPO EMBALAGEM: DESCARTÁVEL ","n_fornecedores","2025-11",2025-11-01,48,41.4651426269131,6.53485737308688,TRUE,3.2875,1.8349,0.0732,"*","II"
445484,"ÁGUA MINERAL NATURAL, TIPO: SEM GÁS , MATERIAL EMBALAGEM: PLÁSTICO , TIPO EMBALAGEM: DESCARTÁVEL ","n_fornecedores","2025-12",2025-12-01,37,39.920980578507,-2.92098057850704,TRUE,3.2875,1.8349,0.0732,"*","II"
445485,"ÁGUA MINERAL NATURAL, TIPO: SEM GÁS , MATERIAL EMBALAGEM: PLÁSTICO , TIPO EMBALAGEM: RETORNÁVEL ","median_preco","2021-12",2021-12-01,0.5,0.032271395772312,0.467728604227688,FALSE,-0.2863,0.4995,0.5665,"","III"
445485,"ÁGUA MINERAL NATURAL, TIPO: SEM GÁS , MATERIAL EMBALAGEM: PLÁSTICO , TIPO EMBALAGEM: RETORNÁVEL ","median_preco","2022-01",2022-01-01,0.41625,0.191582151486836,0.224667848513164,FALSE,-0.2863,0.4995,0.5665,"","III"
445485,"ÁGUA MINERAL NATURAL, TIPO: SEM GÁS , MATERIAL EMBALAGEM: PLÁSTICO , TIPO EMBALAGEM: RETORNÁVEL ","median_preco","2022-02",2022-02-01,0.36475,-0.0399950124753716,0.404745012475372,FALSE,-0.2863,0.4995,0.5665,"","III"
445485,"ÁGUA MINERAL NATURAL, TIPO: SEM GÁS , MATERIAL EMBALAGEM: PLÁSTICO , TIPO EMBALAGEM: RETORNÁVEL ","median_preco","2022-03",2022-03-01,0.45,0.340684073261311,0.109315926738689,FALSE,-0.2863,0.4995,0.5665,"","III"
445485,"ÁGUA MINERAL NATURAL, TIPO: SEM GÁS , MATERIAL EMBALAGEM: PLÁSTICO , TIPO EMBALAGEM: RETORNÁVEL ","median_preco","2022-04",2022-04-01,0.406,0.176139941721888,0.229860058278112,FALSE,-0.2863,0.4995,0.5665,"","III"
445485,"ÁGUA MINERAL NATURAL, TIPO: SEM GÁS , MATERIAL EMBALAGEM: PLÁSTICO , TIPO EMBALAGEM: RETORNÁVEL ","median_preco","2022-05",2022-05-01,0.45,0.285480298605714,0.164519701394286,FALSE,-0.2863,0.4995,0.5665,"","III"
445485,"ÁGUA MINERAL NATURAL, TIPO: SEM GÁS , MATERIAL EMBALAGEM: PLÁSTICO , TIPO EMBALAGEM: RETORNÁVEL ","median_preco","2022-06",2022-06-01,0.45,0.19553917468664,0.25446082531336,FALSE,-0.2863,0.4995,0.5665,"","III"
445485,"ÁGUA MINERAL NATURAL, TIPO: SEM GÁS , MATERIAL EMBALAGEM: PLÁSTICO , TIPO EMBALAGEM: RETORNÁVEL ","median_preco","2022-07",2022-07-01,0.449,0.305283642683703,0.143716357316297,FALSE,-0.2863,0.4995,0.5665,"","III"
445485,"ÁGUA MINERAL NATURAL, TIPO: SEM GÁS , MATERIAL EMBALAGEM: PLÁSTICO , TIPO EMBALAGEM: RETORNÁVEL ","median_preco","2022-08",2022-08-01,0.52375,0.377593185609463,0.146156814390537,FALSE,-0.2863,0.4995,0.5665,"","III"
445485,"ÁGUA MINERAL NATURAL, TIPO: SEM GÁS , MATERIAL EMBALAGEM: PLÁSTICO , TIPO EMBALAGEM: RETORNÁVEL ","median_preco","2022-09",2022-09-01,0.459,0.426210431657875,0.0327895683421254,FALSE,-0.2863,0.4995,0.5665,"","III"
445485,"ÁGUA MINERAL NATURAL, TIPO: SEM GÁS , MATERIAL EMBALAGEM: PLÁSTICO , TIPO EMBALAGEM: RETORNÁVEL ","median_preco","2022-10",2022-10-01,0.445,0.441641102921675,0.00335889707832465,FALSE,-0.2863,0.4995,0.5665,"","III"
445485,"ÁGUA MINERAL NATURAL, TIPO: SEM GÁS , MATERIAL EMBALAGEM: PLÁSTICO , TIPO EMBALAGEM: RETORNÁVEL ","median_preco","2022-11",2022-11-01,0.45,0.406977630664347,0.0430223693356527,FALSE,-0.2863,0.4995,0.5665,"","III"
445485,"ÁGUA MINERAL NATURAL, TIPO: SEM GÁS , MATERIAL EMBALAGEM: PLÁSTICO , TIPO EMBALAGEM: RETORNÁVEL ","median_preco","2022-12",2022-12-01,0.6,0.613917635146704,-0.0139176351467044,FALSE,-0.2863,0.4995,0.5665,"","III"
445485,"ÁGUA MINERAL NATURAL, TIPO: SEM GÁS , MATERIAL EMBALAGEM: PLÁSTICO , TIPO EMBALAGEM: RETORNÁVEL ","median_preco","2023-01",2023-01-01,0.475,0.333863524008151,0.141136475991849,FALSE,-0.2863,0.4995,0.5665,"","III"
445485,"ÁGUA MINERAL NATURAL, TIPO: SEM GÁS , MATERIAL EMBALAGEM: PLÁSTICO , TIPO EMBALAGEM: RETORNÁVEL ","median_preco","2023-02",2023-02-01,0.475,0.479890653327619,-0.00489065332761929,FALSE,-0.2863,0.4995,0.5665,"","III"
445485,"ÁGUA MINERAL NATURAL, TIPO: SEM GÁS , MATERIAL EMBALAGEM: PLÁSTICO , TIPO EMBALAGEM: RETORNÁVEL ","median_preco","2023-03",2023-03-01,0.455,0.576383835703051,-0.121383835703051,FALSE,-0.2863,0.4995,0.5665,"","III"
445485,"ÁGUA MINERAL NATURAL, TIPO: SEM GÁS , MATERIAL EMBALAGEM: PLÁSTICO , TIPO EMBALAGEM: RETORNÁVEL ","median_preco","2023-04",2023-04-01,0.5,0.71951644559515,-0.21951644559515,TRUE,-0.2863,0.4995,0.5665,"","III"
445485,"ÁGUA MINERAL NATURAL, TIPO: SEM GÁS , MATERIAL EMBALAGEM: PLÁSTICO , TIPO EMBALAGEM: RETORNÁVEL ","median_preco","2023-05",2023-05-01,0.496,0.914381766208899,-0.418381766208899,TRUE,-0.2863,0.4995,0.5665,"","III"
445485,"ÁGUA MINERAL NATURAL, TIPO: SEM GÁS , MATERIAL EMBALAGEM: PLÁSTICO , TIPO EMBALAGEM: RETORNÁVEL ","median_preco","2023-06",2023-06-01,0.45,0.554969886644513,-0.104969886644513,TRUE,-0.2863,0.4995,0.5665,"","III"
445485,"ÁGUA MINERAL NATURAL, TIPO: SEM GÁS , MATERIAL EMBALAGEM: PLÁSTICO , TIPO EMBALAGEM: RETORNÁVEL ","median_preco","2023-07",2023-07-01,0.4825,0.625660902003839,-0.143160902003839,TRUE,-0.2863,0.4995,0.5665,"","III"
445485,"ÁGUA MINERAL NATURAL, TIPO: SEM GÁS , MATERIAL EMBALAGEM: PLÁSTICO , TIPO EMBALAGEM: RETORNÁVEL ","median_preco","2023-08",2023-08-01,0.577,0.777013555061022,-0.200013555061022,TRUE,-0.2863,0.4995,0.5665,"","III"
445485,"ÁGUA MINERAL NATURAL, TIPO: SEM GÁS , MATERIAL EMBALAGEM: PLÁSTICO , TIPO EMBALAGEM: RETORNÁVEL ","median_preco","2023-09",2023-09-01,0.43575,0.458005907558566,-0.0222559075585655,TRUE,-0.2863,0.4995,0.5665,"","III"
445485,"ÁGUA MINERAL NATURAL, TIPO: SEM GÁS , MATERIAL EMBALAGEM: PLÁSTICO , TIPO EMBALAGEM: RETORNÁVEL ","median_preco","2023-10",2023-10-01,0.5,0.409863128335344,0.0901368716646562,TRUE,-0.2863,0.4995,0.5665,"","III"
445485,"ÁGUA MINERAL NATURAL, TIPO: SEM GÁS , MATERIAL EMBALAGEM: PLÁSTICO , TIPO EMBALAGEM: RETORNÁVEL ","median_preco","2023-11",2023-11-01,0.4613875,0.505653935229334,-0.0442664352293337,TRUE,-0.2863,0.4995,0.5665,"","III"
445485,"ÁGUA MINERAL NATURAL, TIPO: SEM GÁS , MATERIAL EMBALAGEM: PLÁSTICO , TIPO EMBALAGEM: RETORNÁVEL ","median_preco","2023-12",2023-12-01,0.475,0.561273851463868,-0.0862738514638682,TRUE,-0.2863,0.4995,0.5665,"","III"
445485,"ÁGUA MINERAL NATURAL, TIPO: SEM GÁS , MATERIAL EMBALAGEM: PLÁSTICO , TIPO EMBALAGEM: RETORNÁVEL ","median_preco","2024-01",2024-01-01,0.4755,0.563524820145853,-0.0880248201458531,TRUE,-0.2863,0.4995,0.5665,"","III"
445485,"ÁGUA MINERAL NATURAL, TIPO: SEM GÁS , MATERIAL EMBALAGEM: PLÁSTICO , TIPO EMBALAGEM: RETORNÁVEL ","median_preco","2024-02",2024-02-01,0.475,0.851369974172406,-0.376369974172406,TRUE,-0.2863,0.4995,0.5665,"","III"
445485,"ÁGUA MINERAL NATURAL, TIPO: SEM GÁS , MATERIAL EMBALAGEM: PLÁSTICO , TIPO EMBALAGEM: RETORNÁVEL ","median_preco","2024-03",2024-03-01,0.5175,0.992149492611562,-0.474649492611562,TRUE,-0.2863,0.4995,0.5665,"","III"
445485,"ÁGUA MINERAL NATURAL, TIPO: SEM GÁS , MATERIAL EMBALAGEM: PLÁSTICO , TIPO EMBALAGEM: RETORNÁVEL ","median_preco","2024-04",2024-04-01,0.55,0.789495945825085,-0.239495945825084,TRUE,-0.2863,0.4995,0.5665,"","III"
445485,"ÁGUA MINERAL NATURAL, TIPO: SEM GÁS , MATERIAL EMBALAGEM: PLÁSTICO , TIPO EMBALAGEM: RETORNÁVEL ","median_preco","2024-05",2024-05-01,0.45,0.776661275305735,-0.326661275305735,TRUE,-0.2863,0.4995,0.5665,"","III"
445485,"ÁGUA MINERAL NATURAL, TIPO: SEM GÁS , MATERIAL EMBALAGEM: PLÁSTICO , TIPO EMBALAGEM: RETORNÁVEL ","median_preco","2024-06",2024-06-01,0.43,1.02100861051066,-0.591008610510656,TRUE,-0.2863,0.4995,0.5665,"","III"
445485,"ÁGUA MINERAL NATURAL, TIPO: SEM GÁS , MATERIAL EMBALAGEM: PLÁSTICO , TIPO EMBALAGEM: RETORNÁVEL ","median_preco","2024-07",2024-07-01,0.4475,0.883257413415893,-0.435757413415893,TRUE,-0.2863,0.4995,0.5665,"","III"
445485,"ÁGUA MINERAL NATURAL, TIPO: SEM GÁS , MATERIAL EMBALAGEM: PLÁSTICO , TIPO EMBALAGEM: RETORNÁVEL ","median_preco","2024-08",2024-08-01,0.461,1.05982221795033,-0.598822217950335,TRUE,-0.2863,0.4995,0.5665,"","III"
445485,"ÁGUA MINERAL NATURAL, TIPO: SEM GÁS , MATERIAL EMBALAGEM: PLÁSTICO , TIPO EMBALAGEM: RETORNÁVEL ","median_preco","2024-09",2024-09-01,0.4645,0.993327694817666,-0.528827694817666,TRUE,-0.2863,0.4995,0.5665,"","III"
445485,"ÁGUA MINERAL NATURAL, TIPO: SEM GÁS , MATERIAL EMBALAGEM: PLÁSTICO , TIPO EMBALAGEM: RETORNÁVEL ","median_preco","2024-10",2024-10-01,0.55,0.831629094731025,-0.281629094731025,TRUE,-0.2863,0.4995,0.5665,"","III"
445485,"ÁGUA MINERAL NATURAL, TIPO: SEM GÁS , MATERIAL EMBALAGEM: PLÁSTICO , TIPO EMBALAGEM: RETORNÁVEL ","median_preco","2024-11",2024-11-01,0.49,0.852009263570396,-0.362009263570396,TRUE,-0.2863,0.4995,0.5665,"","III"
445485,"ÁGUA MINERAL NATURAL, TIPO: SEM GÁS , MATERIAL EMBALAGEM: PLÁSTICO , TIPO EMBALAGEM: RETORNÁVEL ","median_preco","2024-12",2024-12-01,0.50725,0.851637629836791,-0.344387629836791,TRUE,-0.2863,0.4995,0.5665,"","III"
445485,"ÁGUA MINERAL NATURAL, TIPO: SEM GÁS , MATERIAL EMBALAGEM: PLÁSTICO , TIPO EMBALAGEM: RETORNÁVEL ","median_preco","2025-01",2025-01-01,0.49975,0.670758525639891,-0.171008525639891,TRUE,-0.2863,0.4995,0.5665,"","III"
445485,"ÁGUA MINERAL NATURAL, TIPO: SEM GÁS , MATERIAL EMBALAGEM: PLÁSTICO , TIPO EMBALAGEM: RETORNÁVEL ","median_preco","2025-02",2025-02-01,0.545,0.439340825382571,0.105659174617429,TRUE,-0.2863,0.4995,0.5665,"","III"
445485,"ÁGUA MINERAL NATURAL, TIPO: SEM GÁS , MATERIAL EMBALAGEM: PLÁSTICO , TIPO EMBALAGEM: RETORNÁVEL ","median_preco","2025-03",2025-03-01,0.5,0.705141530631026,-0.205141530631026,TRUE,-0.2863,0.4995,0.5665,"","III"
445485,"ÁGUA MINERAL NATURAL, TIPO: SEM GÁS , MATERIAL EMBALAGEM: PLÁSTICO , TIPO EMBALAGEM: RETORNÁVEL ","median_preco","2025-04",2025-04-01,0.52125,1.05783439362715,-0.536584393627147,TRUE,-0.2863,0.4995,0.5665,"","III"
445485,"ÁGUA MINERAL NATURAL, TIPO: SEM GÁS , MATERIAL EMBALAGEM: PLÁSTICO , TIPO EMBALAGEM: RETORNÁVEL ","median_preco","2025-05",2025-05-01,0.5,0.631726413973988,-0.131726413973988,TRUE,-0.2863,0.4995,0.5665,"","III"
445485,"ÁGUA MINERAL NATURAL, TIPO: SEM GÁS , MATERIAL EMBALAGEM: PLÁSTICO , TIPO EMBALAGEM: RETORNÁVEL ","median_preco","2025-06",2025-06-01,0.5,1.02942561165854,-0.529425611658536,TRUE,-0.2863,0.4995,0.5665,"","III"
445485,"ÁGUA MINERAL NATURAL, TIPO: SEM GÁS , MATERIAL EMBALAGEM: PLÁSTICO , TIPO EMBALAGEM: RETORNÁVEL ","median_preco","2025-07",2025-07-01,0.6,1.09705463310118,-0.497054633101184,TRUE,-0.2863,0.4995,0.5665,"","III"
445485,"ÁGUA MINERAL NATURAL, TIPO: SEM GÁS , MATERIAL EMBALAGEM: PLÁSTICO , TIPO EMBALAGEM: RETORNÁVEL ","median_preco","2025-08",2025-08-01,0.525,1.00550450919221,-0.480504509192212,TRUE,-0.2863,0.4995,0.5665,"","III"
445485,"ÁGUA MINERAL NATURAL, TIPO: SEM GÁS , MATERIAL EMBALAGEM: PLÁSTICO , TIPO EMBALAGEM: RETORNÁVEL ","median_preco","2025-09",2025-09-01,0.52,0.966383678328223,-0.446383678328223,TRUE,-0.2863,0.4995,0.5665,"","III"
445485,"ÁGUA MINERAL NATURAL, TIPO: SEM GÁS , MATERIAL EMBALAGEM: PLÁSTICO , TIPO EMBALAGEM: RETORNÁVEL ","median_preco","2025-10",2025-10-01,0.52,0.739277896838021,-0.219277896838021,TRUE,-0.2863,0.4995,0.5665,"","III"
445485,"ÁGUA MINERAL NATURAL, TIPO: SEM GÁS , MATERIAL EMBALAGEM: PLÁSTICO , TIPO EMBALAGEM: RETORNÁVEL ","median_preco","2025-11",2025-11-01,0.539,0.98820397239067,-0.44920397239067,TRUE,-0.2863,0.4995,0.5665,"","III"
445485,"ÁGUA MINERAL NATURAL, TIPO: SEM GÁS , MATERIAL EMBALAGEM: PLÁSTICO , TIPO EMBALAGEM: RETORNÁVEL ","median_preco","2025-12",2025-12-01,0.575,0.664964894932606,-0.0899648949326057,TRUE,-0.2863,0.4995,0.5665,"","III"
445485,"ÁGUA MINERAL NATURAL, TIPO: SEM GÁS , MATERIAL EMBALAGEM: PLÁSTICO , TIPO EMBALAGEM: RETORNÁVEL ","n_combinacoes_unidade","2021-12",2021-12-01,6,5.41188535379209,0.588114646207906,FALSE,-0.1906,0.3907,0.6257,"","II"
445485,"ÁGUA MINERAL NATURAL, TIPO: SEM GÁS , MATERIAL EMBALAGEM: PLÁSTICO , TIPO EMBALAGEM: RETORNÁVEL ","n_combinacoes_unidade","2022-01",2022-01-01,3,3.36954781901139,-0.369547819011389,FALSE,-0.1906,0.3907,0.6257,"","II"
445485,"ÁGUA MINERAL NATURAL, TIPO: SEM GÁS , MATERIAL EMBALAGEM: PLÁSTICO , TIPO EMBALAGEM: RETORNÁVEL ","n_combinacoes_unidade","2022-02",2022-02-01,5,5.05662955075296,-0.0566295507529571,FALSE,-0.1906,0.3907,0.6257,"","II"
445485,"ÁGUA MINERAL NATURAL, TIPO: SEM GÁS , MATERIAL EMBALAGEM: PLÁSTICO , TIPO EMBALAGEM: RETORNÁVEL ","n_combinacoes_unidade","2022-03",2022-03-01,4,4.61391965642409,-0.613919656424091,FALSE,-0.1906,0.3907,0.6257,"","II"
445485,"ÁGUA MINERAL NATURAL, TIPO: SEM GÁS , MATERIAL EMBALAGEM: PLÁSTICO , TIPO EMBALAGEM: RETORNÁVEL ","n_combinacoes_unidade","2022-04",2022-04-01,4,4.87907064841736,-0.879070648417365,FALSE,-0.1906,0.3907,0.6257,"","II"
445485,"ÁGUA MINERAL NATURAL, TIPO: SEM GÁS , MATERIAL EMBALAGEM: PLÁSTICO , TIPO EMBALAGEM: RETORNÁVEL ","n_combinacoes_unidade","2022-05",2022-05-01,6,5.29572633691332,0.704273663086676,FALSE,-0.1906,0.3907,0.6257,"","II"
445485,"ÁGUA MINERAL NATURAL, TIPO: SEM GÁS , MATERIAL EMBALAGEM: PLÁSTICO , TIPO EMBALAGEM: RETORNÁVEL ","n_combinacoes_unidade","2022-06",2022-06-01,4,4.9323080384163,-0.932308038416302,FALSE,-0.1906,0.3907,0.6257,"","II"
445485,"ÁGUA MINERAL NATURAL, TIPO: SEM GÁS , MATERIAL EMBALAGEM: PLÁSTICO , TIPO EMBALAGEM: RETORNÁVEL ","n_combinacoes_unidade","2022-07",2022-07-01,4,4.54057680388705,-0.540576803887054,FALSE,-0.1906,0.3907,0.6257,"","II"
445485,"ÁGUA MINERAL NATURAL, TIPO: SEM GÁS , MATERIAL EMBALAGEM: PLÁSTICO , TIPO EMBALAGEM: RETORNÁVEL ","n_combinacoes_unidade","2022-08",2022-08-01,5,5.02190108158472,-0.0219010815847192,FALSE,-0.1906,0.3907,0.6257,"","II"
445485,"ÁGUA MINERAL NATURAL, TIPO: SEM GÁS , MATERIAL EMBALAGEM: PLÁSTICO , TIPO EMBALAGEM: RETORNÁVEL ","n_combinacoes_unidade","2022-09",2022-09-01,4,4.43468372206041,-0.434683722060414,FALSE,-0.1906,0.3907,0.6257,"","II"
445485,"ÁGUA MINERAL NATURAL, TIPO: SEM GÁS , MATERIAL EMBALAGEM: PLÁSTICO , TIPO EMBALAGEM: RETORNÁVEL ","n_combinacoes_unidade","2022-10",2022-10-01,3,4.21188348063664,-1.21188348063664,FALSE,-0.1906,0.3907,0.6257,"","II"
445485,"ÁGUA MINERAL NATURAL, TIPO: SEM GÁS , MATERIAL EMBALAGEM: PLÁSTICO , TIPO EMBALAGEM: RETORNÁVEL ","n_combinacoes_unidade","2022-11",2022-11-01,6,5.39971456692923,0.600285433070766,FALSE,-0.1906,0.3907,0.6257,"","II"
445485,"ÁGUA MINERAL NATURAL, TIPO: SEM GÁS , MATERIAL EMBALAGEM: PLÁSTICO , TIPO EMBALAGEM: RETORNÁVEL ","n_combinacoes_unidade","2022-12",2022-12-01,5,4.64950747145338,0.350492528546615,FALSE,-0.1906,0.3907,0.6257,"","II"
445485,"ÁGUA MINERAL NATURAL, TIPO: SEM GÁS , MATERIAL EMBALAGEM: PLÁSTICO , TIPO EMBALAGEM: RETORNÁVEL ","n_combinacoes_unidade","2023-01",2023-01-01,5,4.25352940965949,0.746470590340512,FALSE,-0.1906,0.3907,0.6257,"","II"
445485,"ÁGUA MINERAL NATURAL, TIPO: SEM GÁS , MATERIAL EMBALAGEM: PLÁSTICO , TIPO EMBALAGEM: RETORNÁVEL ","n_combinacoes_unidade","2023-02",2023-02-01,6,4.80636369567334,1.19363630432666,FALSE,-0.1906,0.3907,0.6257,"","II"
445485,"ÁGUA MINERAL NATURAL, TIPO: SEM GÁS , MATERIAL EMBALAGEM: PLÁSTICO , TIPO EMBALAGEM: RETORNÁVEL ","n_combinacoes_unidade","2023-03",2023-03-01,5,4.89507534915962,0.104924650840383,FALSE,-0.1906,0.3907,0.6257,"","II"
445485,"ÁGUA MINERAL NATURAL, TIPO: SEM GÁS , MATERIAL EMBALAGEM: PLÁSTICO , TIPO EMBALAGEM: RETORNÁVEL ","n_combinacoes_unidade","2023-04",2023-04-01,4,4.52557840932713,-0.525578409327134,TRUE,-0.1906,0.3907,0.6257,"","II"
445485,"ÁGUA MINERAL NATURAL, TIPO: SEM GÁS , MATERIAL EMBALAGEM: PLÁSTICO , TIPO EMBALAGEM: RETORNÁVEL ","n_combinacoes_unidade","2023-05",2023-05-01,6,4.55994222259708,1.44005777740292,TRUE,-0.1906,0.3907,0.6257,"","II"
445485,"ÁGUA MINERAL NATURAL, TIPO: SEM GÁS , MATERIAL EMBALAGEM: PLÁSTICO , TIPO EMBALAGEM: RETORNÁVEL ","n_combinacoes_unidade","2023-06",2023-06-01,5,4.97898309467022,0.021016905329776,TRUE,-0.1906,0.3907,0.6257,"","II"
445485,"ÁGUA MINERAL NATURAL, TIPO: SEM GÁS , MATERIAL EMBALAGEM: PLÁSTICO , TIPO EMBALAGEM: RETORNÁVEL ","n_combinacoes_unidade","2023-07",2023-07-01,3,4.78672989972135,-1.78672989972135,TRUE,-0.1906,0.3907,0.6257,"","II"
445485,"ÁGUA MINERAL NATURAL, TIPO: SEM GÁS , MATERIAL EMBALAGEM: PLÁSTICO , TIPO EMBALAGEM: RETORNÁVEL ","n_combinacoes_unidade","2023-08",2023-08-01,4,5.10143510261872,-1.10143510261872,TRUE,-0.1906,0.3907,0.6257,"","II"
445485,"ÁGUA MINERAL NATURAL, TIPO: SEM GÁS , MATERIAL EMBALAGEM: PLÁSTICO , TIPO EMBALAGEM: RETORNÁVEL ","n_combinacoes_unidade","2023-09",2023-09-01,2,4.77312756043189,-2.77312756043189,TRUE,-0.1906,0.3907,0.6257,"","II"
445485,"ÁGUA MINERAL NATURAL, TIPO: SEM GÁS , MATERIAL EMBALAGEM: PLÁSTICO , TIPO EMBALAGEM: RETORNÁVEL ","n_combinacoes_unidade","2023-10",2023-10-01,6,4.44327429215063,1.55672570784937,TRUE,-0.1906,0.3907,0.6257,"","II"
445485,"ÁGUA MINERAL NATURAL, TIPO: SEM GÁS , MATERIAL EMBALAGEM: PLÁSTICO , TIPO EMBALAGEM: RETORNÁVEL ","n_combinacoes_unidade","2023-11",2023-11-01,4,4.56975075751526,-0.569750757515262,TRUE,-0.1906,0.3907,0.6257,"","II"
445485,"ÁGUA MINERAL NATURAL, TIPO: SEM GÁS , MATERIAL EMBALAGEM: PLÁSTICO , TIPO EMBALAGEM: RETORNÁVEL ","n_combinacoes_unidade","2023-12",2023-12-01,4,4.70196882991903,-0.701968829919028,TRUE,-0.1906,0.3907,0.6257,"","II"
445485,"ÁGUA MINERAL NATURAL, TIPO: SEM GÁS , MATERIAL EMBALAGEM: PLÁSTICO , TIPO EMBALAGEM: RETORNÁVEL ","n_combinacoes_unidade","2024-01",2024-01-01,4,4.67864200887087,-0.678642008870875,TRUE,-0.1906,0.3907,0.6257,"","II"
445485,"ÁGUA MINERAL NATURAL, TIPO: SEM GÁS , MATERIAL EMBALAGEM: PLÁSTICO , TIPO EMBALAGEM: RETORNÁVEL ","n_combinacoes_unidade","2024-02",2024-02-01,2,4.53840944005375,-2.53840944005375,TRUE,-0.1906,0.3907,0.6257,"","II"
445485,"ÁGUA MINERAL NATURAL, TIPO: SEM GÁS , MATERIAL EMBALAGEM: PLÁSTICO , TIPO EMBALAGEM: RETORNÁVEL ","n_combinacoes_unidade","2024-03",2024-03-01,4,4.46298292348753,-0.462982923487527,TRUE,-0.1906,0.3907,0.6257,"","II"
445485,"ÁGUA MINERAL NATURAL, TIPO: SEM GÁS , MATERIAL EMBALAGEM: PLÁSTICO , TIPO EMBALAGEM: RETORNÁVEL ","n_combinacoes_unidade","2024-04",2024-04-01,7,3.72882055513038,3.27117944486962,TRUE,-0.1906,0.3907,0.6257,"","II"
445485,"ÁGUA MINERAL NATURAL, TIPO: SEM GÁS , MATERIAL EMBALAGEM: PLÁSTICO , TIPO EMBALAGEM: RETORNÁVEL ","n_combinacoes_unidade","2024-05",2024-05-01,5,4.33549403379467,0.66450596620533,TRUE,-0.1906,0.3907,0.6257,"","II"
445485,"ÁGUA MINERAL NATURAL, TIPO: SEM GÁS , MATERIAL EMBALAGEM: PLÁSTICO , TIPO EMBALAGEM: RETORNÁVEL ","n_combinacoes_unidade","2024-06",2024-06-01,2,4.39463098855215,-2.39463098855215,TRUE,-0.1906,0.3907,0.6257,"","II"
445485,"ÁGUA MINERAL NATURAL, TIPO: SEM GÁS , MATERIAL EMBALAGEM: PLÁSTICO , TIPO EMBALAGEM: RETORNÁVEL ","n_combinacoes_unidade","2024-07",2024-07-01,3,4.89844875242607,-1.89844875242607,TRUE,-0.1906,0.3907,0.6257,"","II"
445485,"ÁGUA MINERAL NATURAL, TIPO: SEM GÁS , MATERIAL EMBALAGEM: PLÁSTICO , TIPO EMBALAGEM: RETORNÁVEL ","n_combinacoes_unidade","2024-08",2024-08-01,5,4.67044975164997,0.329550248350026,TRUE,-0.1906,0.3907,0.6257,"","II"
445485,"ÁGUA MINERAL NATURAL, TIPO: SEM GÁS , MATERIAL EMBALAGEM: PLÁSTICO , TIPO EMBALAGEM: RETORNÁVEL ","n_combinacoes_unidade","2024-09",2024-09-01,6,4.74090686894757,1.25909313105243,TRUE,-0.1906,0.3907,0.6257,"","II"
445485,"ÁGUA MINERAL NATURAL, TIPO: SEM GÁS , MATERIAL EMBALAGEM: PLÁSTICO , TIPO EMBALAGEM: RETORNÁVEL ","n_combinacoes_unidade","2024-10",2024-10-01,6,5.19948905796109,0.800510942038911,TRUE,-0.1906,0.3907,0.6257,"","II"
445485,"ÁGUA MINERAL NATURAL, TIPO: SEM GÁS , MATERIAL EMBALAGEM: PLÁSTICO , TIPO EMBALAGEM: RETORNÁVEL ","n_combinacoes_unidade","2024-11",2024-11-01,4,4.66723106811579,-0.667231068115785,TRUE,-0.1906,0.3907,0.6257,"","II"
445485,"ÁGUA MINERAL NATURAL, TIPO: SEM GÁS , MATERIAL EMBALAGEM: PLÁSTICO , TIPO EMBALAGEM: RETORNÁVEL ","n_combinacoes_unidade","2024-12",2024-12-01,3,4.48128983107913,-1.48128983107913,TRUE,-0.1906,0.3907,0.6257,"","II"
445485,"ÁGUA MINERAL NATURAL, TIPO: SEM GÁS , MATERIAL EMBALAGEM: PLÁSTICO , TIPO EMBALAGEM: RETORNÁVEL ","n_combinacoes_unidade","2025-01",2025-01-01,3,4.52422924069254,-1.52422924069254,TRUE,-0.1906,0.3907,0.6257,"","II"
445485,"ÁGUA MINERAL NATURAL, TIPO: SEM GÁS , MATERIAL EMBALAGEM: PLÁSTICO , TIPO EMBALAGEM: RETORNÁVEL ","n_combinacoes_unidade","2025-02",2025-02-01,7,4.74825735302299,2.25174264697701,TRUE,-0.1906,0.3907,0.6257,"","II"
445485,"ÁGUA MINERAL NATURAL, TIPO: SEM GÁS , MATERIAL EMBALAGEM: PLÁSTICO , TIPO EMBALAGEM: RETORNÁVEL ","n_combinacoes_unidade","2025-03",2025-03-01,4,4.17930183052786,-0.179301830527859,TRUE,-0.1906,0.3907,0.6257,"","II"
445485,"ÁGUA MINERAL NATURAL, TIPO: SEM GÁS , MATERIAL EMBALAGEM: PLÁSTICO , TIPO EMBALAGEM: RETORNÁVEL ","n_combinacoes_unidade","2025-04",2025-04-01,5,4.85689293784485,0.143107062155146,TRUE,-0.1906,0.3907,0.6257,"","II"
445485,"ÁGUA MINERAL NATURAL, TIPO: SEM GÁS , MATERIAL EMBALAGEM: PLÁSTICO , TIPO EMBALAGEM: RETORNÁVEL ","n_combinacoes_unidade","2025-05",2025-05-01,3,4.79280335649459,-1.79280335649459,TRUE,-0.1906,0.3907,0.6257,"","II"
445485,"ÁGUA MINERAL NATURAL, TIPO: SEM GÁS , MATERIAL EMBALAGEM: PLÁSTICO , TIPO EMBALAGEM: RETORNÁVEL ","n_combinacoes_unidade","2025-06",2025-06-01,8,4.30031483099485,3.69968516900515,TRUE,-0.1906,0.3907,0.6257,"","II"
445485,"ÁGUA MINERAL NATURAL, TIPO: SEM GÁS , MATERIAL EMBALAGEM: PLÁSTICO , TIPO EMBALAGEM: RETORNÁVEL ","n_combinacoes_unidade","2025-07",2025-07-01,5,4.5806573705885,0.419342629411498,TRUE,-0.1906,0.3907,0.6257,"","II"
445485,"ÁGUA MINERAL NATURAL, TIPO: SEM GÁS , MATERIAL EMBALAGEM: PLÁSTICO , TIPO EMBALAGEM: RETORNÁVEL ","n_combinacoes_unidade","2025-08",2025-08-01,4,4.77891122304331,-0.778911223043314,TRUE,-0.1906,0.3907,0.6257,"","II"
445485,"ÁGUA MINERAL NATURAL, TIPO: SEM GÁS , MATERIAL EMBALAGEM: PLÁSTICO , TIPO EMBALAGEM: RETORNÁVEL ","n_combinacoes_unidade","2025-09",2025-09-01,7,5.03362973862402,1.96637026137598,TRUE,-0.1906,0.3907,0.6257,"","II"
445485,"ÁGUA MINERAL NATURAL, TIPO: SEM GÁS , MATERIAL EMBALAGEM: PLÁSTICO , TIPO EMBALAGEM: RETORNÁVEL ","n_combinacoes_unidade","2025-10",2025-10-01,5,4.99727606332953,0.00272393667046611,TRUE,-0.1906,0.3907,0.6257,"","II"
445485,"ÁGUA MINERAL NATURAL, TIPO: SEM GÁS , MATERIAL EMBALAGEM: PLÁSTICO , TIPO EMBALAGEM: RETORNÁVEL ","n_combinacoes_unidade","2025-11",2025-11-01,3,4.88723182717178,-1.88723182717178,TRUE,-0.1906,0.3907,0.6257,"","II"
445485,"ÁGUA MINERAL NATURAL, TIPO: SEM GÁS , MATERIAL EMBALAGEM: PLÁSTICO , TIPO EMBALAGEM: RETORNÁVEL ","n_combinacoes_unidade","2025-12",2025-12-01,4,4.3722021672791,-0.372202167279098,TRUE,-0.1906,0.3907,0.6257,"","II"
445485,"ÁGUA MINERAL NATURAL, TIPO: SEM GÁS , MATERIAL EMBALAGEM: PLÁSTICO , TIPO EMBALAGEM: RETORNÁVEL ","n_fornecedores","2021-12",2021-12-01,117,91.2810463841034,25.7189536158966,FALSE,-14.844,1.8343,0,"***","I"
445485,"ÁGUA MINERAL NATURAL, TIPO: SEM GÁS , MATERIAL EMBALAGEM: PLÁSTICO , TIPO EMBALAGEM: RETORNÁVEL ","n_fornecedores","2022-01",2022-01-01,60,67.7368907618694,-7.73689076186943,FALSE,-14.844,1.8343,0,"***","I"
445485,"ÁGUA MINERAL NATURAL, TIPO: SEM GÁS , MATERIAL EMBALAGEM: PLÁSTICO , TIPO EMBALAGEM: RETORNÁVEL ","n_fornecedores","2022-02",2022-02-01,81,75.7882650350138,5.21173496498622,FALSE,-14.844,1.8343,0,"***","I"
445485,"ÁGUA MINERAL NATURAL, TIPO: SEM GÁS , MATERIAL EMBALAGEM: PLÁSTICO , TIPO EMBALAGEM: RETORNÁVEL ","n_fornecedores","2022-03",2022-03-01,113,83.5719728474422,29.4280271525578,FALSE,-14.844,1.8343,0,"***","I"
445485,"ÁGUA MINERAL NATURAL, TIPO: SEM GÁS , MATERIAL EMBALAGEM: PLÁSTICO , TIPO EMBALAGEM: RETORNÁVEL ","n_fornecedores","2022-04",2022-04-01,87,79.9934380497145,7.00656195028549,FALSE,-14.844,1.8343,0,"***","I"
445485,"ÁGUA MINERAL NATURAL, TIPO: SEM GÁS , MATERIAL EMBALAGEM: PLÁSTICO , TIPO EMBALAGEM: RETORNÁVEL ","n_fornecedores","2022-05",2022-05-01,105,88.0495112183017,16.9504887816983,FALSE,-14.844,1.8343,0,"***","I"
445485,"ÁGUA MINERAL NATURAL, TIPO: SEM GÁS , MATERIAL EMBALAGEM: PLÁSTICO , TIPO EMBALAGEM: RETORNÁVEL ","n_fornecedores","2022-06",2022-06-01,83,90.4409222615027,-7.44092226150275,FALSE,-14.844,1.8343,0,"***","I"
445485,"ÁGUA MINERAL NATURAL, TIPO: SEM GÁS , MATERIAL EMBALAGEM: PLÁSTICO , TIPO EMBALAGEM: RETORNÁVEL ","n_fornecedores","2022-07",2022-07-01,78,88.1940377654401,-10.1940377654401,FALSE,-14.844,1.8343,0,"***","I"
445485,"ÁGUA MINERAL NATURAL, TIPO: SEM GÁS , MATERIAL EMBALAGEM: PLÁSTICO , TIPO EMBALAGEM: RETORNÁVEL ","n_fornecedores","2022-08",2022-08-01,91,85.2000556052595,5.79994439474054,FALSE,-14.844,1.8343,0,"***","I"
445485,"ÁGUA MINERAL NATURAL, TIPO: SEM GÁS , MATERIAL EMBALAGEM: PLÁSTICO , TIPO EMBALAGEM: RETORNÁVEL ","n_fornecedores","2022-09",2022-09-01,62,82.2962931373467,-20.2962931373467,FALSE,-14.844,1.8343,0,"***","I"
445485,"ÁGUA MINERAL NATURAL, TIPO: SEM GÁS , MATERIAL EMBALAGEM: PLÁSTICO , TIPO EMBALAGEM: RETORNÁVEL ","n_fornecedores","2022-10",2022-10-01,54,83.4904821612192,-29.4904821612192,FALSE,-14.844,1.8343,0,"***","I"
445485,"ÁGUA MINERAL NATURAL, TIPO: SEM GÁS , MATERIAL EMBALAGEM: PLÁSTICO , TIPO EMBALAGEM: RETORNÁVEL ","n_fornecedores","2022-11",2022-11-01,77,92.0708356903965,-15.0708356903965,FALSE,-14.844,1.8343,0,"***","I"
445485,"ÁGUA MINERAL NATURAL, TIPO: SEM GÁS , MATERIAL EMBALAGEM: PLÁSTICO , TIPO EMBALAGEM: RETORNÁVEL ","n_fornecedores","2022-12",2022-12-01,96,83.4697739688609,12.5302260311391,FALSE,-14.844,1.8343,0,"***","I"
445485,"ÁGUA MINERAL NATURAL, TIPO: SEM GÁS , MATERIAL EMBALAGEM: PLÁSTICO , TIPO EMBALAGEM: RETORNÁVEL ","n_fornecedores","2023-01",2023-01-01,75,73.4921136808613,1.50788631913869,FALSE,-14.844,1.8343,0,"***","I"
445485,"ÁGUA MINERAL NATURAL, TIPO: SEM GÁS , MATERIAL EMBALAGEM: PLÁSTICO , TIPO EMBALAGEM: RETORNÁVEL ","n_fornecedores","2023-02",2023-02-01,103,86.2050505731027,16.7949494268973,FALSE,-14.844,1.8343,0,"***","I"
445485,"ÁGUA MINERAL NATURAL, TIPO: SEM GÁS , MATERIAL EMBALAGEM: PLÁSTICO , TIPO EMBALAGEM: RETORNÁVEL ","n_fornecedores","2023-03",2023-03-01,120,84.1340228329114,35.8659771670886,FALSE,-14.844,1.8343,0,"***","I"
445485,"ÁGUA MINERAL NATURAL, TIPO: SEM GÁS , MATERIAL EMBALAGEM: PLÁSTICO , TIPO EMBALAGEM: RETORNÁVEL ","n_fornecedores","2023-04",2023-04-01,88,82.4456537581687,5.55434624183131,TRUE,-14.844,1.8343,0,"***","I"
445485,"ÁGUA MINERAL NATURAL, TIPO: SEM GÁS , MATERIAL EMBALAGEM: PLÁSTICO , TIPO EMBALAGEM: RETORNÁVEL ","n_fornecedores","2023-05",2023-05-01,95,81.1217221746996,13.8782778253004,TRUE,-14.844,1.8343,0,"***","I"
445485,"ÁGUA MINERAL NATURAL, TIPO: SEM GÁS , MATERIAL EMBALAGEM: PLÁSTICO , TIPO EMBALAGEM: RETORNÁVEL ","n_fornecedores","2023-06",2023-06-01,92,88.7820959804571,3.21790401954286,TRUE,-14.844,1.8343,0,"***","I"
445485,"ÁGUA MINERAL NATURAL, TIPO: SEM GÁS , MATERIAL EMBALAGEM: PLÁSTICO , TIPO EMBALAGEM: RETORNÁVEL ","n_fornecedores","2023-07",2023-07-01,66,84.8051762036184,-18.8051762036184,TRUE,-14.844,1.8343,0,"***","I"
445485,"ÁGUA MINERAL NATURAL, TIPO: SEM GÁS , MATERIAL EMBALAGEM: PLÁSTICO , TIPO EMBALAGEM: RETORNÁVEL ","n_fornecedores","2023-08",2023-08-01,63,87.2825054495283,-24.2825054495283,TRUE,-14.844,1.8343,0,"***","I"
445485,"ÁGUA MINERAL NATURAL, TIPO: SEM GÁS , MATERIAL EMBALAGEM: PLÁSTICO , TIPO EMBALAGEM: RETORNÁVEL ","n_fornecedores","2023-09",2023-09-01,59,80.4775601810476,-21.4775601810476,TRUE,-14.844,1.8343,0,"***","I"
445485,"ÁGUA MINERAL NATURAL, TIPO: SEM GÁS , MATERIAL EMBALAGEM: PLÁSTICO , TIPO EMBALAGEM: RETORNÁVEL ","n_fornecedores","2023-10",2023-10-01,61,80.597274348482,-19.597274348482,TRUE,-14.844,1.8343,0,"***","I"
445485,"ÁGUA MINERAL NATURAL, TIPO: SEM GÁS , MATERIAL EMBALAGEM: PLÁSTICO , TIPO EMBALAGEM: RETORNÁVEL ","n_fornecedores","2023-11",2023-11-01,74,83.9761580654244,-9.97615806542443,TRUE,-14.844,1.8343,0,"***","I"
445485,"ÁGUA MINERAL NATURAL, TIPO: SEM GÁS , MATERIAL EMBALAGEM: PLÁSTICO , TIPO EMBALAGEM: RETORNÁVEL ","n_fornecedores","2023-12",2023-12-01,95,86.5373167630897,8.46268323691029,TRUE,-14.844,1.8343,0,"***","I"
445485,"ÁGUA MINERAL NATURAL, TIPO: SEM GÁS , MATERIAL EMBALAGEM: PLÁSTICO , TIPO EMBALAGEM: RETORNÁVEL ","n_fornecedores","2024-01",2024-01-01,59,76.0555918761485,-17.0555918761485,TRUE,-14.844,1.8343,0,"***","I"
445485,"ÁGUA MINERAL NATURAL, TIPO: SEM GÁS , MATERIAL EMBALAGEM: PLÁSTICO , TIPO EMBALAGEM: RETORNÁVEL ","n_fornecedores","2024-02",2024-02-01,64,78.657551518267,-14.657551518267,TRUE,-14.844,1.8343,0,"***","I"
445485,"ÁGUA MINERAL NATURAL, TIPO: SEM GÁS , MATERIAL EMBALAGEM: PLÁSTICO , TIPO EMBALAGEM: RETORNÁVEL ","n_fornecedores","2024-03",2024-03-01,79,78.3597832836035,0.640216716396509,TRUE,-14.844,1.8343,0,"***","I"
445485,"ÁGUA MINERAL NATURAL, TIPO: SEM GÁS , MATERIAL EMBALAGEM: PLÁSTICO , TIPO EMBALAGEM: RETORNÁVEL ","n_fornecedores","2024-04",2024-04-01,88,78.7013030966852,9.29869690331483,TRUE,-14.844,1.8343,0,"***","I"
445485,"ÁGUA MINERAL NATURAL, TIPO: SEM GÁS , MATERIAL EMBALAGEM: PLÁSTICO , TIPO EMBALAGEM: RETORNÁVEL ","n_fornecedores","2024-05",2024-05-01,64,78.0410727726389,-14.0410727726389,TRUE,-14.844,1.8343,0,"***","I"
445485,"ÁGUA MINERAL NATURAL, TIPO: SEM GÁS , MATERIAL EMBALAGEM: PLÁSTICO , TIPO EMBALAGEM: RETORNÁVEL ","n_fornecedores","2024-06",2024-06-01,62,78.846062157466,-16.846062157466,TRUE,-14.844,1.8343,0,"***","I"
445485,"ÁGUA MINERAL NATURAL, TIPO: SEM GÁS , MATERIAL EMBALAGEM: PLÁSTICO , TIPO EMBALAGEM: RETORNÁVEL ","n_fornecedores","2024-07",2024-07-01,66,85.605693106143,-19.605693106143,TRUE,-14.844,1.8343,0,"***","I"
445485,"ÁGUA MINERAL NATURAL, TIPO: SEM GÁS , MATERIAL EMBALAGEM: PLÁSTICO , TIPO EMBALAGEM: RETORNÁVEL ","n_fornecedores","2024-08",2024-08-01,76,82.2000002433046,-6.20000024330463,TRUE,-14.844,1.8343,0,"***","I"
445485,"ÁGUA MINERAL NATURAL, TIPO: SEM GÁS , MATERIAL EMBALAGEM: PLÁSTICO , TIPO EMBALAGEM: RETORNÁVEL ","n_fornecedores","2024-09",2024-09-01,64,84.5960741010559,-20.5960741010559,TRUE,-14.844,1.8343,0,"***","I"
445485,"ÁGUA MINERAL NATURAL, TIPO: SEM GÁS , MATERIAL EMBALAGEM: PLÁSTICO , TIPO EMBALAGEM: RETORNÁVEL ","n_fornecedores","2024-10",2024-10-01,65,85.7027302483883,-20.7027302483883,TRUE,-14.844,1.8343,0,"***","I"
445485,"ÁGUA MINERAL NATURAL, TIPO: SEM GÁS , MATERIAL EMBALAGEM: PLÁSTICO , TIPO EMBALAGEM: RETORNÁVEL ","n_fornecedores","2024-11",2024-11-01,49,83.9083356404552,-34.9083356404552,TRUE,-14.844,1.8343,0,"***","I"
445485,"ÁGUA MINERAL NATURAL, TIPO: SEM GÁS , MATERIAL EMBALAGEM: PLÁSTICO , TIPO EMBALAGEM: RETORNÁVEL ","n_fornecedores","2024-12",2024-12-01,78,86.296347023201,-8.29634702320097,TRUE,-14.844,1.8343,0,"***","I"
445485,"ÁGUA MINERAL NATURAL, TIPO: SEM GÁS , MATERIAL EMBALAGEM: PLÁSTICO , TIPO EMBALAGEM: RETORNÁVEL ","n_fornecedores","2025-01",2025-01-01,60,76.6650440818545,-16.6650440818545,TRUE,-14.844,1.8343,0,"***","I"
445485,"ÁGUA MINERAL NATURAL, TIPO: SEM GÁS , MATERIAL EMBALAGEM: PLÁSTICO , TIPO EMBALAGEM: RETORNÁVEL ","n_fornecedores","2025-02",2025-02-01,62,75.5915421072228,-13.5915421072228,TRUE,-14.844,1.8343,0,"***","I"
445485,"ÁGUA MINERAL NATURAL, TIPO: SEM GÁS , MATERIAL EMBALAGEM: PLÁSTICO , TIPO EMBALAGEM: RETORNÁVEL ","n_fornecedores","2025-03",2025-03-01,64,78.6817001251031,-14.6817001251031,TRUE,-14.844,1.8343,0,"***","I"
445485,"ÁGUA MINERAL NATURAL, TIPO: SEM GÁS , MATERIAL EMBALAGEM: PLÁSTICO , TIPO EMBALAGEM: RETORNÁVEL ","n_fornecedores","2025-04",2025-04-01,74,84.5029822749496,-10.5029822749496,TRUE,-14.844,1.8343,0,"***","I"
445485,"ÁGUA MINERAL NATURAL, TIPO: SEM GÁS , MATERIAL EMBALAGEM: PLÁSTICO , TIPO EMBALAGEM: RETORNÁVEL ","n_fornecedores","2025-05",2025-05-01,59,83.1046493353109,-24.1046493353109,TRUE,-14.844,1.8343,0,"***","I"
445485,"ÁGUA MINERAL NATURAL, TIPO: SEM GÁS , MATERIAL EMBALAGEM: PLÁSTICO , TIPO EMBALAGEM: RETORNÁVEL ","n_fornecedores","2025-06",2025-06-01,67,77.2420036351926,-10.2420036351926,TRUE,-14.844,1.8343,0,"***","I"
445485,"ÁGUA MINERAL NATURAL, TIPO: SEM GÁS , MATERIAL EMBALAGEM: PLÁSTICO , TIPO EMBALAGEM: RETORNÁVEL ","n_fornecedores","2025-07",2025-07-01,70,81.564127964528,-11.564127964528,TRUE,-14.844,1.8343,0,"***","I"
445485,"ÁGUA MINERAL NATURAL, TIPO: SEM GÁS , MATERIAL EMBALAGEM: PLÁSTICO , TIPO EMBALAGEM: RETORNÁVEL ","n_fornecedores","2025-08",2025-08-01,50,85.1143402374025,-35.1143402374025,TRUE,-14.844,1.8343,0,"***","I"
445485,"ÁGUA MINERAL NATURAL, TIPO: SEM GÁS , MATERIAL EMBALAGEM: PLÁSTICO , TIPO EMBALAGEM: RETORNÁVEL ","n_fornecedores","2025-09",2025-09-01,51,88.385709356219,-37.385709356219,TRUE,-14.844,1.8343,0,"***","I"
445485,"ÁGUA MINERAL NATURAL, TIPO: SEM GÁS , MATERIAL EMBALAGEM: PLÁSTICO , TIPO EMBALAGEM: RETORNÁVEL ","n_fornecedores","2025-10",2025-10-01,53,90.3529119649894,-37.3529119649894,TRUE,-14.844,1.8343,0,"***","I"
445485,"ÁGUA MINERAL NATURAL, TIPO: SEM GÁS , MATERIAL EMBALAGEM: PLÁSTICO , TIPO EMBALAGEM: RETORNÁVEL ","n_fornecedores","2025-11",2025-11-01,46,82.5555957366414,-36.5555957366414,TRUE,-14.844,1.8343,0,"***","I"
445485,"ÁGUA MINERAL NATURAL, TIPO: SEM GÁS , MATERIAL EMBALAGEM: PLÁSTICO , TIPO EMBALAGEM: RETORNÁVEL ","n_fornecedores","2025-12",2025-12-01,69,85.093889194196,-16.093889194196,TRUE,-14.844,1.8343,0,"***","I"
463990,"AÇÚCAR, TIPO: CRISTAL , CARACTERÍSTICA ADICIONAL: ORGÂNICO ","median_preco","2021-12",2021-12-01,4.1316,3.95721276780361,0.174387232196391,FALSE,0.1022,0.7148,0.8863,"","II"
463990,"AÇÚCAR, TIPO: CRISTAL , CARACTERÍSTICA ADICIONAL: ORGÂNICO ","median_preco","2022-01",2022-01-01,3.9583,3.96029818644573,-0.00199818644573213,FALSE,0.1022,0.7148,0.8863,"","II"
463990,"AÇÚCAR, TIPO: CRISTAL , CARACTERÍSTICA ADICIONAL: ORGÂNICO ","median_preco","2022-02",2022-02-01,3.785,3.82780066204916,-0.0428006620491552,FALSE,0.1022,0.7148,0.8863,"","II"
463990,"AÇÚCAR, TIPO: CRISTAL , CARACTERÍSTICA ADICIONAL: ORGÂNICO ","median_preco","2022-03",2022-03-01,6.8825,4.52184734784096,2.36065265215904,FALSE,0.1022,0.7148,0.8863,"","II"
463990,"AÇÚCAR, TIPO: CRISTAL , CARACTERÍSTICA ADICIONAL: ORGÂNICO ","median_preco","2022-04",2022-04-01,9.98,4.59168693165962,5.38831306834038,FALSE,0.1022,0.7148,0.8863,"","II"
463990,"AÇÚCAR, TIPO: CRISTAL , CARACTERÍSTICA ADICIONAL: ORGÂNICO ","median_preco","2022-05",2022-05-01,3.99,4.28225912729047,-0.292259127290468,FALSE,0.1022,0.7148,0.8863,"","II"
463990,"AÇÚCAR, TIPO: CRISTAL , CARACTERÍSTICA ADICIONAL: ORGÂNICO ","median_preco","2022-06",2022-06-01,5.195,4.20054340025241,0.994456599747585,FALSE,0.1022,0.7148,0.8863,"","II"
463990,"AÇÚCAR, TIPO: CRISTAL , CARACTERÍSTICA ADICIONAL: ORGÂNICO ","median_preco","2022-07",2022-07-01,6.495,4.40040910515859,2.09459089484141,FALSE,0.1022,0.7148,0.8863,"","II"
463990,"AÇÚCAR, TIPO: CRISTAL , CARACTERÍSTICA ADICIONAL: ORGÂNICO ","median_preco","2022-08",2022-08-01,4.25,4.22661648156694,0.0233835184330609,FALSE,0.1022,0.7148,0.8863,"","II"
463990,"AÇÚCAR, TIPO: CRISTAL , CARACTERÍSTICA ADICIONAL: ORGÂNICO ","median_preco","2022-09",2022-09-01,4.57165,4.94713065092997,-0.375480650929972,FALSE,0.1022,0.7148,0.8863,"","II"
463990,"AÇÚCAR, TIPO: CRISTAL , CARACTERÍSTICA ADICIONAL: ORGÂNICO ","median_preco","2022-10",2022-10-01,4.1,4.56758103389574,-0.467581033895744,FALSE,0.1022,0.7148,0.8863,"","II"
463990,"AÇÚCAR, TIPO: CRISTAL , CARACTERÍSTICA ADICIONAL: ORGÂNICO ","median_preco","2022-11",2022-11-01,3.95,4.44214640913853,-0.492146409138531,FALSE,0.1022,0.7148,0.8863,"","II"
463990,"AÇÚCAR, TIPO: CRISTAL , CARACTERÍSTICA ADICIONAL: ORGÂNICO ","median_preco","2022-12",2022-12-01,3.8,4.56918897813336,-0.769188978133365,FALSE,0.1022,0.7148,0.8863,"","II"
463990,"AÇÚCAR, TIPO: CRISTAL , CARACTERÍSTICA ADICIONAL: ORGÂNICO ","median_preco","2023-01",2023-01-01,3.38,4.18996490111696,-0.809964901116959,FALSE,0.1022,0.7148,0.8863,"","II"
463990,"AÇÚCAR, TIPO: CRISTAL , CARACTERÍSTICA ADICIONAL: ORGÂNICO ","median_preco","2023-02",2023-02-01,8.9,5.04381869264211,3.85618130735789,FALSE,0.1022,0.7148,0.8863,"","II"
463990,"AÇÚCAR, TIPO: CRISTAL , CARACTERÍSTICA ADICIONAL: ORGÂNICO ","median_preco","2023-03",2023-03-01,4.5,4.74079185487027,-0.240791854870273,FALSE,0.1022,0.7148,0.8863,"","II"
463990,"AÇÚCAR, TIPO: CRISTAL , CARACTERÍSTICA ADICIONAL: ORGÂNICO ","median_preco","2023-04",2023-04-01,5.317,4.69038895661228,0.626611043387722,FALSE,0.1022,0.7148,0.8863,"","II"
463990,"AÇÚCAR, TIPO: CRISTAL , CARACTERÍSTICA ADICIONAL: ORGÂNICO ","median_preco","2023-05",2023-05-01,4.7,5.18121884896069,-0.481218848960688,FALSE,0.1022,0.7148,0.8863,"","II"
463990,"AÇÚCAR, TIPO: CRISTAL , CARACTERÍSTICA ADICIONAL: ORGÂNICO ","median_preco","2023-06",2023-06-01,4.2,4.55109730229069,-0.35109730229069,FALSE,0.1022,0.7148,0.8863,"","II"
463990,"AÇÚCAR, TIPO: CRISTAL , CARACTERÍSTICA ADICIONAL: ORGÂNICO ","median_preco","2023-07",2023-07-01,3.32,4.70891069630391,-1.38891069630391,FALSE,0.1022,0.7148,0.8863,"","II"
463990,"AÇÚCAR, TIPO: CRISTAL , CARACTERÍSTICA ADICIONAL: ORGÂNICO ","median_preco","2023-08",2023-08-01,4.7035,4.83599620859916,-0.132496208599156,TRUE,0.1022,0.7148,0.8863,"","II"
463990,"AÇÚCAR, TIPO: CRISTAL , CARACTERÍSTICA ADICIONAL: ORGÂNICO ","median_preco","2023-09",2023-09-01,4.225,4.44257376740073,-0.217573767400735,TRUE,0.1022,0.7148,0.8863,"","II"
463990,"AÇÚCAR, TIPO: CRISTAL , CARACTERÍSTICA ADICIONAL: ORGÂNICO ","median_preco","2023-10",2023-10-01,7.2,4.749955255325,2.450044744675,TRUE,0.1022,0.7148,0.8863,"","II"
463990,"AÇÚCAR, TIPO: CRISTAL , CARACTERÍSTICA ADICIONAL: ORGÂNICO ","median_preco","2023-11",2023-11-01,5.42,4.61669179781382,0.803308202186177,TRUE,0.1022,0.7148,0.8863,"","II"
463990,"AÇÚCAR, TIPO: CRISTAL , CARACTERÍSTICA ADICIONAL: ORGÂNICO ","median_preco","2023-12",2023-12-01,2.9,4.67811556985777,-1.77811556985777,TRUE,0.1022,0.7148,0.8863,"","II"
463990,"AÇÚCAR, TIPO: CRISTAL , CARACTERÍSTICA ADICIONAL: ORGÂNICO ","median_preco","2024-01",2024-01-01,3.165,4.81344178280673,-1.64844178280673,TRUE,0.1022,0.7148,0.8863,"","II"
463990,"AÇÚCAR, TIPO: CRISTAL , CARACTERÍSTICA ADICIONAL: ORGÂNICO ","median_preco","2024-02",2024-02-01,3.43,5.43345041059766,-2.00345041059766,TRUE,0.1022,0.7148,0.8863,"","II"
463990,"AÇÚCAR, TIPO: CRISTAL , CARACTERÍSTICA ADICIONAL: ORGÂNICO ","median_preco","2024-03",2024-03-01,7.15,5.20631801656018,1.94368198343982,TRUE,0.1022,0.7148,0.8863,"","II"
463990,"AÇÚCAR, TIPO: CRISTAL , CARACTERÍSTICA ADICIONAL: ORGÂNICO ","median_preco","2024-04",2024-04-01,6.4,4.96366046254159,1.43633953745841,TRUE,0.1022,0.7148,0.8863,"","II"
463990,"AÇÚCAR, TIPO: CRISTAL , CARACTERÍSTICA ADICIONAL: ORGÂNICO ","median_preco","2024-05",2024-05-01,5.65,5.07665386349445,0.573346136505547,TRUE,0.1022,0.7148,0.8863,"","II"
463990,"AÇÚCAR, TIPO: CRISTAL , CARACTERÍSTICA ADICIONAL: ORGÂNICO ","median_preco","2024-06",2024-06-01,4.9,5.58090599317586,-0.680905993175858,TRUE,0.1022,0.7148,0.8863,"","II"
463990,"AÇÚCAR, TIPO: CRISTAL , CARACTERÍSTICA ADICIONAL: ORGÂNICO ","median_preco","2024-07",2024-07-01,7.65,5.23973101164023,2.41026898835977,TRUE,0.1022,0.7148,0.8863,"","II"
463990,"AÇÚCAR, TIPO: CRISTAL , CARACTERÍSTICA ADICIONAL: ORGÂNICO ","median_preco","2024-08",2024-08-01,4.5,5.51773337418798,-1.01773337418798,TRUE,0.1022,0.7148,0.8863,"","II"
463990,"AÇÚCAR, TIPO: CRISTAL , CARACTERÍSTICA ADICIONAL: ORGÂNICO ","median_preco","2024-09",2024-09-01,7.095,5.53960945787916,1.55539054212084,TRUE,0.1022,0.7148,0.8863,"","II"
463990,"AÇÚCAR, TIPO: CRISTAL , CARACTERÍSTICA ADICIONAL: ORGÂNICO ","median_preco","2024-10",2024-10-01,3.72,5.17225631625053,-1.45225631625053,TRUE,0.1022,0.7148,0.8863,"","II"
463990,"AÇÚCAR, TIPO: CRISTAL , CARACTERÍSTICA ADICIONAL: ORGÂNICO ","median_preco","2024-11",2024-11-01,4.11,5.11996416113715,-1.00996416113715,TRUE,0.1022,0.7148,0.8863,"","II"
463990,"AÇÚCAR, TIPO: CRISTAL , CARACTERÍSTICA ADICIONAL: ORGÂNICO ","median_preco","2024-12",2024-12-01,4.5,5.03914326669982,-0.539143266699824,TRUE,0.1022,0.7148,0.8863,"","II"
463990,"AÇÚCAR, TIPO: CRISTAL , CARACTERÍSTICA ADICIONAL: ORGÂNICO ","median_preco","2025-01",2025-01-01,4.665,5.07501725841754,-0.410017258417535,TRUE,0.1022,0.7148,0.8863,"","II"
463990,"AÇÚCAR, TIPO: CRISTAL , CARACTERÍSTICA ADICIONAL: ORGÂNICO ","median_preco","2025-02",2025-02-01,4.83,4.61864171413278,0.211358285867225,TRUE,0.1022,0.7148,0.8863,"","II"
463990,"AÇÚCAR, TIPO: CRISTAL , CARACTERÍSTICA ADICIONAL: ORGÂNICO ","median_preco","2025-03",2025-03-01,5.6,4.99247596441753,0.607524035582466,TRUE,0.1022,0.7148,0.8863,"","II"
463990,"AÇÚCAR, TIPO: CRISTAL , CARACTERÍSTICA ADICIONAL: ORGÂNICO ","median_preco","2025-04",2025-04-01,7.72,5.52088837992099,2.19911162007901,TRUE,0.1022,0.7148,0.8863,"","II"
463990,"AÇÚCAR, TIPO: CRISTAL , CARACTERÍSTICA ADICIONAL: ORGÂNICO ","median_preco","2025-05",2025-05-01,6.905,4.84421487722024,2.06078512277976,TRUE,0.1022,0.7148,0.8863,"","II"
463990,"AÇÚCAR, TIPO: CRISTAL , CARACTERÍSTICA ADICIONAL: ORGÂNICO ","median_preco","2025-06",2025-06-01,4.892,5.51422438353537,-0.622224383535365,TRUE,0.1022,0.7148,0.8863,"","II"
463990,"AÇÚCAR, TIPO: CRISTAL , CARACTERÍSTICA ADICIONAL: ORGÂNICO ","median_preco","2025-07",2025-07-01,5,5.19165246568733,-0.191652465687326,TRUE,0.1022,0.7148,0.8863,"","II"
463990,"AÇÚCAR, TIPO: CRISTAL , CARACTERÍSTICA ADICIONAL: ORGÂNICO ","median_preco","2025-08",2025-08-01,6.275,5.42709623139602,0.847903768603984,TRUE,0.1022,0.7148,0.8863,"","II"
463990,"AÇÚCAR, TIPO: CRISTAL , CARACTERÍSTICA ADICIONAL: ORGÂNICO ","median_preco","2025-09",2025-09-01,5.20125,5.20008691019217,0.00116308980783053,TRUE,0.1022,0.7148,0.8863,"","II"
463990,"AÇÚCAR, TIPO: CRISTAL , CARACTERÍSTICA ADICIONAL: ORGÂNICO ","median_preco","2025-10",2025-10-01,4.1275,4.94522734616585,-0.817727346165852,TRUE,0.1022,0.7148,0.8863,"","II"
463990,"AÇÚCAR, TIPO: CRISTAL , CARACTERÍSTICA ADICIONAL: ORGÂNICO ","median_preco","2025-11",2025-11-01,4.24,5.55747283687238,-1.31747283687238,TRUE,0.1022,0.7148,0.8863,"","II"
463990,"AÇÚCAR, TIPO: CRISTAL , CARACTERÍSTICA ADICIONAL: ORGÂNICO ","median_preco","2025-12",2025-12-01,4.24,4.53808151455803,-0.298081514558027,TRUE,0.1022,0.7148,0.8863,"","II"
463990,"AÇÚCAR, TIPO: CRISTAL , CARACTERÍSTICA ADICIONAL: ORGÂNICO ","n_combinacoes_unidade","2021-12",2021-12-01,2,2.11670180861172,-0.116701808611724,FALSE,0.149,0.2069,0.4713,"","II"
463990,"AÇÚCAR, TIPO: CRISTAL , CARACTERÍSTICA ADICIONAL: ORGÂNICO ","n_combinacoes_unidade","2022-01",2022-01-01,1.5,1.61886747587182,-0.118867475871817,FALSE,0.149,0.2069,0.4713,"","II"
463990,"AÇÚCAR, TIPO: CRISTAL , CARACTERÍSTICA ADICIONAL: ORGÂNICO ","n_combinacoes_unidade","2022-02",2022-02-01,1,1.42642853433094,-0.426428534330942,FALSE,0.149,0.2069,0.4713,"","II"
463990,"AÇÚCAR, TIPO: CRISTAL , CARACTERÍSTICA ADICIONAL: ORGÂNICO ","n_combinacoes_unidade","2022-03",2022-03-01,1,1.50553052895103,-0.505530528951027,FALSE,0.149,0.2069,0.4713,"","II"
463990,"AÇÚCAR, TIPO: CRISTAL , CARACTERÍSTICA ADICIONAL: ORGÂNICO ","n_combinacoes_unidade","2022-04",2022-04-01,1,1.74116523401013,-0.741165234010132,FALSE,0.149,0.2069,0.4713,"","II"
463990,"AÇÚCAR, TIPO: CRISTAL , CARACTERÍSTICA ADICIONAL: ORGÂNICO ","n_combinacoes_unidade","2022-05",2022-05-01,1,1.48676775719139,-0.486767757191394,FALSE,0.149,0.2069,0.4713,"","II"
463990,"AÇÚCAR, TIPO: CRISTAL , CARACTERÍSTICA ADICIONAL: ORGÂNICO ","n_combinacoes_unidade","2022-06",2022-06-01,1,1.68350823596719,-0.683508235967192,FALSE,0.149,0.2069,0.4713,"","II"
463990,"AÇÚCAR, TIPO: CRISTAL , CARACTERÍSTICA ADICIONAL: ORGÂNICO ","n_combinacoes_unidade","2022-07",2022-07-01,1,1.41130426313627,-0.411304263136265,FALSE,0.149,0.2069,0.4713,"","II"
463990,"AÇÚCAR, TIPO: CRISTAL , CARACTERÍSTICA ADICIONAL: ORGÂNICO ","n_combinacoes_unidade","2022-08",2022-08-01,3,1.71976398617854,1.28023601382146,FALSE,0.149,0.2069,0.4713,"","II"
463990,"AÇÚCAR, TIPO: CRISTAL , CARACTERÍSTICA ADICIONAL: ORGÂNICO ","n_combinacoes_unidade","2022-09",2022-09-01,3,1.83879691153737,1.16120308846263,FALSE,0.149,0.2069,0.4713,"","II"
463990,"AÇÚCAR, TIPO: CRISTAL , CARACTERÍSTICA ADICIONAL: ORGÂNICO ","n_combinacoes_unidade","2022-10",2022-10-01,2,1.38818223935625,0.611817760643752,FALSE,0.149,0.2069,0.4713,"","II"
463990,"AÇÚCAR, TIPO: CRISTAL , CARACTERÍSTICA ADICIONAL: ORGÂNICO ","n_combinacoes_unidade","2022-11",2022-11-01,2,1.6902947250387,0.309705274961305,FALSE,0.149,0.2069,0.4713,"","II"
463990,"AÇÚCAR, TIPO: CRISTAL , CARACTERÍSTICA ADICIONAL: ORGÂNICO ","n_combinacoes_unidade","2022-12",2022-12-01,2,1.45481121091866,0.545188789081345,FALSE,0.149,0.2069,0.4713,"","II"
463990,"AÇÚCAR, TIPO: CRISTAL , CARACTERÍSTICA ADICIONAL: ORGÂNICO ","n_combinacoes_unidade","2023-01",2023-01-01,1,1.28121621210964,-0.281216212109638,FALSE,0.149,0.2069,0.4713,"","II"
463990,"AÇÚCAR, TIPO: CRISTAL , CARACTERÍSTICA ADICIONAL: ORGÂNICO ","n_combinacoes_unidade","2023-02",2023-02-01,1,1.364722888806,-0.364722888806004,FALSE,0.149,0.2069,0.4713,"","II"
463990,"AÇÚCAR, TIPO: CRISTAL , CARACTERÍSTICA ADICIONAL: ORGÂNICO ","n_combinacoes_unidade","2023-03",2023-03-01,1,1.36670375639815,-0.366703756398148,FALSE,0.149,0.2069,0.4713,"","II"
463990,"AÇÚCAR, TIPO: CRISTAL , CARACTERÍSTICA ADICIONAL: ORGÂNICO ","n_combinacoes_unidade","2023-04",2023-04-01,2,1.32757002076904,0.672429979230956,FALSE,0.149,0.2069,0.4713,"","II"
463990,"AÇÚCAR, TIPO: CRISTAL , CARACTERÍSTICA ADICIONAL: ORGÂNICO ","n_combinacoes_unidade","2023-05",2023-05-01,1,1.41641252148764,-0.416412521487643,FALSE,0.149,0.2069,0.4713,"","II"
463990,"AÇÚCAR, TIPO: CRISTAL , CARACTERÍSTICA ADICIONAL: ORGÂNICO ","n_combinacoes_unidade","2023-06",2023-06-01,1,1.57967218572839,-0.579672185728388,FALSE,0.149,0.2069,0.4713,"","II"
463990,"AÇÚCAR, TIPO: CRISTAL , CARACTERÍSTICA ADICIONAL: ORGÂNICO ","n_combinacoes_unidade","2023-07",2023-07-01,1,1.35731696883928,-0.357316968839285,FALSE,0.149,0.2069,0.4713,"","II"
463990,"AÇÚCAR, TIPO: CRISTAL , CARACTERÍSTICA ADICIONAL: ORGÂNICO ","n_combinacoes_unidade","2023-08",2023-08-01,2,1.3856949705188,0.6143050294812,TRUE,0.149,0.2069,0.4713,"","II"
463990,"AÇÚCAR, TIPO: CRISTAL , CARACTERÍSTICA ADICIONAL: ORGÂNICO ","n_combinacoes_unidade","2023-09",2023-09-01,2,1.45883944196624,0.541160558033761,TRUE,0.149,0.2069,0.4713,"","II"
463990,"AÇÚCAR, TIPO: CRISTAL , CARACTERÍSTICA ADICIONAL: ORGÂNICO ","n_combinacoes_unidade","2023-10",2023-10-01,1,1.45706918806611,-0.457069188066107,TRUE,0.149,0.2069,0.4713,"","II"
463990,"AÇÚCAR, TIPO: CRISTAL , CARACTERÍSTICA ADICIONAL: ORGÂNICO ","n_combinacoes_unidade","2023-11",2023-11-01,1,1.42573403519986,-0.425734035199855,TRUE,0.149,0.2069,0.4713,"","II"
463990,"AÇÚCAR, TIPO: CRISTAL , CARACTERÍSTICA ADICIONAL: ORGÂNICO ","n_combinacoes_unidade","2023-12",2023-12-01,1,1.33974286748099,-0.339742867480991,TRUE,0.149,0.2069,0.4713,"","II"
463990,"AÇÚCAR, TIPO: CRISTAL , CARACTERÍSTICA ADICIONAL: ORGÂNICO ","n_combinacoes_unidade","2024-01",2024-01-01,2,1.35427084561836,0.645729154381638,TRUE,0.149,0.2069,0.4713,"","II"
463990,"AÇÚCAR, TIPO: CRISTAL , CARACTERÍSTICA ADICIONAL: ORGÂNICO ","n_combinacoes_unidade","2024-02",2024-02-01,3,1.34599537607485,1.65400462392515,TRUE,0.149,0.2069,0.4713,"","II"
463990,"AÇÚCAR, TIPO: CRISTAL , CARACTERÍSTICA ADICIONAL: ORGÂNICO ","n_combinacoes_unidade","2024-03",2024-03-01,1,1.23105920553224,-0.231059205532236,TRUE,0.149,0.2069,0.4713,"","II"
463990,"AÇÚCAR, TIPO: CRISTAL , CARACTERÍSTICA ADICIONAL: ORGÂNICO ","n_combinacoes_unidade","2024-04",2024-04-01,1,1.41262291900083,-0.412622919000826,TRUE,0.149,0.2069,0.4713,"","II"
463990,"AÇÚCAR, TIPO: CRISTAL , CARACTERÍSTICA ADICIONAL: ORGÂNICO ","n_combinacoes_unidade","2024-05",2024-05-01,1,1.37829680242164,-0.378296802421639,TRUE,0.149,0.2069,0.4713,"","II"
463990,"AÇÚCAR, TIPO: CRISTAL , CARACTERÍSTICA ADICIONAL: ORGÂNICO ","n_combinacoes_unidade","2024-06",2024-06-01,1,1.18830306153763,-0.188303061537634,TRUE,0.149,0.2069,0.4713,"","II"
463990,"AÇÚCAR, TIPO: CRISTAL , CARACTERÍSTICA ADICIONAL: ORGÂNICO ","n_combinacoes_unidade","2024-07",2024-07-01,2,1.54117277103255,0.458827228967452,TRUE,0.149,0.2069,0.4713,"","II"
463990,"AÇÚCAR, TIPO: CRISTAL , CARACTERÍSTICA ADICIONAL: ORGÂNICO ","n_combinacoes_unidade","2024-08",2024-08-01,2,1.45296513819674,0.547034861803255,TRUE,0.149,0.2069,0.4713,"","II"
463990,"AÇÚCAR, TIPO: CRISTAL , CARACTERÍSTICA ADICIONAL: ORGÂNICO ","n_combinacoes_unidade","2024-09",2024-09-01,1,1.49287809910907,-0.492878099109072,TRUE,0.149,0.2069,0.4713,"","II"
463990,"AÇÚCAR, TIPO: CRISTAL , CARACTERÍSTICA ADICIONAL: ORGÂNICO ","n_combinacoes_unidade","2024-10",2024-10-01,1,1.60396031504557,-0.603960315045573,TRUE,0.149,0.2069,0.4713,"","II"
463990,"AÇÚCAR, TIPO: CRISTAL , CARACTERÍSTICA ADICIONAL: ORGÂNICO ","n_combinacoes_unidade","2024-11",2024-11-01,1,1.50008539425557,-0.500085394255569,TRUE,0.149,0.2069,0.4713,"","II"
463990,"AÇÚCAR, TIPO: CRISTAL , CARACTERÍSTICA ADICIONAL: ORGÂNICO ","n_combinacoes_unidade","2024-12",2024-12-01,1,1.53361313395284,-0.533613133952838,TRUE,0.149,0.2069,0.4713,"","II"
463990,"AÇÚCAR, TIPO: CRISTAL , CARACTERÍSTICA ADICIONAL: ORGÂNICO ","n_combinacoes_unidade","2025-01",2025-01-01,2,1.34023544567409,0.659764554325909,TRUE,0.149,0.2069,0.4713,"","II"
463990,"AÇÚCAR, TIPO: CRISTAL , CARACTERÍSTICA ADICIONAL: ORGÂNICO ","n_combinacoes_unidade","2025-02",2025-02-01,3,1.42297278298896,1.57702721701104,TRUE,0.149,0.2069,0.4713,"","II"
463990,"AÇÚCAR, TIPO: CRISTAL , CARACTERÍSTICA ADICIONAL: ORGÂNICO ","n_combinacoes_unidade","2025-03",2025-03-01,2,1.32797275699723,0.672027243002772,TRUE,0.149,0.2069,0.4713,"","II"
463990,"AÇÚCAR, TIPO: CRISTAL , CARACTERÍSTICA ADICIONAL: ORGÂNICO ","n_combinacoes_unidade","2025-04",2025-04-01,2,1.29713930269793,0.702860697302065,TRUE,0.149,0.2069,0.4713,"","II"
463990,"AÇÚCAR, TIPO: CRISTAL , CARACTERÍSTICA ADICIONAL: ORGÂNICO ","n_combinacoes_unidade","2025-05",2025-05-01,2,1.39824692023247,0.601753079767526,TRUE,0.149,0.2069,0.4713,"","II"
463990,"AÇÚCAR, TIPO: CRISTAL , CARACTERÍSTICA ADICIONAL: ORGÂNICO ","n_combinacoes_unidade","2025-06",2025-06-01,1,1.33782062928674,-0.337820629286744,TRUE,0.149,0.2069,0.4713,"","II"
463990,"AÇÚCAR, TIPO: CRISTAL , CARACTERÍSTICA ADICIONAL: ORGÂNICO ","n_combinacoes_unidade","2025-07",2025-07-01,1,1.46091238717537,-0.460912387175369,TRUE,0.149,0.2069,0.4713,"","II"
463990,"AÇÚCAR, TIPO: CRISTAL , CARACTERÍSTICA ADICIONAL: ORGÂNICO ","n_combinacoes_unidade","2025-08",2025-08-01,2,1.41052993466125,0.589470065338746,TRUE,0.149,0.2069,0.4713,"","II"
463990,"AÇÚCAR, TIPO: CRISTAL , CARACTERÍSTICA ADICIONAL: ORGÂNICO ","n_combinacoes_unidade","2025-09",2025-09-01,2,1.33409887849412,0.665901121505878,TRUE,0.149,0.2069,0.4713,"","II"
463990,"AÇÚCAR, TIPO: CRISTAL , CARACTERÍSTICA ADICIONAL: ORGÂNICO ","n_combinacoes_unidade","2025-10",2025-10-01,2,1.52703992895515,0.472960071044853,TRUE,0.149,0.2069,0.4713,"","II"
463990,"AÇÚCAR, TIPO: CRISTAL , CARACTERÍSTICA ADICIONAL: ORGÂNICO ","n_combinacoes_unidade","2025-11",2025-11-01,1,1.41252077305115,-0.412520773051153,TRUE,0.149,0.2069,0.4713,"","II"
463990,"AÇÚCAR, TIPO: CRISTAL , CARACTERÍSTICA ADICIONAL: ORGÂNICO ","n_combinacoes_unidade","2025-12",2025-12-01,1,1.30716390094869,-0.307163900948688,TRUE,0.149,0.2069,0.4713,"","II"
463990,"AÇÚCAR, TIPO: CRISTAL , CARACTERÍSTICA ADICIONAL: ORGÂNICO ","n_fornecedores","2021-12",2021-12-01,3,2.13253416187835,0.86746583812165,FALSE,0.0296,0.9469,0.9751,"","III"
463990,"AÇÚCAR, TIPO: CRISTAL , CARACTERÍSTICA ADICIONAL: ORGÂNICO ","n_fornecedores","2022-01",2022-01-01,3.5,-0.0383486689485608,3.53834866894856,FALSE,0.0296,0.9469,0.9751,"","III"
463990,"AÇÚCAR, TIPO: CRISTAL , CARACTERÍSTICA ADICIONAL: ORGÂNICO ","n_fornecedores","2022-02",2022-02-01,4,1.58489227412109,2.41510772587891,FALSE,0.0296,0.9469,0.9751,"","III"
463990,"AÇÚCAR, TIPO: CRISTAL , CARACTERÍSTICA ADICIONAL: ORGÂNICO ","n_fornecedores","2022-03",2022-03-01,2.5,1.35207998039213,1.14792001960787,FALSE,0.0296,0.9469,0.9751,"","III"
463990,"AÇÚCAR, TIPO: CRISTAL , CARACTERÍSTICA ADICIONAL: ORGÂNICO ","n_fornecedores","2022-04",2022-04-01,1,1.54864738596938,-0.548647385969375,FALSE,0.0296,0.9469,0.9751,"","III"
463990,"AÇÚCAR, TIPO: CRISTAL , CARACTERÍSTICA ADICIONAL: ORGÂNICO ","n_fornecedores","2022-05",2022-05-01,2,2.08639767185708,-0.0863976718570845,FALSE,0.0296,0.9469,0.9751,"","III"
463990,"AÇÚCAR, TIPO: CRISTAL , CARACTERÍSTICA ADICIONAL: ORGÂNICO ","n_fornecedores","2022-06",2022-06-01,2,2.97290948093766,-0.972909480937663,FALSE,0.0296,0.9469,0.9751,"","III"
463990,"AÇÚCAR, TIPO: CRISTAL , CARACTERÍSTICA ADICIONAL: ORGÂNICO ","n_fornecedores","2022-07",2022-07-01,2,2.9076093709585,-0.907609370958497,FALSE,0.0296,0.9469,0.9751,"","III"
463990,"AÇÚCAR, TIPO: CRISTAL , CARACTERÍSTICA ADICIONAL: ORGÂNICO ","n_fornecedores","2022-08",2022-08-01,4,2.89393897659998,1.10606102340002,FALSE,0.0296,0.9469,0.9751,"","III"
463990,"AÇÚCAR, TIPO: CRISTAL , CARACTERÍSTICA ADICIONAL: ORGÂNICO ","n_fornecedores","2022-09",2022-09-01,5,2.82253377036448,2.17746622963552,FALSE,0.0296,0.9469,0.9751,"","III"
463990,"AÇÚCAR, TIPO: CRISTAL , CARACTERÍSTICA ADICIONAL: ORGÂNICO ","n_fornecedores","2022-10",2022-10-01,2,0.884499362239922,1.11550063776008,FALSE,0.0296,0.9469,0.9751,"","III"
463990,"AÇÚCAR, TIPO: CRISTAL , CARACTERÍSTICA ADICIONAL: ORGÂNICO ","n_fornecedores","2022-11",2022-11-01,2.5,2.74097508379778,-0.240975083797784,FALSE,0.0296,0.9469,0.9751,"","III"
463990,"AÇÚCAR, TIPO: CRISTAL , CARACTERÍSTICA ADICIONAL: ORGÂNICO ","n_fornecedores","2022-12",2022-12-01,3,1.91253213582963,1.08746786417037,FALSE,0.0296,0.9469,0.9751,"","III"
463990,"AÇÚCAR, TIPO: CRISTAL , CARACTERÍSTICA ADICIONAL: ORGÂNICO ","n_fornecedores","2023-01",2023-01-01,1,0.936574535243579,0.0634254647564214,FALSE,0.0296,0.9469,0.9751,"","III"
463990,"AÇÚCAR, TIPO: CRISTAL , CARACTERÍSTICA ADICIONAL: ORGÂNICO ","n_fornecedores","2023-02",2023-02-01,1,2.16498704735333,-1.16498704735333,FALSE,0.0296,0.9469,0.9751,"","III"
463990,"AÇÚCAR, TIPO: CRISTAL , CARACTERÍSTICA ADICIONAL: ORGÂNICO ","n_fornecedores","2023-03",2023-03-01,3,2.40920928006522,0.590790719934776,FALSE,0.0296,0.9469,0.9751,"","III"
463990,"AÇÚCAR, TIPO: CRISTAL , CARACTERÍSTICA ADICIONAL: ORGÂNICO ","n_fornecedores","2023-04",2023-04-01,2,2.24609805967537,-0.246098059675369,FALSE,0.0296,0.9469,0.9751,"","III"
463990,"AÇÚCAR, TIPO: CRISTAL , CARACTERÍSTICA ADICIONAL: ORGÂNICO ","n_fornecedores","2023-05",2023-05-01,3,2.84550725621945,0.154492743780552,FALSE,0.0296,0.9469,0.9751,"","III"
463990,"AÇÚCAR, TIPO: CRISTAL , CARACTERÍSTICA ADICIONAL: ORGÂNICO ","n_fornecedores","2023-06",2023-06-01,1,3.22828049734392,-2.22828049734392,FALSE,0.0296,0.9469,0.9751,"","III"
463990,"AÇÚCAR, TIPO: CRISTAL , CARACTERÍSTICA ADICIONAL: ORGÂNICO ","n_fornecedores","2023-07",2023-07-01,1,2.2998819913569,-1.2998819913569,FALSE,0.0296,0.9469,0.9751,"","III"
463990,"AÇÚCAR, TIPO: CRISTAL , CARACTERÍSTICA ADICIONAL: ORGÂNICO ","n_fornecedores","2023-08",2023-08-01,2,3.03683912858357,-1.03683912858357,TRUE,0.0296,0.9469,0.9751,"","III"
463990,"AÇÚCAR, TIPO: CRISTAL , CARACTERÍSTICA ADICIONAL: ORGÂNICO ","n_fornecedores","2023-09",2023-09-01,2,2.00989771810993,-0.00989771810992934,TRUE,0.0296,0.9469,0.9751,"","III"
463990,"AÇÚCAR, TIPO: CRISTAL , CARACTERÍSTICA ADICIONAL: ORGÂNICO ","n_fornecedores","2023-10",2023-10-01,1,2.24752497761554,-1.24752497761554,TRUE,0.0296,0.9469,0.9751,"","III"
463990,"AÇÚCAR, TIPO: CRISTAL , CARACTERÍSTICA ADICIONAL: ORGÂNICO ","n_fornecedores","2023-11",2023-11-01,1,2.43729512076605,-1.43729512076605,TRUE,0.0296,0.9469,0.9751,"","III"
463990,"AÇÚCAR, TIPO: CRISTAL , CARACTERÍSTICA ADICIONAL: ORGÂNICO ","n_fornecedores","2023-12",2023-12-01,1,2.46118807632435,-1.46118807632435,TRUE,0.0296,0.9469,0.9751,"","III"
463990,"AÇÚCAR, TIPO: CRISTAL , CARACTERÍSTICA ADICIONAL: ORGÂNICO ","n_fornecedores","2024-01",2024-01-01,1.5,3.04920664472587,-1.54920664472587,TRUE,0.0296,0.9469,0.9751,"","III"
463990,"AÇÚCAR, TIPO: CRISTAL , CARACTERÍSTICA ADICIONAL: ORGÂNICO ","n_fornecedores","2024-02",2024-02-01,2,2.55639095992092,-0.556390959920916,TRUE,0.0296,0.9469,0.9751,"","III"
463990,"AÇÚCAR, TIPO: CRISTAL , CARACTERÍSTICA ADICIONAL: ORGÂNICO ","n_fornecedores","2024-03",2024-03-01,1,1.6204077849016,-0.620407784901599,TRUE,0.0296,0.9469,0.9751,"","III"
463990,"AÇÚCAR, TIPO: CRISTAL , CARACTERÍSTICA ADICIONAL: ORGÂNICO ","n_fornecedores","2024-04",2024-04-01,1.66666666666667,0.915364552108544,0.751302114558122,TRUE,0.0296,0.9469,0.9751,"","III"
463990,"AÇÚCAR, TIPO: CRISTAL , CARACTERÍSTICA ADICIONAL: ORGÂNICO ","n_fornecedores","2024-05",2024-05-01,2.33333333333333,1.61165914292198,0.721674190411352,TRUE,0.0296,0.9469,0.9751,"","III"
463990,"AÇÚCAR, TIPO: CRISTAL , CARACTERÍSTICA ADICIONAL: ORGÂNICO ","n_fornecedores","2024-06",2024-06-01,3,1.86327130339127,1.13672869660873,TRUE,0.0296,0.9469,0.9751,"","III"
463990,"AÇÚCAR, TIPO: CRISTAL , CARACTERÍSTICA ADICIONAL: ORGÂNICO ","n_fornecedores","2024-07",2024-07-01,3,2.23866619524078,0.761333804759215,TRUE,0.0296,0.9469,0.9751,"","III"
463990,"AÇÚCAR, TIPO: CRISTAL , CARACTERÍSTICA ADICIONAL: ORGÂNICO ","n_fornecedores","2024-08",2024-08-01,3,2.58077521803042,0.419224781969583,TRUE,0.0296,0.9469,0.9751,"","III"
463990,"AÇÚCAR, TIPO: CRISTAL , CARACTERÍSTICA ADICIONAL: ORGÂNICO ","n_fornecedores","2024-09",2024-09-01,2,2.40417504365904,-0.404175043659039,TRUE,0.0296,0.9469,0.9751,"","III"
463990,"AÇÚCAR, TIPO: CRISTAL , CARACTERÍSTICA ADICIONAL: ORGÂNICO ","n_fornecedores","2024-10",2024-10-01,4,2.80368116305472,1.19631883694528,TRUE,0.0296,0.9469,0.9751,"","III"
463990,"AÇÚCAR, TIPO: CRISTAL , CARACTERÍSTICA ADICIONAL: ORGÂNICO ","n_fornecedores","2024-11",2024-11-01,4,2.78622799437599,1.21377200562401,TRUE,0.0296,0.9469,0.9751,"","III"
463990,"AÇÚCAR, TIPO: CRISTAL , CARACTERÍSTICA ADICIONAL: ORGÂNICO ","n_fornecedores","2024-12",2024-12-01,4,2.52587012754723,1.47412987245277,TRUE,0.0296,0.9469,0.9751,"","III"
463990,"AÇÚCAR, TIPO: CRISTAL , CARACTERÍSTICA ADICIONAL: ORGÂNICO ","n_fornecedores","2025-01",2025-01-01,3.5,2.00605706803837,1.49394293196163,TRUE,0.0296,0.9469,0.9751,"","III"
463990,"AÇÚCAR, TIPO: CRISTAL , CARACTERÍSTICA ADICIONAL: ORGÂNICO ","n_fornecedores","2025-02",2025-02-01,3,1.9844737723067,1.0155262276933,TRUE,0.0296,0.9469,0.9751,"","III"
463990,"AÇÚCAR, TIPO: CRISTAL , CARACTERÍSTICA ADICIONAL: ORGÂNICO ","n_fornecedores","2025-03",2025-03-01,2,1.62489965668948,0.375100343310523,TRUE,0.0296,0.9469,0.9751,"","III"
463990,"AÇÚCAR, TIPO: CRISTAL , CARACTERÍSTICA ADICIONAL: ORGÂNICO ","n_fornecedores","2025-04",2025-04-01,3,1.90169476736063,1.09830523263937,TRUE,0.0296,0.9469,0.9751,"","III"
463990,"AÇÚCAR, TIPO: CRISTAL , CARACTERÍSTICA ADICIONAL: ORGÂNICO ","n_fornecedores","2025-05",2025-05-01,2,2.12080026746756,-0.120800267467565,TRUE,0.0296,0.9469,0.9751,"","III"
463990,"AÇÚCAR, TIPO: CRISTAL , CARACTERÍSTICA ADICIONAL: ORGÂNICO ","n_fornecedores","2025-06",2025-06-01,1,2.40137756431346,-1.40137756431346,TRUE,0.0296,0.9469,0.9751,"","III"
463990,"AÇÚCAR, TIPO: CRISTAL , CARACTERÍSTICA ADICIONAL: ORGÂNICO ","n_fornecedores","2025-07",2025-07-01,3,2.88651366259856,0.113486337401441,TRUE,0.0296,0.9469,0.9751,"","III"
463990,"AÇÚCAR, TIPO: CRISTAL , CARACTERÍSTICA ADICIONAL: ORGÂNICO ","n_fornecedores","2025-08",2025-08-01,3,2.80183275953371,0.198167240466288,TRUE,0.0296,0.9469,0.9751,"","III"
463990,"AÇÚCAR, TIPO: CRISTAL , CARACTERÍSTICA ADICIONAL: ORGÂNICO ","n_fornecedores","2025-09",2025-09-01,3,2.79356359288314,0.20643640711686,TRUE,0.0296,0.9469,0.9751,"","III"
463990,"AÇÚCAR, TIPO: CRISTAL , CARACTERÍSTICA ADICIONAL: ORGÂNICO ","n_fornecedores","2025-10",2025-10-01,3,3.98908017490216,-0.989080174902157,TRUE,0.0296,0.9469,0.9751,"","III"
463990,"AÇÚCAR, TIPO: CRISTAL , CARACTERÍSTICA ADICIONAL: ORGÂNICO ","n_fornecedores","2025-11",2025-11-01,2,2.0996954728864,-0.0996954728863972,TRUE,0.0296,0.9469,0.9751,"","III"
463990,"AÇÚCAR, TIPO: CRISTAL , CARACTERÍSTICA ADICIONAL: ORGÂNICO ","n_fornecedores","2025-12",2025-12-01,2,2.38282781149462,-0.382827811494617,TRUE,0.0296,0.9469,0.9751,"","III"
603269,"""AÇÚCAR"", TIPO: REFINADO , CARACTERÍSTICAS ADICIONAIS: BRANCO, 1ª QUALIDADE ","median_preco","2021-12",2021-12-01,4.2208,3.63651586973052,0.584284130269484,FALSE,-0.3154,0.6365,0.6202,"","III"
603269,"""AÇÚCAR"", TIPO: REFINADO , CARACTERÍSTICAS ADICIONAIS: BRANCO, 1ª QUALIDADE ","median_preco","2022-01",2022-01-01,4.165,3.93774943669101,0.227250563308986,FALSE,-0.3154,0.6365,0.6202,"","III"
603269,"""AÇÚCAR"", TIPO: REFINADO , CARACTERÍSTICAS ADICIONAIS: BRANCO, 1ª QUALIDADE ","median_preco","2022-02",2022-02-01,4.34,3.67227566184505,0.667724338154951,FALSE,-0.3154,0.6365,0.6202,"","III"
603269,"""AÇÚCAR"", TIPO: REFINADO , CARACTERÍSTICAS ADICIONAIS: BRANCO, 1ª QUALIDADE ","median_preco","2022-03",2022-03-01,4.27,4.0610666959191,0.208933304080897,FALSE,-0.3154,0.6365,0.6202,"","III"
603269,"""AÇÚCAR"", TIPO: REFINADO , CARACTERÍSTICAS ADICIONAIS: BRANCO, 1ª QUALIDADE ","median_preco","2022-04",2022-04-01,4.316025,3.88328576911207,0.432739230887928,FALSE,-0.3154,0.6365,0.6202,"","III"
603269,"""AÇÚCAR"", TIPO: REFINADO , CARACTERÍSTICAS ADICIONAIS: BRANCO, 1ª QUALIDADE ","median_preco","2022-05",2022-05-01,4.37165,3.92208862218598,0.449561377814022,FALSE,-0.3154,0.6365,0.6202,"","III"
603269,"""AÇÚCAR"", TIPO: REFINADO , CARACTERÍSTICAS ADICIONAIS: BRANCO, 1ª QUALIDADE ","median_preco","2022-06",2022-06-01,4.355,3.89104414329152,0.463955856708476,FALSE,-0.3154,0.6365,0.6202,"","III"
603269,"""AÇÚCAR"", TIPO: REFINADO , CARACTERÍSTICAS ADICIONAIS: BRANCO, 1ª QUALIDADE ","median_preco","2022-07",2022-07-01,4.512,3.99633197617729,0.515668023822711,FALSE,-0.3154,0.6365,0.6202,"","III"
603269,"""AÇÚCAR"", TIPO: REFINADO , CARACTERÍSTICAS ADICIONAIS: BRANCO, 1ª QUALIDADE ","median_preco","2022-08",2022-08-01,4.1975,4.12891216911967,0.0685878308803334,FALSE,-0.3154,0.6365,0.6202,"","III"
603269,"""AÇÚCAR"", TIPO: REFINADO , CARACTERÍSTICAS ADICIONAIS: BRANCO, 1ª QUALIDADE ","median_preco","2022-09",2022-09-01,4.49,4.26044862391092,0.229551376089077,FALSE,-0.3154,0.6365,0.6202,"","III"
603269,"""AÇÚCAR"", TIPO: REFINADO , CARACTERÍSTICAS ADICIONAIS: BRANCO, 1ª QUALIDADE ","median_preco","2022-10",2022-10-01,4.14665,4.14192095211136,0.00472904788863726,FALSE,-0.3154,0.6365,0.6202,"","III"
603269,"""AÇÚCAR"", TIPO: REFINADO , CARACTERÍSTICAS ADICIONAIS: BRANCO, 1ª QUALIDADE ","median_preco","2022-11",2022-11-01,4.03,4.00701366382177,0.0229863361782332,FALSE,-0.3154,0.6365,0.6202,"","III"
603269,"""AÇÚCAR"", TIPO: REFINADO , CARACTERÍSTICAS ADICIONAIS: BRANCO, 1ª QUALIDADE ","median_preco","2022-12",2022-12-01,4.38,4.40792795357243,-0.0279279535724317,FALSE,-0.3154,0.6365,0.6202,"","III"
603269,"""AÇÚCAR"", TIPO: REFINADO , CARACTERÍSTICAS ADICIONAIS: BRANCO, 1ª QUALIDADE ","median_preco","2023-01",2023-01-01,4,3.88587071098,0.114129289020001,FALSE,-0.3154,0.6365,0.6202,"","III"
603269,"""AÇÚCAR"", TIPO: REFINADO , CARACTERÍSTICAS ADICIONAIS: BRANCO, 1ª QUALIDADE ","median_preco","2023-02",2023-02-01,3.99,4.17859192423627,-0.188591924236265,FALSE,-0.3154,0.6365,0.6202,"","III"
603269,"""AÇÚCAR"", TIPO: REFINADO , CARACTERÍSTICAS ADICIONAIS: BRANCO, 1ª QUALIDADE ","median_preco","2023-03",2023-03-01,4.01,4.25872398840943,-0.248723988409427,FALSE,-0.3154,0.6365,0.6202,"","III"
603269,"""AÇÚCAR"", TIPO: REFINADO , CARACTERÍSTICAS ADICIONAIS: BRANCO, 1ª QUALIDADE ","median_preco","2023-04",2023-04-01,3.935,4.20387559967264,-0.268875599672643,FALSE,-0.3154,0.6365,0.6202,"","III"
603269,"""AÇÚCAR"", TIPO: REFINADO , CARACTERÍSTICAS ADICIONAIS: BRANCO, 1ª QUALIDADE ","median_preco","2023-05",2023-05-01,4.3,4.47909047294565,-0.179090472945647,FALSE,-0.3154,0.6365,0.6202,"","III"
603269,"""AÇÚCAR"", TIPO: REFINADO , CARACTERÍSTICAS ADICIONAIS: BRANCO, 1ª QUALIDADE ","median_preco","2023-06",2023-06-01,4.056,4.16391544469348,-0.107915444693475,FALSE,-0.3154,0.6365,0.6202,"","III"
603269,"""AÇÚCAR"", TIPO: REFINADO , CARACTERÍSTICAS ADICIONAIS: BRANCO, 1ª QUALIDADE ","median_preco","2023-07",2023-07-01,4.18,4.1825565585967,-0.00255655859670423,FALSE,-0.3154,0.6365,0.6202,"","III"
603269,"""AÇÚCAR"", TIPO: REFINADO , CARACTERÍSTICAS ADICIONAIS: BRANCO, 1ª QUALIDADE ","median_preco","2023-08",2023-08-01,4.04,4.43160149522718,-0.391601495227182,TRUE,-0.3154,0.6365,0.6202,"","III"
603269,"""AÇÚCAR"", TIPO: REFINADO , CARACTERÍSTICAS ADICIONAIS: BRANCO, 1ª QUALIDADE ","median_preco","2023-09",2023-09-01,4.1125,4.14035956904359,-0.0278595690435859,TRUE,-0.3154,0.6365,0.6202,"","III"
603269,"""AÇÚCAR"", TIPO: REFINADO , CARACTERÍSTICAS ADICIONAIS: BRANCO, 1ª QUALIDADE ","median_preco","2023-10",2023-10-01,4.4,4.08860502637439,0.311394973625607,TRUE,-0.3154,0.6365,0.6202,"","III"
603269,"""AÇÚCAR"", TIPO: REFINADO , CARACTERÍSTICAS ADICIONAIS: BRANCO, 1ª QUALIDADE ","median_preco","2023-11",2023-11-01,4.16,4.16602965124355,-0.00602965124354871,TRUE,-0.3154,0.6365,0.6202,"","III"
603269,"""AÇÚCAR"", TIPO: REFINADO , CARACTERÍSTICAS ADICIONAIS: BRANCO, 1ª QUALIDADE ","median_preco","2023-12",2023-12-01,4.315,4.22354782904202,0.0914521709579832,TRUE,-0.3154,0.6365,0.6202,"","III"
603269,"""AÇÚCAR"", TIPO: REFINADO , CARACTERÍSTICAS ADICIONAIS: BRANCO, 1ª QUALIDADE ","median_preco","2024-01",2024-01-01,4.39,4.23014861864224,0.159851381357764,TRUE,-0.3154,0.6365,0.6202,"","III"
603269,"""AÇÚCAR"", TIPO: REFINADO , CARACTERÍSTICAS ADICIONAIS: BRANCO, 1ª QUALIDADE ","median_preco","2024-02",2024-02-01,4.166,4.55203019566059,-0.386030195660589,TRUE,-0.3154,0.6365,0.6202,"","III"
603269,"""AÇÚCAR"", TIPO: REFINADO , CARACTERÍSTICAS ADICIONAIS: BRANCO, 1ª QUALIDADE ","median_preco","2024-03",2024-03-01,4.05,4.83314228008583,-0.783142280085831,TRUE,-0.3154,0.6365,0.6202,"","III"
603269,"""AÇÚCAR"", TIPO: REFINADO , CARACTERÍSTICAS ADICIONAIS: BRANCO, 1ª QUALIDADE ","median_preco","2024-04",2024-04-01,4.43,4.42367270299383,0.00632729700617052,TRUE,-0.3154,0.6365,0.6202,"","III"
603269,"""AÇÚCAR"", TIPO: REFINADO , CARACTERÍSTICAS ADICIONAIS: BRANCO, 1ª QUALIDADE ","median_preco","2024-05",2024-05-01,4,4.53295533216865,-0.532955332168648,TRUE,-0.3154,0.6365,0.6202,"","III"
603269,"""AÇÚCAR"", TIPO: REFINADO , CARACTERÍSTICAS ADICIONAIS: BRANCO, 1ª QUALIDADE ","median_preco","2024-06",2024-06-01,4.27,4.79389034212543,-0.523890342125431,TRUE,-0.3154,0.6365,0.6202,"","III"
603269,"""AÇÚCAR"", TIPO: REFINADO , CARACTERÍSTICAS ADICIONAIS: BRANCO, 1ª QUALIDADE ","median_preco","2024-07",2024-07-01,4.1425,4.63737887193156,-0.494878871931562,TRUE,-0.3154,0.6365,0.6202,"","III"
603269,"""AÇÚCAR"", TIPO: REFINADO , CARACTERÍSTICAS ADICIONAIS: BRANCO, 1ª QUALIDADE ","median_preco","2024-08",2024-08-01,4.19,4.82223843822348,-0.63223843822348,TRUE,-0.3154,0.6365,0.6202,"","III"
603269,"""AÇÚCAR"", TIPO: REFINADO , CARACTERÍSTICAS ADICIONAIS: BRANCO, 1ª QUALIDADE ","median_preco","2024-09",2024-09-01,4.2,4.64276765600163,-0.442767656001625,TRUE,-0.3154,0.6365,0.6202,"","III"
603269,"""AÇÚCAR"", TIPO: REFINADO , CARACTERÍSTICAS ADICIONAIS: BRANCO, 1ª QUALIDADE ","median_preco","2024-10",2024-10-01,4.26,4.49720953811306,-0.237209538113064,TRUE,-0.3154,0.6365,0.6202,"","III"
603269,"""AÇÚCAR"", TIPO: REFINADO , CARACTERÍSTICAS ADICIONAIS: BRANCO, 1ª QUALIDADE ","median_preco","2024-11",2024-11-01,4.475,4.53604572592695,-0.0610457259269515,TRUE,-0.3154,0.6365,0.6202,"","III"
603269,"""AÇÚCAR"", TIPO: REFINADO , CARACTERÍSTICAS ADICIONAIS: BRANCO, 1ª QUALIDADE ","median_preco","2024-12",2024-12-01,4.45,4.55274038803174,-0.10274038803174,TRUE,-0.3154,0.6365,0.6202,"","III"
603269,"""AÇÚCAR"", TIPO: REFINADO , CARACTERÍSTICAS ADICIONAIS: BRANCO, 1ª QUALIDADE ","median_preco","2025-01",2025-01-01,4.35,4.27303593633326,0.0769640636667441,TRUE,-0.3154,0.6365,0.6202,"","III"
603269,"""AÇÚCAR"", TIPO: REFINADO , CARACTERÍSTICAS ADICIONAIS: BRANCO, 1ª QUALIDADE ","median_preco","2025-02",2025-02-01,4.1,4.09646940550136,0.00353059449864279,TRUE,-0.3154,0.6365,0.6202,"","III"
603269,"""AÇÚCAR"", TIPO: REFINADO , CARACTERÍSTICAS ADICIONAIS: BRANCO, 1ª QUALIDADE ","median_preco","2025-03",2025-03-01,4.1,4.36559333891175,-0.265593338911752,TRUE,-0.3154,0.6365,0.6202,"","III"
603269,"""AÇÚCAR"", TIPO: REFINADO , CARACTERÍSTICAS ADICIONAIS: BRANCO, 1ª QUALIDADE ","median_preco","2025-04",2025-04-01,4.26,4.91486117579479,-0.654861175794788,TRUE,-0.3154,0.6365,0.6202,"","III"
603269,"""AÇÚCAR"", TIPO: REFINADO , CARACTERÍSTICAS ADICIONAIS: BRANCO, 1ª QUALIDADE ","median_preco","2025-05",2025-05-01,4.4,4.32281296985102,0.0771870301489797,TRUE,-0.3154,0.6365,0.6202,"","III"
603269,"""AÇÚCAR"", TIPO: REFINADO , CARACTERÍSTICAS ADICIONAIS: BRANCO, 1ª QUALIDADE ","median_preco","2025-06",2025-06-01,4.2,4.66897939060581,-0.468979390605813,TRUE,-0.3154,0.6365,0.6202,"","III"
603269,"""AÇÚCAR"", TIPO: REFINADO , CARACTERÍSTICAS ADICIONAIS: BRANCO, 1ª QUALIDADE ","median_preco","2025-07",2025-07-01,4.115,4.87782940464724,-0.762829404647242,TRUE,-0.3154,0.6365,0.6202,"","III"
603269,"""AÇÚCAR"", TIPO: REFINADO , CARACTERÍSTICAS ADICIONAIS: BRANCO, 1ª QUALIDADE ","median_preco","2025-08",2025-08-01,4.015,4.78429265270003,-0.769292652700027,TRUE,-0.3154,0.6365,0.6202,"","III"
603269,"""AÇÚCAR"", TIPO: REFINADO , CARACTERÍSTICAS ADICIONAIS: BRANCO, 1ª QUALIDADE ","median_preco","2025-09",2025-09-01,3.98,4.74084535535992,-0.760845355359924,TRUE,-0.3154,0.6365,0.6202,"","III"
603269,"""AÇÚCAR"", TIPO: REFINADO , CARACTERÍSTICAS ADICIONAIS: BRANCO, 1ª QUALIDADE ","median_preco","2025-10",2025-10-01,4.08,4.39182460726223,-0.311824607262232,TRUE,-0.3154,0.6365,0.6202,"","III"
603269,"""AÇÚCAR"", TIPO: REFINADO , CARACTERÍSTICAS ADICIONAIS: BRANCO, 1ª QUALIDADE ","median_preco","2025-11",2025-11-01,4,4.83587565160551,-0.835875651605511,TRUE,-0.3154,0.6365,0.6202,"","III"
603269,"""AÇÚCAR"", TIPO: REFINADO , CARACTERÍSTICAS ADICIONAIS: BRANCO, 1ª QUALIDADE ","median_preco","2025-12",2025-12-01,3.99,4.41106632309887,-0.421066323098872,TRUE,-0.3154,0.6365,0.6202,"","III"
603269,"""AÇÚCAR"", TIPO: REFINADO , CARACTERÍSTICAS ADICIONAIS: BRANCO, 1ª QUALIDADE ","n_combinacoes_unidade","2021-12",2021-12-01,11,12.0976136449437,-1.09761364494367,FALSE,-2.1077,0.4935,0,"***","I"
603269,"""AÇÚCAR"", TIPO: REFINADO , CARACTERÍSTICAS ADICIONAIS: BRANCO, 1ª QUALIDADE ","n_combinacoes_unidade","2022-01",2022-01-01,12,10.8325735985856,1.16742640141435,FALSE,-2.1077,0.4935,0,"***","I"
603269,"""AÇÚCAR"", TIPO: REFINADO , CARACTERÍSTICAS ADICIONAIS: BRANCO, 1ª QUALIDADE ","n_combinacoes_unidade","2022-02",2022-02-01,12,11.7100544732094,0.289945526790611,FALSE,-2.1077,0.4935,0,"***","I"
603269,"""AÇÚCAR"", TIPO: REFINADO , CARACTERÍSTICAS ADICIONAIS: BRANCO, 1ª QUALIDADE ","n_combinacoes_unidade","2022-03",2022-03-01,11,12.0837927599279,-1.08379275992787,FALSE,-2.1077,0.4935,0,"***","I"
603269,"""AÇÚCAR"", TIPO: REFINADO , CARACTERÍSTICAS ADICIONAIS: BRANCO, 1ª QUALIDADE ","n_combinacoes_unidade","2022-04",2022-04-01,14,13.1639019631894,0.836098036810593,FALSE,-2.1077,0.4935,0,"***","I"
603269,"""AÇÚCAR"", TIPO: REFINADO , CARACTERÍSTICAS ADICIONAIS: BRANCO, 1ª QUALIDADE ","n_combinacoes_unidade","2022-05",2022-05-01,14,12.8310686097996,1.1689313902004,FALSE,-2.1077,0.4935,0,"***","I"
603269,"""AÇÚCAR"", TIPO: REFINADO , CARACTERÍSTICAS ADICIONAIS: BRANCO, 1ª QUALIDADE ","n_combinacoes_unidade","2022-06",2022-06-01,14,13.0726162232006,0.927383776799445,FALSE,-2.1077,0.4935,0,"***","I"
603269,"""AÇÚCAR"", TIPO: REFINADO , CARACTERÍSTICAS ADICIONAIS: BRANCO, 1ª QUALIDADE ","n_combinacoes_unidade","2022-07",2022-07-01,13,12.8716367456162,0.128363254383776,FALSE,-2.1077,0.4935,0,"***","I"
603269,"""AÇÚCAR"", TIPO: REFINADO , CARACTERÍSTICAS ADICIONAIS: BRANCO, 1ª QUALIDADE ","n_combinacoes_unidade","2022-08",2022-08-01,15,13.3140235842848,1.68597641571522,FALSE,-2.1077,0.4935,0,"***","I"
603269,"""AÇÚCAR"", TIPO: REFINADO , CARACTERÍSTICAS ADICIONAIS: BRANCO, 1ª QUALIDADE ","n_combinacoes_unidade","2022-09",2022-09-01,11,11.9195102329702,-0.919510232970243,FALSE,-2.1077,0.4935,0,"***","I"
603269,"""AÇÚCAR"", TIPO: REFINADO , CARACTERÍSTICAS ADICIONAIS: BRANCO, 1ª QUALIDADE ","n_combinacoes_unidade","2022-10",2022-10-01,16,12.9883684523666,3.01163154763345,FALSE,-2.1077,0.4935,0,"***","I"
603269,"""AÇÚCAR"", TIPO: REFINADO , CARACTERÍSTICAS ADICIONAIS: BRANCO, 1ª QUALIDADE ","n_combinacoes_unidade","2022-11",2022-11-01,14,13.3683646690964,0.631635330903572,FALSE,-2.1077,0.4935,0,"***","I"
603269,"""AÇÚCAR"", TIPO: REFINADO , CARACTERÍSTICAS ADICIONAIS: BRANCO, 1ª QUALIDADE ","n_combinacoes_unidade","2022-12",2022-12-01,13,11.942923682554,1.05707631744603,FALSE,-2.1077,0.4935,0,"***","I"
603269,"""AÇÚCAR"", TIPO: REFINADO , CARACTERÍSTICAS ADICIONAIS: BRANCO, 1ª QUALIDADE ","n_combinacoes_unidade","2023-01",2023-01-01,10,11.0352754843262,-1.03527548432616,FALSE,-2.1077,0.4935,0,"***","I"
603269,"""AÇÚCAR"", TIPO: REFINADO , CARACTERÍSTICAS ADICIONAIS: BRANCO, 1ª QUALIDADE ","n_combinacoes_unidade","2023-02",2023-02-01,12,12.1755954037166,-0.17559540371661,FALSE,-2.1077,0.4935,0,"***","I"
603269,"""AÇÚCAR"", TIPO: REFINADO , CARACTERÍSTICAS ADICIONAIS: BRANCO, 1ª QUALIDADE ","n_combinacoes_unidade","2023-03",2023-03-01,17,13.3074270507068,3.69257294929325,FALSE,-2.1077,0.4935,0,"***","I"
603269,"""AÇÚCAR"", TIPO: REFINADO , CARACTERÍSTICAS ADICIONAIS: BRANCO, 1ª QUALIDADE ","n_combinacoes_unidade","2023-04",2023-04-01,12,12.2619168879956,-0.261916887995618,FALSE,-2.1077,0.4935,0,"***","I"
603269,"""AÇÚCAR"", TIPO: REFINADO , CARACTERÍSTICAS ADICIONAIS: BRANCO, 1ª QUALIDADE ","n_combinacoes_unidade","2023-05",2023-05-01,10,11.4551476673624,-1.45514766736237,FALSE,-2.1077,0.4935,0,"***","I"
603269,"""AÇÚCAR"", TIPO: REFINADO , CARACTERÍSTICAS ADICIONAIS: BRANCO, 1ª QUALIDADE ","n_combinacoes_unidade","2023-06",2023-06-01,12,13.0337961550538,-1.03379615505377,FALSE,-2.1077,0.4935,0,"***","I"
603269,"""AÇÚCAR"", TIPO: REFINADO , CARACTERÍSTICAS ADICIONAIS: BRANCO, 1ª QUALIDADE ","n_combinacoes_unidade","2023-07",2023-07-01,10,12.1169074218552,-2.11690742185521,FALSE,-2.1077,0.4935,0,"***","I"
603269,"""AÇÚCAR"", TIPO: REFINADO , CARACTERÍSTICAS ADICIONAIS: BRANCO, 1ª QUALIDADE ","n_combinacoes_unidade","2023-08",2023-08-01,12,12.261281321219,-0.261281321219014,TRUE,-2.1077,0.4935,0,"***","I"
603269,"""AÇÚCAR"", TIPO: REFINADO , CARACTERÍSTICAS ADICIONAIS: BRANCO, 1ª QUALIDADE ","n_combinacoes_unidade","2023-09",2023-09-01,10,12.5988679352601,-2.59886793526006,TRUE,-2.1077,0.4935,0,"***","I"
603269,"""AÇÚCAR"", TIPO: REFINADO , CARACTERÍSTICAS ADICIONAIS: BRANCO, 1ª QUALIDADE ","n_combinacoes_unidade","2023-10",2023-10-01,12,12.05008118589,-0.0500811858900114,TRUE,-2.1077,0.4935,0,"***","I"
603269,"""AÇÚCAR"", TIPO: REFINADO , CARACTERÍSTICAS ADICIONAIS: BRANCO, 1ª QUALIDADE ","n_combinacoes_unidade","2023-11",2023-11-01,12,12.0424044182723,-0.0424044182723016,TRUE,-2.1077,0.4935,0,"***","I"
603269,"""AÇÚCAR"", TIPO: REFINADO , CARACTERÍSTICAS ADICIONAIS: BRANCO, 1ª QUALIDADE ","n_combinacoes_unidade","2023-12",2023-12-01,13,12.3382678354261,0.661732164573891,TRUE,-2.1077,0.4935,0,"***","I"
603269,"""AÇÚCAR"", TIPO: REFINADO , CARACTERÍSTICAS ADICIONAIS: BRANCO, 1ª QUALIDADE ","n_combinacoes_unidade","2024-01",2024-01-01,8,12.2923842964242,-4.29238429642416,TRUE,-2.1077,0.4935,0,"***","I"
603269,"""AÇÚCAR"", TIPO: REFINADO , CARACTERÍSTICAS ADICIONAIS: BRANCO, 1ª QUALIDADE ","n_combinacoes_unidade","2024-02",2024-02-01,11,12.1381898029656,-1.13818980296559,TRUE,-2.1077,0.4935,0,"***","I"
603269,"""AÇÚCAR"", TIPO: REFINADO , CARACTERÍSTICAS ADICIONAIS: BRANCO, 1ª QUALIDADE ","n_combinacoes_unidade","2024-03",2024-03-01,10,12.1185080552982,-2.11850805529822,TRUE,-2.1077,0.4935,0,"***","I"
603269,"""AÇÚCAR"", TIPO: REFINADO , CARACTERÍSTICAS ADICIONAIS: BRANCO, 1ª QUALIDADE ","n_combinacoes_unidade","2024-04",2024-04-01,11,10.984509076539,0.0154909234609697,TRUE,-2.1077,0.4935,0,"***","I"
603269,"""AÇÚCAR"", TIPO: REFINADO , CARACTERÍSTICAS ADICIONAIS: BRANCO, 1ª QUALIDADE ","n_combinacoes_unidade","2024-05",2024-05-01,13,12.0321333321692,0.967866667830819,TRUE,-2.1077,0.4935,0,"***","I"
603269,"""AÇÚCAR"", TIPO: REFINADO , CARACTERÍSTICAS ADICIONAIS: BRANCO, 1ª QUALIDADE ","n_combinacoes_unidade","2024-06",2024-06-01,9,11.3993864943194,-2.39938649431942,TRUE,-2.1077,0.4935,0,"***","I"
603269,"""AÇÚCAR"", TIPO: REFINADO , CARACTERÍSTICAS ADICIONAIS: BRANCO, 1ª QUALIDADE ","n_combinacoes_unidade","2024-07",2024-07-01,11,13.0220529735119,-2.0220529735119,TRUE,-2.1077,0.4935,0,"***","I"
603269,"""AÇÚCAR"", TIPO: REFINADO , CARACTERÍSTICAS ADICIONAIS: BRANCO, 1ª QUALIDADE ","n_combinacoes_unidade","2024-08",2024-08-01,10,11.7982668177569,-1.7982668177569,TRUE,-2.1077,0.4935,0,"***","I"
603269,"""AÇÚCAR"", TIPO: REFINADO , CARACTERÍSTICAS ADICIONAIS: BRANCO, 1ª QUALIDADE ","n_combinacoes_unidade","2024-09",2024-09-01,13,13.0560438716878,-0.056043871687848,TRUE,-2.1077,0.4935,0,"***","I"
603269,"""AÇÚCAR"", TIPO: REFINADO , CARACTERÍSTICAS ADICIONAIS: BRANCO, 1ª QUALIDADE ","n_combinacoes_unidade","2024-10",2024-10-01,10,12.8371505564747,-2.83715055647466,TRUE,-2.1077,0.4935,0,"***","I"
603269,"""AÇÚCAR"", TIPO: REFINADO , CARACTERÍSTICAS ADICIONAIS: BRANCO, 1ª QUALIDADE ","n_combinacoes_unidade","2024-11",2024-11-01,11,12.3107070066289,-1.31070700662887,TRUE,-2.1077,0.4935,0,"***","I"
603269,"""AÇÚCAR"", TIPO: REFINADO , CARACTERÍSTICAS ADICIONAIS: BRANCO, 1ª QUALIDADE ","n_combinacoes_unidade","2024-12",2024-12-01,10,11.906235495577,-1.90623549557699,TRUE,-2.1077,0.4935,0,"***","I"
603269,"""AÇÚCAR"", TIPO: REFINADO , CARACTERÍSTICAS ADICIONAIS: BRANCO, 1ª QUALIDADE ","n_combinacoes_unidade","2025-01",2025-01-01,9,11.7902221574,-2.7902221574,TRUE,-2.1077,0.4935,0,"***","I"
603269,"""AÇÚCAR"", TIPO: REFINADO , CARACTERÍSTICAS ADICIONAIS: BRANCO, 1ª QUALIDADE ","n_combinacoes_unidade","2025-02",2025-02-01,8,11.9534783708359,-3.95347837083593,TRUE,-2.1077,0.4935,0,"***","I"
603269,"""AÇÚCAR"", TIPO: REFINADO , CARACTERÍSTICAS ADICIONAIS: BRANCO, 1ª QUALIDADE ","n_combinacoes_unidade","2025-03",2025-03-01,7,11.6505326954775,-4.65053269547749,TRUE,-2.1077,0.4935,0,"***","I"
603269,"""AÇÚCAR"", TIPO: REFINADO , CARACTERÍSTICAS ADICIONAIS: BRANCO, 1ª QUALIDADE ","n_combinacoes_unidade","2025-04",2025-04-01,9,12.4998329897797,-3.49983298977968,TRUE,-2.1077,0.4935,0,"***","I"
603269,"""AÇÚCAR"", TIPO: REFINADO , CARACTERÍSTICAS ADICIONAIS: BRANCO, 1ª QUALIDADE ","n_combinacoes_unidade","2025-05",2025-05-01,7,12.3624170277939,-5.3624170277939,TRUE,-2.1077,0.4935,0,"***","I"
603269,"""AÇÚCAR"", TIPO: REFINADO , CARACTERÍSTICAS ADICIONAIS: BRANCO, 1ª QUALIDADE ","n_combinacoes_unidade","2025-06",2025-06-01,11,11.4308450890755,-0.430845089075504,TRUE,-2.1077,0.4935,0,"***","I"
603269,"""AÇÚCAR"", TIPO: REFINADO , CARACTERÍSTICAS ADICIONAIS: BRANCO, 1ª QUALIDADE ","n_combinacoes_unidade","2025-07",2025-07-01,10,12.1024956396396,-2.10249563963962,TRUE,-2.1077,0.4935,0,"***","I"
603269,"""AÇÚCAR"", TIPO: REFINADO , CARACTERÍSTICAS ADICIONAIS: BRANCO, 1ª QUALIDADE ","n_combinacoes_unidade","2025-08",2025-08-01,8,12.6285828945199,-4.62858289451986,TRUE,-2.1077,0.4935,0,"***","I"
603269,"""AÇÚCAR"", TIPO: REFINADO , CARACTERÍSTICAS ADICIONAIS: BRANCO, 1ª QUALIDADE ","n_combinacoes_unidade","2025-09",2025-09-01,8,12.2726803214273,-4.2726803214273,TRUE,-2.1077,0.4935,0,"***","I"
603269,"""AÇÚCAR"", TIPO: REFINADO , CARACTERÍSTICAS ADICIONAIS: BRANCO, 1ª QUALIDADE ","n_combinacoes_unidade","2025-10",2025-10-01,9,12.8171758996988,-3.81717589969881,TRUE,-2.1077,0.4935,0,"***","I"
603269,"""AÇÚCAR"", TIPO: REFINADO , CARACTERÍSTICAS ADICIONAIS: BRANCO, 1ª QUALIDADE ","n_combinacoes_unidade","2025-11",2025-11-01,12,12.5228735907813,-0.522873590781261,TRUE,-2.1077,0.4935,0,"***","I"
603269,"""AÇÚCAR"", TIPO: REFINADO , CARACTERÍSTICAS ADICIONAIS: BRANCO, 1ª QUALIDADE ","n_combinacoes_unidade","2025-12",2025-12-01,8,11.9047059699254,-3.90470596992545,TRUE,-2.1077,0.4935,0,"***","I"
603269,"""AÇÚCAR"", TIPO: REFINADO , CARACTERÍSTICAS ADICIONAIS: BRANCO, 1ª QUALIDADE ","n_fornecedores","2021-12",2021-12-01,138,106.986777148849,31.0132228511506,FALSE,-5.5408,2.0018,0.0056,"***","I"
603269,"""AÇÚCAR"", TIPO: REFINADO , CARACTERÍSTICAS ADICIONAIS: BRANCO, 1ª QUALIDADE ","n_fornecedores","2022-01",2022-01-01,36,52.5369968825369,-16.5369968825369,FALSE,-5.5408,2.0018,0.0056,"***","I"
603269,"""AÇÚCAR"", TIPO: REFINADO , CARACTERÍSTICAS ADICIONAIS: BRANCO, 1ª QUALIDADE ","n_fornecedores","2022-02",2022-02-01,49,63.8778235169511,-14.8778235169511,FALSE,-5.5408,2.0018,0.0056,"***","I"
603269,"""AÇÚCAR"", TIPO: REFINADO , CARACTERÍSTICAS ADICIONAIS: BRANCO, 1ª QUALIDADE ","n_fornecedores","2022-03",2022-03-01,61,79.9483818843204,-18.9483818843204,FALSE,-5.5408,2.0018,0.0056,"***","I"
603269,"""AÇÚCAR"", TIPO: REFINADO , CARACTERÍSTICAS ADICIONAIS: BRANCO, 1ª QUALIDADE ","n_fornecedores","2022-04",2022-04-01,76,73.1604815144348,2.83951848556518,FALSE,-5.5408,2.0018,0.0056,"***","I"
603269,"""AÇÚCAR"", TIPO: REFINADO , CARACTERÍSTICAS ADICIONAIS: BRANCO, 1ª QUALIDADE ","n_fornecedores","2022-05",2022-05-01,105,88.3510494384533,16.6489505615467,FALSE,-5.5408,2.0018,0.0056,"***","I"
603269,"""AÇÚCAR"", TIPO: REFINADO , CARACTERÍSTICAS ADICIONAIS: BRANCO, 1ª QUALIDADE ","n_fornecedores","2022-06",2022-06-01,85,90.1476969996624,-5.1476969996624,FALSE,-5.5408,2.0018,0.0056,"***","I"
603269,"""AÇÚCAR"", TIPO: REFINADO , CARACTERÍSTICAS ADICIONAIS: BRANCO, 1ª QUALIDADE ","n_fornecedores","2022-07",2022-07-01,109,91.357449413118,17.642550586882,FALSE,-5.5408,2.0018,0.0056,"***","I"
603269,"""AÇÚCAR"", TIPO: REFINADO , CARACTERÍSTICAS ADICIONAIS: BRANCO, 1ª QUALIDADE ","n_fornecedores","2022-08",2022-08-01,79,84.4098131131627,-5.4098131131627,FALSE,-5.5408,2.0018,0.0056,"***","I"
603269,"""AÇÚCAR"", TIPO: REFINADO , CARACTERÍSTICAS ADICIONAIS: BRANCO, 1ª QUALIDADE ","n_fornecedores","2022-09",2022-09-01,89,87.0065207851453,1.9934792148547,FALSE,-5.5408,2.0018,0.0056,"***","I"
603269,"""AÇÚCAR"", TIPO: REFINADO , CARACTERÍSTICAS ADICIONAIS: BRANCO, 1ª QUALIDADE ","n_fornecedores","2022-10",2022-10-01,73,85.5517594110864,-12.5517594110864,FALSE,-5.5408,2.0018,0.0056,"***","I"
603269,"""AÇÚCAR"", TIPO: REFINADO , CARACTERÍSTICAS ADICIONAIS: BRANCO, 1ª QUALIDADE ","n_fornecedores","2022-11",2022-11-01,95,102.564416068419,-7.56441606841935,FALSE,-5.5408,2.0018,0.0056,"***","I"
603269,"""AÇÚCAR"", TIPO: REFINADO , CARACTERÍSTICAS ADICIONAIS: BRANCO, 1ª QUALIDADE ","n_fornecedores","2022-12",2022-12-01,95,87.0856783893769,7.91432161062315,FALSE,-5.5408,2.0018,0.0056,"***","I"
603269,"""AÇÚCAR"", TIPO: REFINADO , CARACTERÍSTICAS ADICIONAIS: BRANCO, 1ª QUALIDADE ","n_fornecedores","2023-01",2023-01-01,57,61.9136062173814,-4.91360621738145,FALSE,-5.5408,2.0018,0.0056,"***","I"
603269,"""AÇÚCAR"", TIPO: REFINADO , CARACTERÍSTICAS ADICIONAIS: BRANCO, 1ª QUALIDADE ","n_fornecedores","2023-02",2023-02-01,65,77.6874972785409,-12.6874972785409,FALSE,-5.5408,2.0018,0.0056,"***","I"
603269,"""AÇÚCAR"", TIPO: REFINADO , CARACTERÍSTICAS ADICIONAIS: BRANCO, 1ª QUALIDADE ","n_fornecedores","2023-03",2023-03-01,90,76.2708362236168,13.7291637763832,FALSE,-5.5408,2.0018,0.0056,"***","I"
603269,"""AÇÚCAR"", TIPO: REFINADO , CARACTERÍSTICAS ADICIONAIS: BRANCO, 1ª QUALIDADE ","n_fornecedores","2023-04",2023-04-01,76,78.191228232938,-2.19122823293796,FALSE,-5.5408,2.0018,0.0056,"***","I"
603269,"""AÇÚCAR"", TIPO: REFINADO , CARACTERÍSTICAS ADICIONAIS: BRANCO, 1ª QUALIDADE ","n_fornecedores","2023-05",2023-05-01,100,77.4914226669483,22.5085773330517,FALSE,-5.5408,2.0018,0.0056,"***","I"
603269,"""AÇÚCAR"", TIPO: REFINADO , CARACTERÍSTICAS ADICIONAIS: BRANCO, 1ª QUALIDADE ","n_fornecedores","2023-06",2023-06-01,98,90.6251171019239,7.37488289807607,FALSE,-5.5408,2.0018,0.0056,"***","I"
603269,"""AÇÚCAR"", TIPO: REFINADO , CARACTERÍSTICAS ADICIONAIS: BRANCO, 1ª QUALIDADE ","n_fornecedores","2023-07",2023-07-01,82,82.9143787002731,-0.914378700273119,FALSE,-5.5408,2.0018,0.0056,"***","I"
603269,"""AÇÚCAR"", TIPO: REFINADO , CARACTERÍSTICAS ADICIONAIS: BRANCO, 1ª QUALIDADE ","n_fornecedores","2023-08",2023-08-01,89,92.2484739226408,-3.24847392264083,TRUE,-5.5408,2.0018,0.0056,"***","I"
603269,"""AÇÚCAR"", TIPO: REFINADO , CARACTERÍSTICAS ADICIONAIS: BRANCO, 1ª QUALIDADE ","n_fornecedores","2023-09",2023-09-01,88,72.5770672455843,15.4229327544157,TRUE,-5.5408,2.0018,0.0056,"***","I"
603269,"""AÇÚCAR"", TIPO: REFINADO , CARACTERÍSTICAS ADICIONAIS: BRANCO, 1ª QUALIDADE ","n_fornecedores","2023-10",2023-10-01,88,78.5431035116627,9.45689648833735,TRUE,-5.5408,2.0018,0.0056,"***","I"
603269,"""AÇÚCAR"", TIPO: REFINADO , CARACTERÍSTICAS ADICIONAIS: BRANCO, 1ª QUALIDADE ","n_fornecedores","2023-11",2023-11-01,77,83.9727128299243,-6.97271282992426,TRUE,-5.5408,2.0018,0.0056,"***","I"
603269,"""AÇÚCAR"", TIPO: REFINADO , CARACTERÍSTICAS ADICIONAIS: BRANCO, 1ª QUALIDADE ","n_fornecedores","2023-12",2023-12-01,84,96.3338775619106,-12.3338775619106,TRUE,-5.5408,2.0018,0.0056,"***","I"
603269,"""AÇÚCAR"", TIPO: REFINADO , CARACTERÍSTICAS ADICIONAIS: BRANCO, 1ª QUALIDADE ","n_fornecedores","2024-01",2024-01-01,42,63.101629068242,-21.101629068242,TRUE,-5.5408,2.0018,0.0056,"***","I"
603269,"""AÇÚCAR"", TIPO: REFINADO , CARACTERÍSTICAS ADICIONAIS: BRANCO, 1ª QUALIDADE ","n_fornecedores","2024-02",2024-02-01,60,68.7961625589043,-8.79616255890433,TRUE,-5.5408,2.0018,0.0056,"***","I"
603269,"""AÇÚCAR"", TIPO: REFINADO , CARACTERÍSTICAS ADICIONAIS: BRANCO, 1ª QUALIDADE ","n_fornecedores","2024-03",2024-03-01,59,70.1178130340025,-11.1178130340025,TRUE,-5.5408,2.0018,0.0056,"***","I"
603269,"""AÇÚCAR"", TIPO: REFINADO , CARACTERÍSTICAS ADICIONAIS: BRANCO, 1ª QUALIDADE ","n_fornecedores","2024-04",2024-04-01,64,72.5843562385493,-8.5843562385493,TRUE,-5.5408,2.0018,0.0056,"***","I"
603269,"""AÇÚCAR"", TIPO: REFINADO , CARACTERÍSTICAS ADICIONAIS: BRANCO, 1ª QUALIDADE ","n_fornecedores","2024-05",2024-05-01,65,75.5165408348915,-10.5165408348915,TRUE,-5.5408,2.0018,0.0056,"***","I"
603269,"""AÇÚCAR"", TIPO: REFINADO , CARACTERÍSTICAS ADICIONAIS: BRANCO, 1ª QUALIDADE ","n_fornecedores","2024-06",2024-06-01,71,73.1459664566541,-2.14596645665412,TRUE,-5.5408,2.0018,0.0056,"***","I"
603269,"""AÇÚCAR"", TIPO: REFINADO , CARACTERÍSTICAS ADICIONAIS: BRANCO, 1ª QUALIDADE ","n_fornecedores","2024-07",2024-07-01,78,80.8320209846323,-2.83202098463225,TRUE,-5.5408,2.0018,0.0056,"***","I"
603269,"""AÇÚCAR"", TIPO: REFINADO , CARACTERÍSTICAS ADICIONAIS: BRANCO, 1ª QUALIDADE ","n_fornecedores","2024-08",2024-08-01,86,78.6365895024214,7.3634104975786,TRUE,-5.5408,2.0018,0.0056,"***","I"
603269,"""AÇÚCAR"", TIPO: REFINADO , CARACTERÍSTICAS ADICIONAIS: BRANCO, 1ª QUALIDADE ","n_fornecedores","2024-09",2024-09-01,72,84.7016141028287,-12.7016141028287,TRUE,-5.5408,2.0018,0.0056,"***","I"
603269,"""AÇÚCAR"", TIPO: REFINADO , CARACTERÍSTICAS ADICIONAIS: BRANCO, 1ª QUALIDADE ","n_fornecedores","2024-10",2024-10-01,93,87.4334013903062,5.56659860969378,TRUE,-5.5408,2.0018,0.0056,"***","I"
603269,"""AÇÚCAR"", TIPO: REFINADO , CARACTERÍSTICAS ADICIONAIS: BRANCO, 1ª QUALIDADE ","n_fornecedores","2024-11",2024-11-01,66,86.3349251924892,-20.3349251924892,TRUE,-5.5408,2.0018,0.0056,"***","I"
603269,"""AÇÚCAR"", TIPO: REFINADO , CARACTERÍSTICAS ADICIONAIS: BRANCO, 1ª QUALIDADE ","n_fornecedores","2024-12",2024-12-01,86,93.7914595149002,-7.7914595149002,TRUE,-5.5408,2.0018,0.0056,"***","I"
603269,"""AÇÚCAR"", TIPO: REFINADO , CARACTERÍSTICAS ADICIONAIS: BRANCO, 1ª QUALIDADE ","n_fornecedores","2025-01",2025-01-01,61,68.3039460349173,-7.30394603491732,TRUE,-5.5408,2.0018,0.0056,"***","I"
603269,"""AÇÚCAR"", TIPO: REFINADO , CARACTERÍSTICAS ADICIONAIS: BRANCO, 1ª QUALIDADE ","n_fornecedores","2025-02",2025-02-01,55,65.7450949926204,-10.7450949926204,TRUE,-5.5408,2.0018,0.0056,"***","I"
603269,"""AÇÚCAR"", TIPO: REFINADO , CARACTERÍSTICAS ADICIONAIS: BRANCO, 1ª QUALIDADE ","n_fornecedores","2025-03",2025-03-01,48,69.9931950178485,-21.9931950178485,TRUE,-5.5408,2.0018,0.0056,"***","I"
603269,"""AÇÚCAR"", TIPO: REFINADO , CARACTERÍSTICAS ADICIONAIS: BRANCO, 1ª QUALIDADE ","n_fornecedores","2025-04",2025-04-01,76,83.3654836375919,-7.36548363759189,TRUE,-5.5408,2.0018,0.0056,"***","I"
603269,"""AÇÚCAR"", TIPO: REFINADO , CARACTERÍSTICAS ADICIONAIS: BRANCO, 1ª QUALIDADE ","n_fornecedores","2025-05",2025-05-01,65,80.5024861823379,-15.5024861823379,TRUE,-5.5408,2.0018,0.0056,"***","I"
603269,"""AÇÚCAR"", TIPO: REFINADO , CARACTERÍSTICAS ADICIONAIS: BRANCO, 1ª QUALIDADE ","n_fornecedores","2025-06",2025-06-01,88,70.9435711100083,17.0564288899917,TRUE,-5.5408,2.0018,0.0056,"***","I"
603269,"""AÇÚCAR"", TIPO: REFINADO , CARACTERÍSTICAS ADICIONAIS: BRANCO, 1ª QUALIDADE ","n_fornecedores","2025-07",2025-07-01,94,81.4338682585122,12.5661317414878,TRUE,-5.5408,2.0018,0.0056,"***","I"
603269,"""AÇÚCAR"", TIPO: REFINADO , CARACTERÍSTICAS ADICIONAIS: BRANCO, 1ª QUALIDADE ","n_fornecedores","2025-08",2025-08-01,84,86.9645501996964,-2.9645501996964,TRUE,-5.5408,2.0018,0.0056,"***","I"
603269,"""AÇÚCAR"", TIPO: REFINADO , CARACTERÍSTICAS ADICIONAIS: BRANCO, 1ª QUALIDADE ","n_fornecedores","2025-09",2025-09-01,79,93.8304732787577,-14.8304732787577,TRUE,-5.5408,2.0018,0.0056,"***","I"
603269,"""AÇÚCAR"", TIPO: REFINADO , CARACTERÍSTICAS ADICIONAIS: BRANCO, 1ª QUALIDADE ","n_fornecedores","2025-10",2025-10-01,89,92.6157985059634,-3.6157985059634,TRUE,-5.5408,2.0018,0.0056,"***","I"
603269,"""AÇÚCAR"", TIPO: REFINADO , CARACTERÍSTICAS ADICIONAIS: BRANCO, 1ª QUALIDADE ","n_fornecedores","2025-11",2025-11-01,79,82.605945978302,-3.60594597830205,TRUE,-5.5408,2.0018,0.0056,"***","I"
603269,"""AÇÚCAR"", TIPO: REFINADO , CARACTERÍSTICAS ADICIONAIS: BRANCO, 1ª QUALIDADE ","n_fornecedores","2025-12",2025-12-01,81,92.711126249457,-11.711126249457,TRUE,-5.5408,2.0018,0.0056,"***","I"
606522,"CAFÉ, APRESENTAÇÃO: TORRADO MOÍDO , INTENSIDADE: INTENSA OU EXTRA FORTE , TIPO: SUPERIOR , EMPACOTAMENTO: VÁCUO ","median_preco","2021-12",2021-12-01,28.44,27.7114982873702,0.728501712629832,FALSE,10.892,2.506,0,"***","I"
606522,"CAFÉ, APRESENTAÇÃO: TORRADO MOÍDO , INTENSIDADE: INTENSA OU EXTRA FORTE , TIPO: SUPERIOR , EMPACOTAMENTO: VÁCUO ","median_preco","2022-01",2022-01-01,27.76,28.9203634799507,-1.16036347995072,FALSE,10.892,2.506,0,"***","I"
606522,"CAFÉ, APRESENTAÇÃO: TORRADO MOÍDO , INTENSIDADE: INTENSA OU EXTRA FORTE , TIPO: SUPERIOR , EMPACOTAMENTO: VÁCUO ","median_preco","2022-02",2022-02-01,28.16,27.7296614887892,0.430338511210763,FALSE,10.892,2.506,0,"***","I"
606522,"CAFÉ, APRESENTAÇÃO: TORRADO MOÍDO , INTENSIDADE: INTENSA OU EXTRA FORTE , TIPO: SUPERIOR , EMPACOTAMENTO: VÁCUO ","median_preco","2022-03",2022-03-01,27.86,28.7731584845977,-0.91315848459767,FALSE,10.892,2.506,0,"***","I"
606522,"CAFÉ, APRESENTAÇÃO: TORRADO MOÍDO , INTENSIDADE: INTENSA OU EXTRA FORTE , TIPO: SUPERIOR , EMPACOTAMENTO: VÁCUO ","median_preco","2022-04",2022-04-01,29.1366,28.8000084119128,0.336591588087224,FALSE,10.892,2.506,0,"***","I"
606522,"CAFÉ, APRESENTAÇÃO: TORRADO MOÍDO , INTENSIDADE: INTENSA OU EXTRA FORTE , TIPO: SUPERIOR , EMPACOTAMENTO: VÁCUO ","median_preco","2022-05",2022-05-01,33.82,31.1419144615903,2.6780855384097,FALSE,10.892,2.506,0,"***","I"
606522,"CAFÉ, APRESENTAÇÃO: TORRADO MOÍDO , INTENSIDADE: INTENSA OU EXTRA FORTE , TIPO: SUPERIOR , EMPACOTAMENTO: VÁCUO ","median_preco","2022-06",2022-06-01,30.1,29.4974426145564,0.602557385443593,FALSE,10.892,2.506,0,"***","I"
606522,"CAFÉ, APRESENTAÇÃO: TORRADO MOÍDO , INTENSIDADE: INTENSA OU EXTRA FORTE , TIPO: SUPERIOR , EMPACOTAMENTO: VÁCUO ","median_preco","2022-07",2022-07-01,31.18,30.0496091599322,1.13039084006781,FALSE,10.892,2.506,0,"***","I"
606522,"CAFÉ, APRESENTAÇÃO: TORRADO MOÍDO , INTENSIDADE: INTENSA OU EXTRA FORTE , TIPO: SUPERIOR , EMPACOTAMENTO: VÁCUO ","median_preco","2022-08",2022-08-01,32,30.1586926606797,1.8413073393203,FALSE,10.892,2.506,0,"***","I"
606522,"CAFÉ, APRESENTAÇÃO: TORRADO MOÍDO , INTENSIDADE: INTENSA OU EXTRA FORTE , TIPO: SUPERIOR , EMPACOTAMENTO: VÁCUO ","median_preco","2022-09",2022-09-01,32.0028,29.1585428697314,2.84425713026862,FALSE,10.892,2.506,0,"***","I"
606522,"CAFÉ, APRESENTAÇÃO: TORRADO MOÍDO , INTENSIDADE: INTENSA OU EXTRA FORTE , TIPO: SUPERIOR , EMPACOTAMENTO: VÁCUO ","median_preco","2022-10",2022-10-01,33.98,31.2515753759733,2.72842462402674,FALSE,10.892,2.506,0,"***","I"
606522,"CAFÉ, APRESENTAÇÃO: TORRADO MOÍDO , INTENSIDADE: INTENSA OU EXTRA FORTE , TIPO: SUPERIOR , EMPACOTAMENTO: VÁCUO ","median_preco","2022-11",2022-11-01,33.66,29.3888105626426,4.27118943735736,FALSE,10.892,2.506,0,"***","I"
606522,"CAFÉ, APRESENTAÇÃO: TORRADO MOÍDO , INTENSIDADE: INTENSA OU EXTRA FORTE , TIPO: SUPERIOR , EMPACOTAMENTO: VÁCUO ","median_preco","2022-12",2022-12-01,30.46,30.7410782365497,-0.281078236549682,FALSE,10.892,2.506,0,"***","I"
606522,"CAFÉ, APRESENTAÇÃO: TORRADO MOÍDO , INTENSIDADE: INTENSA OU EXTRA FORTE , TIPO: SUPERIOR , EMPACOTAMENTO: VÁCUO ","median_preco","2023-01",2023-01-01,25.5,29.2275630451443,-3.72756304514425,FALSE,10.892,2.506,0,"***","I"
606522,"CAFÉ, APRESENTAÇÃO: TORRADO MOÍDO , INTENSIDADE: INTENSA OU EXTRA FORTE , TIPO: SUPERIOR , EMPACOTAMENTO: VÁCUO ","median_preco","2023-02",2023-02-01,28.7813,29.5400279099015,-0.758727909901541,FALSE,10.892,2.506,0,"***","I"
606522,"CAFÉ, APRESENTAÇÃO: TORRADO MOÍDO , INTENSIDADE: INTENSA OU EXTRA FORTE , TIPO: SUPERIOR , EMPACOTAMENTO: VÁCUO ","median_preco","2023-03",2023-03-01,27.5,30.3557066006159,-2.85570660061593,FALSE,10.892,2.506,0,"***","I"
606522,"CAFÉ, APRESENTAÇÃO: TORRADO MOÍDO , INTENSIDADE: INTENSA OU EXTRA FORTE , TIPO: SUPERIOR , EMPACOTAMENTO: VÁCUO ","median_preco","2023-04",2023-04-01,26.99,28.8389191969548,-1.84891919695481,FALSE,10.892,2.506,0,"***","I"
606522,"CAFÉ, APRESENTAÇÃO: TORRADO MOÍDO , INTENSIDADE: INTENSA OU EXTRA FORTE , TIPO: SUPERIOR , EMPACOTAMENTO: VÁCUO ","median_preco","2023-05",2023-05-01,28.8,30.0485978828652,-1.24859788286523,FALSE,10.892,2.506,0,"***","I"
606522,"CAFÉ, APRESENTAÇÃO: TORRADO MOÍDO , INTENSIDADE: INTENSA OU EXTRA FORTE , TIPO: SUPERIOR , EMPACOTAMENTO: VÁCUO ","median_preco","2023-06",2023-06-01,27.56,28.4338559372004,-0.87385593720041,FALSE,10.892,2.506,0,"***","I"
606522,"CAFÉ, APRESENTAÇÃO: TORRADO MOÍDO , INTENSIDADE: INTENSA OU EXTRA FORTE , TIPO: SUPERIOR , EMPACOTAMENTO: VÁCUO ","median_preco","2023-07",2023-07-01,28,30.5224457973165,-2.5224457973165,FALSE,10.892,2.506,0,"***","I"
606522,"CAFÉ, APRESENTAÇÃO: TORRADO MOÍDO , INTENSIDADE: INTENSA OU EXTRA FORTE , TIPO: SUPERIOR , EMPACOTAMENTO: VÁCUO ","median_preco","2023-08",2023-08-01,27.94,30.3140647077133,-2.37406470771333,TRUE,10.892,2.506,0,"***","I"
606522,"CAFÉ, APRESENTAÇÃO: TORRADO MOÍDO , INTENSIDADE: INTENSA OU EXTRA FORTE , TIPO: SUPERIOR , EMPACOTAMENTO: VÁCUO ","median_preco","2023-09",2023-09-01,28.1,28.2153571820221,-0.115357182022102,TRUE,10.892,2.506,0,"***","I"
606522,"CAFÉ, APRESENTAÇÃO: TORRADO MOÍDO , INTENSIDADE: INTENSA OU EXTRA FORTE , TIPO: SUPERIOR , EMPACOTAMENTO: VÁCUO ","median_preco","2023-10",2023-10-01,27.56,28.3711020913057,-0.811102091305703,TRUE,10.892,2.506,0,"***","I"
606522,"CAFÉ, APRESENTAÇÃO: TORRADO MOÍDO , INTENSIDADE: INTENSA OU EXTRA FORTE , TIPO: SUPERIOR , EMPACOTAMENTO: VÁCUO ","median_preco","2023-11",2023-11-01,28.11,27.5445110493545,0.565488950645506,TRUE,10.892,2.506,0,"***","I"
606522,"CAFÉ, APRESENTAÇÃO: TORRADO MOÍDO , INTENSIDADE: INTENSA OU EXTRA FORTE , TIPO: SUPERIOR , EMPACOTAMENTO: VÁCUO ","median_preco","2023-12",2023-12-01,25,28.7461582200899,-3.74615822008991,TRUE,10.892,2.506,0,"***","I"
606522,"CAFÉ, APRESENTAÇÃO: TORRADO MOÍDO , INTENSIDADE: INTENSA OU EXTRA FORTE , TIPO: SUPERIOR , EMPACOTAMENTO: VÁCUO ","median_preco","2024-01",2024-01-01,25.04,27.6976164291358,-2.65761642913576,TRUE,10.892,2.506,0,"***","I"
606522,"CAFÉ, APRESENTAÇÃO: TORRADO MOÍDO , INTENSIDADE: INTENSA OU EXTRA FORTE , TIPO: SUPERIOR , EMPACOTAMENTO: VÁCUO ","median_preco","2024-02",2024-02-01,23.91,27.353254601761,-3.44325460176099,TRUE,10.892,2.506,0,"***","I"
606522,"CAFÉ, APRESENTAÇÃO: TORRADO MOÍDO , INTENSIDADE: INTENSA OU EXTRA FORTE , TIPO: SUPERIOR , EMPACOTAMENTO: VÁCUO ","median_preco","2024-03",2024-03-01,25.84,29.1970399644939,-3.35703996449391,TRUE,10.892,2.506,0,"***","I"
606522,"CAFÉ, APRESENTAÇÃO: TORRADO MOÍDO , INTENSIDADE: INTENSA OU EXTRA FORTE , TIPO: SUPERIOR , EMPACOTAMENTO: VÁCUO ","median_preco","2024-04",2024-04-01,28.4099,28.2005267188931,0.209373281106878,TRUE,10.892,2.506,0,"***","I"
606522,"CAFÉ, APRESENTAÇÃO: TORRADO MOÍDO , INTENSIDADE: INTENSA OU EXTRA FORTE , TIPO: SUPERIOR , EMPACOTAMENTO: VÁCUO ","median_preco","2024-05",2024-05-01,28.88,28.285001180586,0.594998819413991,TRUE,10.892,2.506,0,"***","I"
606522,"CAFÉ, APRESENTAÇÃO: TORRADO MOÍDO , INTENSIDADE: INTENSA OU EXTRA FORTE , TIPO: SUPERIOR , EMPACOTAMENTO: VÁCUO ","median_preco","2024-06",2024-06-01,33.8,29.0169629924925,4.78303700750748,TRUE,10.892,2.506,0,"***","I"
606522,"CAFÉ, APRESENTAÇÃO: TORRADO MOÍDO , INTENSIDADE: INTENSA OU EXTRA FORTE , TIPO: SUPERIOR , EMPACOTAMENTO: VÁCUO ","median_preco","2024-07",2024-07-01,30.83,28.0128684065628,2.81713159343717,TRUE,10.892,2.506,0,"***","I"
606522,"CAFÉ, APRESENTAÇÃO: TORRADO MOÍDO , INTENSIDADE: INTENSA OU EXTRA FORTE , TIPO: SUPERIOR , EMPACOTAMENTO: VÁCUO ","median_preco","2024-08",2024-08-01,32.47,30.0436896099847,2.42631039001528,TRUE,10.892,2.506,0,"***","I"
606522,"CAFÉ, APRESENTAÇÃO: TORRADO MOÍDO , INTENSIDADE: INTENSA OU EXTRA FORTE , TIPO: SUPERIOR , EMPACOTAMENTO: VÁCUO ","median_preco","2024-09",2024-09-01,29.7,27.8909905800896,1.8090094199104,TRUE,10.892,2.506,0,"***","I"
606522,"CAFÉ, APRESENTAÇÃO: TORRADO MOÍDO , INTENSIDADE: INTENSA OU EXTRA FORTE , TIPO: SUPERIOR , EMPACOTAMENTO: VÁCUO ","median_preco","2024-10",2024-10-01,36,29.5361792359954,6.46382076400464,TRUE,10.892,2.506,0,"***","I"
606522,"CAFÉ, APRESENTAÇÃO: TORRADO MOÍDO , INTENSIDADE: INTENSA OU EXTRA FORTE , TIPO: SUPERIOR , EMPACOTAMENTO: VÁCUO ","median_preco","2024-11",2024-11-01,30.9,29.1389212751551,1.76107872484494,TRUE,10.892,2.506,0,"***","I"
606522,"CAFÉ, APRESENTAÇÃO: TORRADO MOÍDO , INTENSIDADE: INTENSA OU EXTRA FORTE , TIPO: SUPERIOR , EMPACOTAMENTO: VÁCUO ","median_preco","2024-12",2024-12-01,37.72,30.8483224053449,6.87167759465515,TRUE,10.892,2.506,0,"***","I"
606522,"CAFÉ, APRESENTAÇÃO: TORRADO MOÍDO , INTENSIDADE: INTENSA OU EXTRA FORTE , TIPO: SUPERIOR , EMPACOTAMENTO: VÁCUO ","median_preco","2025-01",2025-01-01,41.98,30.3439981071492,11.6360018928508,TRUE,10.892,2.506,0,"***","I"
606522,"CAFÉ, APRESENTAÇÃO: TORRADO MOÍDO , INTENSIDADE: INTENSA OU EXTRA FORTE , TIPO: SUPERIOR , EMPACOTAMENTO: VÁCUO ","median_preco","2025-02",2025-02-01,50.44,29.4843067955173,20.9556932044827,TRUE,10.892,2.506,0,"***","I"
606522,"CAFÉ, APRESENTAÇÃO: TORRADO MOÍDO , INTENSIDADE: INTENSA OU EXTRA FORTE , TIPO: SUPERIOR , EMPACOTAMENTO: VÁCUO ","median_preco","2025-03",2025-03-01,57.98,30.1630333308417,27.8169666691583,TRUE,10.892,2.506,0,"***","I"
606522,"CAFÉ, APRESENTAÇÃO: TORRADO MOÍDO , INTENSIDADE: INTENSA OU EXTRA FORTE , TIPO: SUPERIOR , EMPACOTAMENTO: VÁCUO ","median_preco","2025-04",2025-04-01,55.8,31.5232171356613,24.2767828643387,TRUE,10.892,2.506,0,"***","I"
606522,"CAFÉ, APRESENTAÇÃO: TORRADO MOÍDO , INTENSIDADE: INTENSA OU EXTRA FORTE , TIPO: SUPERIOR , EMPACOTAMENTO: VÁCUO ","median_preco","2025-05",2025-05-01,62.08,30.0382531525171,32.0417468474829,TRUE,10.892,2.506,0,"***","I"
606522,"CAFÉ, APRESENTAÇÃO: TORRADO MOÍDO , INTENSIDADE: INTENSA OU EXTRA FORTE , TIPO: SUPERIOR , EMPACOTAMENTO: VÁCUO ","median_preco","2025-06",2025-06-01,51.3,30.8513306056009,20.4486693943991,TRUE,10.892,2.506,0,"***","I"
606522,"CAFÉ, APRESENTAÇÃO: TORRADO MOÍDO , INTENSIDADE: INTENSA OU EXTRA FORTE , TIPO: SUPERIOR , EMPACOTAMENTO: VÁCUO ","median_preco","2025-07",2025-07-01,57,30.7044576491421,26.2955423508579,TRUE,10.892,2.506,0,"***","I"
606522,"CAFÉ, APRESENTAÇÃO: TORRADO MOÍDO , INTENSIDADE: INTENSA OU EXTRA FORTE , TIPO: SUPERIOR , EMPACOTAMENTO: VÁCUO ","median_preco","2025-08",2025-08-01,61.6,30.5437723056761,31.0562276943239,TRUE,10.892,2.506,0,"***","I"
606522,"CAFÉ, APRESENTAÇÃO: TORRADO MOÍDO , INTENSIDADE: INTENSA OU EXTRA FORTE , TIPO: SUPERIOR , EMPACOTAMENTO: VÁCUO ","median_preco","2025-09",2025-09-01,55.2,30.5827027108639,24.6172972891361,TRUE,10.892,2.506,0,"***","I"
606522,"CAFÉ, APRESENTAÇÃO: TORRADO MOÍDO , INTENSIDADE: INTENSA OU EXTRA FORTE , TIPO: SUPERIOR , EMPACOTAMENTO: VÁCUO ","median_preco","2025-10",2025-10-01,52.8,30.5025524494544,22.2974475505456,TRUE,10.892,2.506,0,"***","I"
606522,"CAFÉ, APRESENTAÇÃO: TORRADO MOÍDO , INTENSIDADE: INTENSA OU EXTRA FORTE , TIPO: SUPERIOR , EMPACOTAMENTO: VÁCUO ","median_preco","2025-11",2025-11-01,62.56,33.1099696588282,29.4500303411718,TRUE,10.892,2.506,0,"***","I"
606522,"CAFÉ, APRESENTAÇÃO: TORRADO MOÍDO , INTENSIDADE: INTENSA OU EXTRA FORTE , TIPO: SUPERIOR , EMPACOTAMENTO: VÁCUO ","median_preco","2025-12",2025-12-01,63.71,30.5330322326867,33.1769677673133,TRUE,10.892,2.506,0,"***","I"
606522,"CAFÉ, APRESENTAÇÃO: TORRADO MOÍDO , INTENSIDADE: INTENSA OU EXTRA FORTE , TIPO: SUPERIOR , EMPACOTAMENTO: VÁCUO ","n_combinacoes_unidade","2021-12",2021-12-01,6,5.33640055640638,0.663599443593618,FALSE,0.0339,0.3613,0.9252,"","II"
606522,"CAFÉ, APRESENTAÇÃO: TORRADO MOÍDO , INTENSIDADE: INTENSA OU EXTRA FORTE , TIPO: SUPERIOR , EMPACOTAMENTO: VÁCUO ","n_combinacoes_unidade","2022-01",2022-01-01,4,3.70712814484254,0.292871855157457,FALSE,0.0339,0.3613,0.9252,"","II"
606522,"CAFÉ, APRESENTAÇÃO: TORRADO MOÍDO , INTENSIDADE: INTENSA OU EXTRA FORTE , TIPO: SUPERIOR , EMPACOTAMENTO: VÁCUO ","n_combinacoes_unidade","2022-02",2022-02-01,4,4.69473809024446,-0.694738090244459,FALSE,0.0339,0.3613,0.9252,"","II"
606522,"CAFÉ, APRESENTAÇÃO: TORRADO MOÍDO , INTENSIDADE: INTENSA OU EXTRA FORTE , TIPO: SUPERIOR , EMPACOTAMENTO: VÁCUO ","n_combinacoes_unidade","2022-03",2022-03-01,3,4.48397505026365,-1.48397505026365,FALSE,0.0339,0.3613,0.9252,"","II"
606522,"CAFÉ, APRESENTAÇÃO: TORRADO MOÍDO , INTENSIDADE: INTENSA OU EXTRA FORTE , TIPO: SUPERIOR , EMPACOTAMENTO: VÁCUO ","n_combinacoes_unidade","2022-04",2022-04-01,4,4.93615435928016,-0.936154359280161,FALSE,0.0339,0.3613,0.9252,"","II"
606522,"CAFÉ, APRESENTAÇÃO: TORRADO MOÍDO , INTENSIDADE: INTENSA OU EXTRA FORTE , TIPO: SUPERIOR , EMPACOTAMENTO: VÁCUO ","n_combinacoes_unidade","2022-05",2022-05-01,6,5.45524132423661,0.544758675763386,FALSE,0.0339,0.3613,0.9252,"","II"
606522,"CAFÉ, APRESENTAÇÃO: TORRADO MOÍDO , INTENSIDADE: INTENSA OU EXTRA FORTE , TIPO: SUPERIOR , EMPACOTAMENTO: VÁCUO ","n_combinacoes_unidade","2022-06",2022-06-01,4,4.94881896662702,-0.948818966627021,FALSE,0.0339,0.3613,0.9252,"","II"
606522,"CAFÉ, APRESENTAÇÃO: TORRADO MOÍDO , INTENSIDADE: INTENSA OU EXTRA FORTE , TIPO: SUPERIOR , EMPACOTAMENTO: VÁCUO ","n_combinacoes_unidade","2022-07",2022-07-01,6,4.98506571564144,1.01493428435856,FALSE,0.0339,0.3613,0.9252,"","II"
606522,"CAFÉ, APRESENTAÇÃO: TORRADO MOÍDO , INTENSIDADE: INTENSA OU EXTRA FORTE , TIPO: SUPERIOR , EMPACOTAMENTO: VÁCUO ","n_combinacoes_unidade","2022-08",2022-08-01,6,4.99541644386243,1.00458355613757,FALSE,0.0339,0.3613,0.9252,"","II"
606522,"CAFÉ, APRESENTAÇÃO: TORRADO MOÍDO , INTENSIDADE: INTENSA OU EXTRA FORTE , TIPO: SUPERIOR , EMPACOTAMENTO: VÁCUO ","n_combinacoes_unidade","2022-09",2022-09-01,6,4.73417473324047,1.26582526675953,FALSE,0.0339,0.3613,0.9252,"","II"
606522,"CAFÉ, APRESENTAÇÃO: TORRADO MOÍDO , INTENSIDADE: INTENSA OU EXTRA FORTE , TIPO: SUPERIOR , EMPACOTAMENTO: VÁCUO ","n_combinacoes_unidade","2022-10",2022-10-01,4,4.46068276250327,-0.460682762503268,FALSE,0.0339,0.3613,0.9252,"","II"
606522,"CAFÉ, APRESENTAÇÃO: TORRADO MOÍDO , INTENSIDADE: INTENSA OU EXTRA FORTE , TIPO: SUPERIOR , EMPACOTAMENTO: VÁCUO ","n_combinacoes_unidade","2022-11",2022-11-01,6,5.3256798713031,0.674320128696904,FALSE,0.0339,0.3613,0.9252,"","II"
606522,"CAFÉ, APRESENTAÇÃO: TORRADO MOÍDO , INTENSIDADE: INTENSA OU EXTRA FORTE , TIPO: SUPERIOR , EMPACOTAMENTO: VÁCUO ","n_combinacoes_unidade","2022-12",2022-12-01,4,4.25355576417042,-0.253555764170417,FALSE,0.0339,0.3613,0.9252,"","II"
606522,"CAFÉ, APRESENTAÇÃO: TORRADO MOÍDO , INTENSIDADE: INTENSA OU EXTRA FORTE , TIPO: SUPERIOR , EMPACOTAMENTO: VÁCUO ","n_combinacoes_unidade","2023-01",2023-01-01,5,4.28457377469336,0.715426225306635,FALSE,0.0339,0.3613,0.9252,"","II"
606522,"CAFÉ, APRESENTAÇÃO: TORRADO MOÍDO , INTENSIDADE: INTENSA OU EXTRA FORTE , TIPO: SUPERIOR , EMPACOTAMENTO: VÁCUO ","n_combinacoes_unidade","2023-02",2023-02-01,4,4.3161752903129,-0.316175290312902,FALSE,0.0339,0.3613,0.9252,"","II"
606522,"CAFÉ, APRESENTAÇÃO: TORRADO MOÍDO , INTENSIDADE: INTENSA OU EXTRA FORTE , TIPO: SUPERIOR , EMPACOTAMENTO: VÁCUO ","n_combinacoes_unidade","2023-03",2023-03-01,4,4.67149920537772,-0.671499205377724,FALSE,0.0339,0.3613,0.9252,"","II"
606522,"CAFÉ, APRESENTAÇÃO: TORRADO MOÍDO , INTENSIDADE: INTENSA OU EXTRA FORTE , TIPO: SUPERIOR , EMPACOTAMENTO: VÁCUO ","n_combinacoes_unidade","2023-04",2023-04-01,5,4.71143563549677,0.28856436450323,FALSE,0.0339,0.3613,0.9252,"","II"
606522,"CAFÉ, APRESENTAÇÃO: TORRADO MOÍDO , INTENSIDADE: INTENSA OU EXTRA FORTE , TIPO: SUPERIOR , EMPACOTAMENTO: VÁCUO ","n_combinacoes_unidade","2023-05",2023-05-01,5,4.70701071644341,0.292989283556592,FALSE,0.0339,0.3613,0.9252,"","II"
606522,"CAFÉ, APRESENTAÇÃO: TORRADO MOÍDO , INTENSIDADE: INTENSA OU EXTRA FORTE , TIPO: SUPERIOR , EMPACOTAMENTO: VÁCUO ","n_combinacoes_unidade","2023-06",2023-06-01,3,4.89961514924404,-1.89961514924404,FALSE,0.0339,0.3613,0.9252,"","II"
606522,"CAFÉ, APRESENTAÇÃO: TORRADO MOÍDO , INTENSIDADE: INTENSA OU EXTRA FORTE , TIPO: SUPERIOR , EMPACOTAMENTO: VÁCUO ","n_combinacoes_unidade","2023-07",2023-07-01,5,4.80827058498889,0.19172941501111,FALSE,0.0339,0.3613,0.9252,"","II"
606522,"CAFÉ, APRESENTAÇÃO: TORRADO MOÍDO , INTENSIDADE: INTENSA OU EXTRA FORTE , TIPO: SUPERIOR , EMPACOTAMENTO: VÁCUO ","n_combinacoes_unidade","2023-08",2023-08-01,5,5.14721855067293,-0.147218550672928,TRUE,0.0339,0.3613,0.9252,"","II"
606522,"CAFÉ, APRESENTAÇÃO: TORRADO MOÍDO , INTENSIDADE: INTENSA OU EXTRA FORTE , TIPO: SUPERIOR , EMPACOTAMENTO: VÁCUO ","n_combinacoes_unidade","2023-09",2023-09-01,3,4.70249318366744,-1.70249318366744,TRUE,0.0339,0.3613,0.9252,"","II"
606522,"CAFÉ, APRESENTAÇÃO: TORRADO MOÍDO , INTENSIDADE: INTENSA OU EXTRA FORTE , TIPO: SUPERIOR , EMPACOTAMENTO: VÁCUO ","n_combinacoes_unidade","2023-10",2023-10-01,3,4.60173513220758,-1.60173513220758,TRUE,0.0339,0.3613,0.9252,"","II"
606522,"CAFÉ, APRESENTAÇÃO: TORRADO MOÍDO , INTENSIDADE: INTENSA OU EXTRA FORTE , TIPO: SUPERIOR , EMPACOTAMENTO: VÁCUO ","n_combinacoes_unidade","2023-11",2023-11-01,3,4.55213334802118,-1.55213334802118,TRUE,0.0339,0.3613,0.9252,"","II"
606522,"CAFÉ, APRESENTAÇÃO: TORRADO MOÍDO , INTENSIDADE: INTENSA OU EXTRA FORTE , TIPO: SUPERIOR , EMPACOTAMENTO: VÁCUO ","n_combinacoes_unidade","2023-12",2023-12-01,6,4.62797270767315,1.37202729232685,TRUE,0.0339,0.3613,0.9252,"","II"
606522,"CAFÉ, APRESENTAÇÃO: TORRADO MOÍDO , INTENSIDADE: INTENSA OU EXTRA FORTE , TIPO: SUPERIOR , EMPACOTAMENTO: VÁCUO ","n_combinacoes_unidade","2024-01",2024-01-01,3,4.54974434487852,-1.54974434487852,TRUE,0.0339,0.3613,0.9252,"","II"
606522,"CAFÉ, APRESENTAÇÃO: TORRADO MOÍDO , INTENSIDADE: INTENSA OU EXTRA FORTE , TIPO: SUPERIOR , EMPACOTAMENTO: VÁCUO ","n_combinacoes_unidade","2024-02",2024-02-01,3,4.55666287246291,-1.55666287246291,TRUE,0.0339,0.3613,0.9252,"","II"
606522,"CAFÉ, APRESENTAÇÃO: TORRADO MOÍDO , INTENSIDADE: INTENSA OU EXTRA FORTE , TIPO: SUPERIOR , EMPACOTAMENTO: VÁCUO ","n_combinacoes_unidade","2024-03",2024-03-01,4,4.41761129200104,-0.417611292001043,TRUE,0.0339,0.3613,0.9252,"","II"
606522,"CAFÉ, APRESENTAÇÃO: TORRADO MOÍDO , INTENSIDADE: INTENSA OU EXTRA FORTE , TIPO: SUPERIOR , EMPACOTAMENTO: VÁCUO ","n_combinacoes_unidade","2024-04",2024-04-01,6,3.75395100833328,2.24604899166672,TRUE,0.0339,0.3613,0.9252,"","II"
606522,"CAFÉ, APRESENTAÇÃO: TORRADO MOÍDO , INTENSIDADE: INTENSA OU EXTRA FORTE , TIPO: SUPERIOR , EMPACOTAMENTO: VÁCUO ","n_combinacoes_unidade","2024-05",2024-05-01,5,4.19379200907415,0.806207990925845,TRUE,0.0339,0.3613,0.9252,"","II"
606522,"CAFÉ, APRESENTAÇÃO: TORRADO MOÍDO , INTENSIDADE: INTENSA OU EXTRA FORTE , TIPO: SUPERIOR , EMPACOTAMENTO: VÁCUO ","n_combinacoes_unidade","2024-06",2024-06-01,5,4.30893724048486,0.691062759515144,TRUE,0.0339,0.3613,0.9252,"","II"
606522,"CAFÉ, APRESENTAÇÃO: TORRADO MOÍDO , INTENSIDADE: INTENSA OU EXTRA FORTE , TIPO: SUPERIOR , EMPACOTAMENTO: VÁCUO ","n_combinacoes_unidade","2024-07",2024-07-01,6,4.98872222214263,1.01127777785737,TRUE,0.0339,0.3613,0.9252,"","II"
606522,"CAFÉ, APRESENTAÇÃO: TORRADO MOÍDO , INTENSIDADE: INTENSA OU EXTRA FORTE , TIPO: SUPERIOR , EMPACOTAMENTO: VÁCUO ","n_combinacoes_unidade","2024-08",2024-08-01,3,4.78755052293894,-1.78755052293894,TRUE,0.0339,0.3613,0.9252,"","II"
606522,"CAFÉ, APRESENTAÇÃO: TORRADO MOÍDO , INTENSIDADE: INTENSA OU EXTRA FORTE , TIPO: SUPERIOR , EMPACOTAMENTO: VÁCUO ","n_combinacoes_unidade","2024-09",2024-09-01,7,5.01789590983806,1.98210409016194,TRUE,0.0339,0.3613,0.9252,"","II"
606522,"CAFÉ, APRESENTAÇÃO: TORRADO MOÍDO , INTENSIDADE: INTENSA OU EXTRA FORTE , TIPO: SUPERIOR , EMPACOTAMENTO: VÁCUO ","n_combinacoes_unidade","2024-10",2024-10-01,6,5.11360540156424,0.886394598435757,TRUE,0.0339,0.3613,0.9252,"","II"
606522,"CAFÉ, APRESENTAÇÃO: TORRADO MOÍDO , INTENSIDADE: INTENSA OU EXTRA FORTE , TIPO: SUPERIOR , EMPACOTAMENTO: VÁCUO ","n_combinacoes_unidade","2024-11",2024-11-01,4,4.60760682313723,-0.607606823137234,TRUE,0.0339,0.3613,0.9252,"","II"
606522,"CAFÉ, APRESENTAÇÃO: TORRADO MOÍDO , INTENSIDADE: INTENSA OU EXTRA FORTE , TIPO: SUPERIOR , EMPACOTAMENTO: VÁCUO ","n_combinacoes_unidade","2024-12",2024-12-01,6,4.49330748307785,1.50669251692215,TRUE,0.0339,0.3613,0.9252,"","II"
606522,"CAFÉ, APRESENTAÇÃO: TORRADO MOÍDO , INTENSIDADE: INTENSA OU EXTRA FORTE , TIPO: SUPERIOR , EMPACOTAMENTO: VÁCUO ","n_combinacoes_unidade","2025-01",2025-01-01,4,4.6098246741721,-0.6098246741721,TRUE,0.0339,0.3613,0.9252,"","II"
606522,"CAFÉ, APRESENTAÇÃO: TORRADO MOÍDO , INTENSIDADE: INTENSA OU EXTRA FORTE , TIPO: SUPERIOR , EMPACOTAMENTO: VÁCUO ","n_combinacoes_unidade","2025-02",2025-02-01,6,4.60894890221107,1.39105109778893,TRUE,0.0339,0.3613,0.9252,"","II"
606522,"CAFÉ, APRESENTAÇÃO: TORRADO MOÍDO , INTENSIDADE: INTENSA OU EXTRA FORTE , TIPO: SUPERIOR , EMPACOTAMENTO: VÁCUO ","n_combinacoes_unidade","2025-03",2025-03-01,3,4.35635819474675,-1.35635819474675,TRUE,0.0339,0.3613,0.9252,"","II"
606522,"CAFÉ, APRESENTAÇÃO: TORRADO MOÍDO , INTENSIDADE: INTENSA OU EXTRA FORTE , TIPO: SUPERIOR , EMPACOTAMENTO: VÁCUO ","n_combinacoes_unidade","2025-04",2025-04-01,5,4.89302420098004,0.106975799019956,TRUE,0.0339,0.3613,0.9252,"","II"
606522,"CAFÉ, APRESENTAÇÃO: TORRADO MOÍDO , INTENSIDADE: INTENSA OU EXTRA FORTE , TIPO: SUPERIOR , EMPACOTAMENTO: VÁCUO ","n_combinacoes_unidade","2025-05",2025-05-01,4,4.8264395349383,-0.826439534938304,TRUE,0.0339,0.3613,0.9252,"","II"
606522,"CAFÉ, APRESENTAÇÃO: TORRADO MOÍDO , INTENSIDADE: INTENSA OU EXTRA FORTE , TIPO: SUPERIOR , EMPACOTAMENTO: VÁCUO ","n_combinacoes_unidade","2025-06",2025-06-01,5,4.44803854668739,0.551961453312609,TRUE,0.0339,0.3613,0.9252,"","II"
606522,"CAFÉ, APRESENTAÇÃO: TORRADO MOÍDO , INTENSIDADE: INTENSA OU EXTRA FORTE , TIPO: SUPERIOR , EMPACOTAMENTO: VÁCUO ","n_combinacoes_unidade","2025-07",2025-07-01,6,4.78642184141951,1.21357815858049,TRUE,0.0339,0.3613,0.9252,"","II"
606522,"CAFÉ, APRESENTAÇÃO: TORRADO MOÍDO , INTENSIDADE: INTENSA OU EXTRA FORTE , TIPO: SUPERIOR , EMPACOTAMENTO: VÁCUO ","n_combinacoes_unidade","2025-08",2025-08-01,4,4.81190396432027,-0.811903964320267,TRUE,0.0339,0.3613,0.9252,"","II"
606522,"CAFÉ, APRESENTAÇÃO: TORRADO MOÍDO , INTENSIDADE: INTENSA OU EXTRA FORTE , TIPO: SUPERIOR , EMPACOTAMENTO: VÁCUO ","n_combinacoes_unidade","2025-09",2025-09-01,6,4.88888430406453,1.11111569593547,TRUE,0.0339,0.3613,0.9252,"","II"
606522,"CAFÉ, APRESENTAÇÃO: TORRADO MOÍDO , INTENSIDADE: INTENSA OU EXTRA FORTE , TIPO: SUPERIOR , EMPACOTAMENTO: VÁCUO ","n_combinacoes_unidade","2025-10",2025-10-01,5,4.96072817209708,0.0392718279029225,TRUE,0.0339,0.3613,0.9252,"","II"
606522,"CAFÉ, APRESENTAÇÃO: TORRADO MOÍDO , INTENSIDADE: INTENSA OU EXTRA FORTE , TIPO: SUPERIOR , EMPACOTAMENTO: VÁCUO ","n_combinacoes_unidade","2025-11",2025-11-01,5,4.75993911050541,0.240060889494589,TRUE,0.0339,0.3613,0.9252,"","II"
606522,"CAFÉ, APRESENTAÇÃO: TORRADO MOÍDO , INTENSIDADE: INTENSA OU EXTRA FORTE , TIPO: SUPERIOR , EMPACOTAMENTO: VÁCUO ","n_combinacoes_unidade","2025-12",2025-12-01,5,4.64522189791526,0.354778102084739,TRUE,0.0339,0.3613,0.9252,"","II"
606522,"CAFÉ, APRESENTAÇÃO: TORRADO MOÍDO , INTENSIDADE: INTENSA OU EXTRA FORTE , TIPO: SUPERIOR , EMPACOTAMENTO: VÁCUO ","n_fornecedores","2021-12",2021-12-01,29,21.3700508815802,7.62994911841982,FALSE,1.1319,1.3674,0.4078,"","III"
606522,"CAFÉ, APRESENTAÇÃO: TORRADO MOÍDO , INTENSIDADE: INTENSA OU EXTRA FORTE , TIPO: SUPERIOR , EMPACOTAMENTO: VÁCUO ","n_fornecedores","2022-01",2022-01-01,8,7.38104831954463,0.618951680455369,FALSE,1.1319,1.3674,0.4078,"","III"
606522,"CAFÉ, APRESENTAÇÃO: TORRADO MOÍDO , INTENSIDADE: INTENSA OU EXTRA FORTE , TIPO: SUPERIOR , EMPACOTAMENTO: VÁCUO ","n_fornecedores","2022-02",2022-02-01,16,12.2866141565065,3.71338584349355,FALSE,1.1319,1.3674,0.4078,"","III"
606522,"CAFÉ, APRESENTAÇÃO: TORRADO MOÍDO , INTENSIDADE: INTENSA OU EXTRA FORTE , TIPO: SUPERIOR , EMPACOTAMENTO: VÁCUO ","n_fornecedores","2022-03",2022-03-01,19,15.2680937689578,3.73190623104221,FALSE,1.1319,1.3674,0.4078,"","III"
606522,"CAFÉ, APRESENTAÇÃO: TORRADO MOÍDO , INTENSIDADE: INTENSA OU EXTRA FORTE , TIPO: SUPERIOR , EMPACOTAMENTO: VÁCUO ","n_fornecedores","2022-04",2022-04-01,20,17.5659767459517,2.43402325404834,FALSE,1.1319,1.3674,0.4078,"","III"
606522,"CAFÉ, APRESENTAÇÃO: TORRADO MOÍDO , INTENSIDADE: INTENSA OU EXTRA FORTE , TIPO: SUPERIOR , EMPACOTAMENTO: VÁCUO ","n_fornecedores","2022-05",2022-05-01,28,22.0384000130001,5.96159998699992,FALSE,1.1319,1.3674,0.4078,"","III"
606522,"CAFÉ, APRESENTAÇÃO: TORRADO MOÍDO , INTENSIDADE: INTENSA OU EXTRA FORTE , TIPO: SUPERIOR , EMPACOTAMENTO: VÁCUO ","n_fornecedores","2022-06",2022-06-01,21,23.1521009295771,-2.15210092957709,FALSE,1.1319,1.3674,0.4078,"","III"
606522,"CAFÉ, APRESENTAÇÃO: TORRADO MOÍDO , INTENSIDADE: INTENSA OU EXTRA FORTE , TIPO: SUPERIOR , EMPACOTAMENTO: VÁCUO ","n_fornecedores","2022-07",2022-07-01,23,21.3345876007806,1.6654123992194,FALSE,1.1319,1.3674,0.4078,"","III"
606522,"CAFÉ, APRESENTAÇÃO: TORRADO MOÍDO , INTENSIDADE: INTENSA OU EXTRA FORTE , TIPO: SUPERIOR , EMPACOTAMENTO: VÁCUO ","n_fornecedores","2022-08",2022-08-01,19,19.5869649454817,-0.586964945481704,FALSE,1.1319,1.3674,0.4078,"","III"
606522,"CAFÉ, APRESENTAÇÃO: TORRADO MOÍDO , INTENSIDADE: INTENSA OU EXTRA FORTE , TIPO: SUPERIOR , EMPACOTAMENTO: VÁCUO ","n_fornecedores","2022-09",2022-09-01,25,18.2203362931837,6.77966370681629,FALSE,1.1319,1.3674,0.4078,"","III"
606522,"CAFÉ, APRESENTAÇÃO: TORRADO MOÍDO , INTENSIDADE: INTENSA OU EXTRA FORTE , TIPO: SUPERIOR , EMPACOTAMENTO: VÁCUO ","n_fornecedores","2022-10",2022-10-01,14,16.7019781970239,-2.70197819702394,FALSE,1.1319,1.3674,0.4078,"","III"
606522,"CAFÉ, APRESENTAÇÃO: TORRADO MOÍDO , INTENSIDADE: INTENSA OU EXTRA FORTE , TIPO: SUPERIOR , EMPACOTAMENTO: VÁCUO ","n_fornecedores","2022-11",2022-11-01,18,22.0781990277991,-4.07819902779913,FALSE,1.1319,1.3674,0.4078,"","III"
606522,"CAFÉ, APRESENTAÇÃO: TORRADO MOÍDO , INTENSIDADE: INTENSA OU EXTRA FORTE , TIPO: SUPERIOR , EMPACOTAMENTO: VÁCUO ","n_fornecedores","2022-12",2022-12-01,16,15.9144984398646,0.0855015601354001,FALSE,1.1319,1.3674,0.4078,"","III"
606522,"CAFÉ, APRESENTAÇÃO: TORRADO MOÍDO , INTENSIDADE: INTENSA OU EXTRA FORTE , TIPO: SUPERIOR , EMPACOTAMENTO: VÁCUO ","n_fornecedores","2023-01",2023-01-01,12,12.1640381581876,-0.164038158187624,FALSE,1.1319,1.3674,0.4078,"","III"
606522,"CAFÉ, APRESENTAÇÃO: TORRADO MOÍDO , INTENSIDADE: INTENSA OU EXTRA FORTE , TIPO: SUPERIOR , EMPACOTAMENTO: VÁCUO ","n_fornecedores","2023-02",2023-02-01,16,18.230211470415,-2.23021147041501,FALSE,1.1319,1.3674,0.4078,"","III"
606522,"CAFÉ, APRESENTAÇÃO: TORRADO MOÍDO , INTENSIDADE: INTENSA OU EXTRA FORTE , TIPO: SUPERIOR , EMPACOTAMENTO: VÁCUO ","n_fornecedores","2023-03",2023-03-01,15,17.6581859294289,-2.65818592942895,FALSE,1.1319,1.3674,0.4078,"","III"
606522,"CAFÉ, APRESENTAÇÃO: TORRADO MOÍDO , INTENSIDADE: INTENSA OU EXTRA FORTE , TIPO: SUPERIOR , EMPACOTAMENTO: VÁCUO ","n_fornecedores","2023-04",2023-04-01,20,16.6756068777812,3.32439312221879,FALSE,1.1319,1.3674,0.4078,"","III"
606522,"CAFÉ, APRESENTAÇÃO: TORRADO MOÍDO , INTENSIDADE: INTENSA OU EXTRA FORTE , TIPO: SUPERIOR , EMPACOTAMENTO: VÁCUO ","n_fornecedores","2023-05",2023-05-01,22,17.5542079128221,4.44579208717787,FALSE,1.1319,1.3674,0.4078,"","III"
606522,"CAFÉ, APRESENTAÇÃO: TORRADO MOÍDO , INTENSIDADE: INTENSA OU EXTRA FORTE , TIPO: SUPERIOR , EMPACOTAMENTO: VÁCUO ","n_fornecedores","2023-06",2023-06-01,22,21.6882456452626,0.311754354737378,FALSE,1.1319,1.3674,0.4078,"","III"
606522,"CAFÉ, APRESENTAÇÃO: TORRADO MOÍDO , INTENSIDADE: INTENSA OU EXTRA FORTE , TIPO: SUPERIOR , EMPACOTAMENTO: VÁCUO ","n_fornecedores","2023-07",2023-07-01,12,16.1477283994859,-4.14772839948592,FALSE,1.1319,1.3674,0.4078,"","III"
606522,"CAFÉ, APRESENTAÇÃO: TORRADO MOÍDO , INTENSIDADE: INTENSA OU EXTRA FORTE , TIPO: SUPERIOR , EMPACOTAMENTO: VÁCUO ","n_fornecedores","2023-08",2023-08-01,19,21.2197057314994,-2.21970573149943,TRUE,1.1319,1.3674,0.4078,"","III"
606522,"CAFÉ, APRESENTAÇÃO: TORRADO MOÍDO , INTENSIDADE: INTENSA OU EXTRA FORTE , TIPO: SUPERIOR , EMPACOTAMENTO: VÁCUO ","n_fornecedores","2023-09",2023-09-01,20,15.7460357795906,4.25396422040942,TRUE,1.1319,1.3674,0.4078,"","III"
606522,"CAFÉ, APRESENTAÇÃO: TORRADO MOÍDO , INTENSIDADE: INTENSA OU EXTRA FORTE , TIPO: SUPERIOR , EMPACOTAMENTO: VÁCUO ","n_fornecedores","2023-10",2023-10-01,25,16.6029473120012,8.39705268799878,TRUE,1.1319,1.3674,0.4078,"","III"
606522,"CAFÉ, APRESENTAÇÃO: TORRADO MOÍDO , INTENSIDADE: INTENSA OU EXTRA FORTE , TIPO: SUPERIOR , EMPACOTAMENTO: VÁCUO ","n_fornecedores","2023-11",2023-11-01,20,17.275390224273,2.72460977572699,TRUE,1.1319,1.3674,0.4078,"","III"
606522,"CAFÉ, APRESENTAÇÃO: TORRADO MOÍDO , INTENSIDADE: INTENSA OU EXTRA FORTE , TIPO: SUPERIOR , EMPACOTAMENTO: VÁCUO ","n_fornecedores","2023-12",2023-12-01,24,19.0577628112694,4.94223718873058,TRUE,1.1319,1.3674,0.4078,"","III"
606522,"CAFÉ, APRESENTAÇÃO: TORRADO MOÍDO , INTENSIDADE: INTENSA OU EXTRA FORTE , TIPO: SUPERIOR , EMPACOTAMENTO: VÁCUO ","n_fornecedores","2024-01",2024-01-01,10,12.2821863661647,-2.28218636616468,TRUE,1.1319,1.3674,0.4078,"","III"
606522,"CAFÉ, APRESENTAÇÃO: TORRADO MOÍDO , INTENSIDADE: INTENSA OU EXTRA FORTE , TIPO: SUPERIOR , EMPACOTAMENTO: VÁCUO ","n_fornecedores","2024-02",2024-02-01,13,14.3427912242541,-1.34279122425415,TRUE,1.1319,1.3674,0.4078,"","III"
606522,"CAFÉ, APRESENTAÇÃO: TORRADO MOÍDO , INTENSIDADE: INTENSA OU EXTRA FORTE , TIPO: SUPERIOR , EMPACOTAMENTO: VÁCUO ","n_fornecedores","2024-03",2024-03-01,18,12.7371879170605,5.26281208293947,TRUE,1.1319,1.3674,0.4078,"","III"
606522,"CAFÉ, APRESENTAÇÃO: TORRADO MOÍDO , INTENSIDADE: INTENSA OU EXTRA FORTE , TIPO: SUPERIOR , EMPACOTAMENTO: VÁCUO ","n_fornecedores","2024-04",2024-04-01,14,13.6124351411844,0.387564858815649,TRUE,1.1319,1.3674,0.4078,"","III"
606522,"CAFÉ, APRESENTAÇÃO: TORRADO MOÍDO , INTENSIDADE: INTENSA OU EXTRA FORTE , TIPO: SUPERIOR , EMPACOTAMENTO: VÁCUO ","n_fornecedores","2024-05",2024-05-01,18,13.6247455413507,4.3752544586493,TRUE,1.1319,1.3674,0.4078,"","III"
606522,"CAFÉ, APRESENTAÇÃO: TORRADO MOÍDO , INTENSIDADE: INTENSA OU EXTRA FORTE , TIPO: SUPERIOR , EMPACOTAMENTO: VÁCUO ","n_fornecedores","2024-06",2024-06-01,16,13.5645002134885,2.43549978651146,TRUE,1.1319,1.3674,0.4078,"","III"
606522,"CAFÉ, APRESENTAÇÃO: TORRADO MOÍDO , INTENSIDADE: INTENSA OU EXTRA FORTE , TIPO: SUPERIOR , EMPACOTAMENTO: VÁCUO ","n_fornecedores","2024-07",2024-07-01,24,19.073812871902,4.926187128098,TRUE,1.1319,1.3674,0.4078,"","III"
606522,"CAFÉ, APRESENTAÇÃO: TORRADO MOÍDO , INTENSIDADE: INTENSA OU EXTRA FORTE , TIPO: SUPERIOR , EMPACOTAMENTO: VÁCUO ","n_fornecedores","2024-08",2024-08-01,18,16.6395148008647,1.36048519913526,TRUE,1.1319,1.3674,0.4078,"","III"
606522,"CAFÉ, APRESENTAÇÃO: TORRADO MOÍDO , INTENSIDADE: INTENSA OU EXTRA FORTE , TIPO: SUPERIOR , EMPACOTAMENTO: VÁCUO ","n_fornecedores","2024-09",2024-09-01,18,16.7359907446542,1.26400925534583,TRUE,1.1319,1.3674,0.4078,"","III"
606522,"CAFÉ, APRESENTAÇÃO: TORRADO MOÍDO , INTENSIDADE: INTENSA OU EXTRA FORTE , TIPO: SUPERIOR , EMPACOTAMENTO: VÁCUO ","n_fornecedores","2024-10",2024-10-01,27,20.0055046028108,6.9944953971892,TRUE,1.1319,1.3674,0.4078,"","III"
606522,"CAFÉ, APRESENTAÇÃO: TORRADO MOÍDO , INTENSIDADE: INTENSA OU EXTRA FORTE , TIPO: SUPERIOR , EMPACOTAMENTO: VÁCUO ","n_fornecedores","2024-11",2024-11-01,14,17.4140624479012,-3.4140624479012,TRUE,1.1319,1.3674,0.4078,"","III"
606522,"CAFÉ, APRESENTAÇÃO: TORRADO MOÍDO , INTENSIDADE: INTENSA OU EXTRA FORTE , TIPO: SUPERIOR , EMPACOTAMENTO: VÁCUO ","n_fornecedores","2024-12",2024-12-01,16,18.7937769903856,-2.79377699038564,TRUE,1.1319,1.3674,0.4078,"","III"
606522,"CAFÉ, APRESENTAÇÃO: TORRADO MOÍDO , INTENSIDADE: INTENSA OU EXTRA FORTE , TIPO: SUPERIOR , EMPACOTAMENTO: VÁCUO ","n_fornecedores","2025-01",2025-01-01,14,14.6027710107185,-0.60277101071852,TRUE,1.1319,1.3674,0.4078,"","III"
606522,"CAFÉ, APRESENTAÇÃO: TORRADO MOÍDO , INTENSIDADE: INTENSA OU EXTRA FORTE , TIPO: SUPERIOR , EMPACOTAMENTO: VÁCUO ","n_fornecedores","2025-02",2025-02-01,15,11.5173880977196,3.48261190228044,TRUE,1.1319,1.3674,0.4078,"","III"
606522,"CAFÉ, APRESENTAÇÃO: TORRADO MOÍDO , INTENSIDADE: INTENSA OU EXTRA FORTE , TIPO: SUPERIOR , EMPACOTAMENTO: VÁCUO ","n_fornecedores","2025-03",2025-03-01,3,14.1416740540344,-11.1416740540344,TRUE,1.1319,1.3674,0.4078,"","III"
606522,"CAFÉ, APRESENTAÇÃO: TORRADO MOÍDO , INTENSIDADE: INTENSA OU EXTRA FORTE , TIPO: SUPERIOR , EMPACOTAMENTO: VÁCUO ","n_fornecedores","2025-04",2025-04-01,21,18.7116077759775,2.28839222402252,TRUE,1.1319,1.3674,0.4078,"","III"
606522,"CAFÉ, APRESENTAÇÃO: TORRADO MOÍDO , INTENSIDADE: INTENSA OU EXTRA FORTE , TIPO: SUPERIOR , EMPACOTAMENTO: VÁCUO ","n_fornecedores","2025-05",2025-05-01,17,17.4319487941254,-0.431948794125383,TRUE,1.1319,1.3674,0.4078,"","III"
606522,"CAFÉ, APRESENTAÇÃO: TORRADO MOÍDO , INTENSIDADE: INTENSA OU EXTRA FORTE , TIPO: SUPERIOR , EMPACOTAMENTO: VÁCUO ","n_fornecedores","2025-06",2025-06-01,25,13.6603577238743,11.3396422761257,TRUE,1.1319,1.3674,0.4078,"","III"
606522,"CAFÉ, APRESENTAÇÃO: TORRADO MOÍDO , INTENSIDADE: INTENSA OU EXTRA FORTE , TIPO: SUPERIOR , EMPACOTAMENTO: VÁCUO ","n_fornecedores","2025-07",2025-07-01,15,17.1111229647653,-2.11112296476532,TRUE,1.1319,1.3674,0.4078,"","III"
606522,"CAFÉ, APRESENTAÇÃO: TORRADO MOÍDO , INTENSIDADE: INTENSA OU EXTRA FORTE , TIPO: SUPERIOR , EMPACOTAMENTO: VÁCUO ","n_fornecedores","2025-08",2025-08-01,15,17.9815806541831,-2.98158065418314,TRUE,1.1319,1.3674,0.4078,"","III"
606522,"CAFÉ, APRESENTAÇÃO: TORRADO MOÍDO , INTENSIDADE: INTENSA OU EXTRA FORTE , TIPO: SUPERIOR , EMPACOTAMENTO: VÁCUO ","n_fornecedores","2025-09",2025-09-01,18,19.8419742055306,-1.84197420553062,TRUE,1.1319,1.3674,0.4078,"","III"
606522,"CAFÉ, APRESENTAÇÃO: TORRADO MOÍDO , INTENSIDADE: INTENSA OU EXTRA FORTE , TIPO: SUPERIOR , EMPACOTAMENTO: VÁCUO ","n_fornecedores","2025-10",2025-10-01,16,21.5084446324594,-5.50844463245935,TRUE,1.1319,1.3674,0.4078,"","III"
606522,"CAFÉ, APRESENTAÇÃO: TORRADO MOÍDO , INTENSIDADE: INTENSA OU EXTRA FORTE , TIPO: SUPERIOR , EMPACOTAMENTO: VÁCUO ","n_fornecedores","2025-11",2025-11-01,16,16.8728632546022,-0.872863254602208,TRUE,1.1319,1.3674,0.4078,"","III"
606522,"CAFÉ, APRESENTAÇÃO: TORRADO MOÍDO , INTENSIDADE: INTENSA OU EXTRA FORTE , TIPO: SUPERIOR , EMPACOTAMENTO: VÁCUO ","n_fornecedores","2025-12",2025-12-01,24,18.0644333084583,5.93556669154169,TRUE,1.1319,1.3674,0.4078,"","III"
606523,"CAFÉ, APRESENTAÇÃO: TORRADO EM GRÃO , INTENSIDADE: MÉDIA , TIPO: TRADICIONAL ","median_preco","2021-12",2021-12-01,28.9,29.6734726388032,-0.773472638803153,FALSE,10.2436,2.9603,5e-04,"***","III"
606523,"CAFÉ, APRESENTAÇÃO: TORRADO EM GRÃO , INTENSIDADE: MÉDIA , TIPO: TRADICIONAL ","median_preco","2022-01",2022-01-01,32.36,31.2696226937433,1.09037730625666,FALSE,10.2436,2.9603,5e-04,"***","III"
606523,"CAFÉ, APRESENTAÇÃO: TORRADO EM GRÃO , INTENSIDADE: MÉDIA , TIPO: TRADICIONAL ","median_preco","2022-02",2022-02-01,31.59,30.3190008660484,1.27099913395157,FALSE,10.2436,2.9603,5e-04,"***","III"
606523,"CAFÉ, APRESENTAÇÃO: TORRADO EM GRÃO , INTENSIDADE: MÉDIA , TIPO: TRADICIONAL ","median_preco","2022-03",2022-03-01,32.2,31.3377206965804,0.862279303419644,FALSE,10.2436,2.9603,5e-04,"***","III"
606523,"CAFÉ, APRESENTAÇÃO: TORRADO EM GRÃO , INTENSIDADE: MÉDIA , TIPO: TRADICIONAL ","median_preco","2022-04",2022-04-01,31,30.6982133402652,0.301786659734798,FALSE,10.2436,2.9603,5e-04,"***","III"
606523,"CAFÉ, APRESENTAÇÃO: TORRADO EM GRÃO , INTENSIDADE: MÉDIA , TIPO: TRADICIONAL ","median_preco","2022-05",2022-05-01,32.16,32.3608131872731,-0.200813187273127,FALSE,10.2436,2.9603,5e-04,"***","III"
606523,"CAFÉ, APRESENTAÇÃO: TORRADO EM GRÃO , INTENSIDADE: MÉDIA , TIPO: TRADICIONAL ","median_preco","2022-06",2022-06-01,32.5668,31.5879528521901,0.978847147809901,FALSE,10.2436,2.9603,5e-04,"***","III"
606523,"CAFÉ, APRESENTAÇÃO: TORRADO EM GRÃO , INTENSIDADE: MÉDIA , TIPO: TRADICIONAL ","median_preco","2022-07",2022-07-01,32,32.0835527465467,-0.0835527465467365,FALSE,10.2436,2.9603,5e-04,"***","III"
606523,"CAFÉ, APRESENTAÇÃO: TORRADO EM GRÃO , INTENSIDADE: MÉDIA , TIPO: TRADICIONAL ","median_preco","2022-08",2022-08-01,33.26,32.3203245728076,0.939675427192391,FALSE,10.2436,2.9603,5e-04,"***","III"
606523,"CAFÉ, APRESENTAÇÃO: TORRADO EM GRÃO , INTENSIDADE: MÉDIA , TIPO: TRADICIONAL ","median_preco","2022-09",2022-09-01,33.92,31.4607053005333,2.45929469946671,FALSE,10.2436,2.9603,5e-04,"***","III"
606523,"CAFÉ, APRESENTAÇÃO: TORRADO EM GRÃO , INTENSIDADE: MÉDIA , TIPO: TRADICIONAL ","median_preco","2022-10",2022-10-01,34.78,33.1232661595223,1.65673384047771,FALSE,10.2436,2.9603,5e-04,"***","III"
606523,"CAFÉ, APRESENTAÇÃO: TORRADO EM GRÃO , INTENSIDADE: MÉDIA , TIPO: TRADICIONAL ","median_preco","2022-11",2022-11-01,30.05,30.9518229886964,-0.901822988696424,FALSE,10.2436,2.9603,5e-04,"***","III"
606523,"CAFÉ, APRESENTAÇÃO: TORRADO EM GRÃO , INTENSIDADE: MÉDIA , TIPO: TRADICIONAL ","median_preco","2022-12",2022-12-01,31.89,32.6104033014568,-0.720403301456784,FALSE,10.2436,2.9603,5e-04,"***","III"
606523,"CAFÉ, APRESENTAÇÃO: TORRADO EM GRÃO , INTENSIDADE: MÉDIA , TIPO: TRADICIONAL ","median_preco","2023-01",2023-01-01,28.7,31.8992249012783,-3.19922490127833,FALSE,10.2436,2.9603,5e-04,"***","III"
606523,"CAFÉ, APRESENTAÇÃO: TORRADO EM GRÃO , INTENSIDADE: MÉDIA , TIPO: TRADICIONAL ","median_preco","2023-02",2023-02-01,30.98,31.5656421032563,-0.585642103256326,FALSE,10.2436,2.9603,5e-04,"***","III"
606523,"CAFÉ, APRESENTAÇÃO: TORRADO EM GRÃO , INTENSIDADE: MÉDIA , TIPO: TRADICIONAL ","median_preco","2023-03",2023-03-01,30.4,32.8976670400226,-2.49766704002264,FALSE,10.2436,2.9603,5e-04,"***","III"
606523,"CAFÉ, APRESENTAÇÃO: TORRADO EM GRÃO , INTENSIDADE: MÉDIA , TIPO: TRADICIONAL ","median_preco","2023-04",2023-04-01,30.15,31.4029991144765,-1.25299911447647,FALSE,10.2436,2.9603,5e-04,"***","III"
606523,"CAFÉ, APRESENTAÇÃO: TORRADO EM GRÃO , INTENSIDADE: MÉDIA , TIPO: TRADICIONAL ","median_preco","2023-05",2023-05-01,32,32.5132440446189,-0.513244044618901,FALSE,10.2436,2.9603,5e-04,"***","III"
606523,"CAFÉ, APRESENTAÇÃO: TORRADO EM GRÃO , INTENSIDADE: MÉDIA , TIPO: TRADICIONAL ","median_preco","2023-06",2023-06-01,31.76,31.0585305239102,0.701469476089777,FALSE,10.2436,2.9603,5e-04,"***","III"
606523,"CAFÉ, APRESENTAÇÃO: TORRADO EM GRÃO , INTENSIDADE: MÉDIA , TIPO: TRADICIONAL ","median_preco","2023-07",2023-07-01,30.77,32.6844355952178,-1.91443559521778,FALSE,10.2436,2.9603,5e-04,"***","III"
606523,"CAFÉ, APRESENTAÇÃO: TORRADO EM GRÃO , INTENSIDADE: MÉDIA , TIPO: TRADICIONAL ","median_preco","2023-08",2023-08-01,30.88,32.827353501228,-1.94735350122801,TRUE,10.2436,2.9603,5e-04,"***","III"
606523,"CAFÉ, APRESENTAÇÃO: TORRADO EM GRÃO , INTENSIDADE: MÉDIA , TIPO: TRADICIONAL ","median_preco","2023-09",2023-09-01,26.4,31.1114694402563,-4.71146944025634,TRUE,10.2436,2.9603,5e-04,"***","III"
606523,"CAFÉ, APRESENTAÇÃO: TORRADO EM GRÃO , INTENSIDADE: MÉDIA , TIPO: TRADICIONAL ","median_preco","2023-10",2023-10-01,28.78,30.6290457653651,-1.84904576536505,TRUE,10.2436,2.9603,5e-04,"***","III"
606523,"CAFÉ, APRESENTAÇÃO: TORRADO EM GRÃO , INTENSIDADE: MÉDIA , TIPO: TRADICIONAL ","median_preco","2023-11",2023-11-01,27.98,29.9583299818014,-1.97832998180136,TRUE,10.2436,2.9603,5e-04,"***","III"
606523,"CAFÉ, APRESENTAÇÃO: TORRADO EM GRÃO , INTENSIDADE: MÉDIA , TIPO: TRADICIONAL ","median_preco","2023-12",2023-12-01,27.9,30.4899956175705,-2.5899956175705,TRUE,10.2436,2.9603,5e-04,"***","III"
606523,"CAFÉ, APRESENTAÇÃO: TORRADO EM GRÃO , INTENSIDADE: MÉDIA , TIPO: TRADICIONAL ","median_preco","2024-01",2024-01-01,31.8,30.1544444388937,1.6455555611063,TRUE,10.2436,2.9603,5e-04,"***","III"
606523,"CAFÉ, APRESENTAÇÃO: TORRADO EM GRÃO , INTENSIDADE: MÉDIA , TIPO: TRADICIONAL ","median_preco","2024-02",2024-02-01,27.995,29.812651951088,-1.81765195108802,TRUE,10.2436,2.9603,5e-04,"***","III"
606523,"CAFÉ, APRESENTAÇÃO: TORRADO EM GRÃO , INTENSIDADE: MÉDIA , TIPO: TRADICIONAL ","median_preco","2024-03",2024-03-01,26.365,31.5944959215761,-5.22949592157614,TRUE,10.2436,2.9603,5e-04,"***","III"
606523,"CAFÉ, APRESENTAÇÃO: TORRADO EM GRÃO , INTENSIDADE: MÉDIA , TIPO: TRADICIONAL ","median_preco","2024-04",2024-04-01,31.56,30.887498108057,0.672501891942996,TRUE,10.2436,2.9603,5e-04,"***","III"
606523,"CAFÉ, APRESENTAÇÃO: TORRADO EM GRÃO , INTENSIDADE: MÉDIA , TIPO: TRADICIONAL ","median_preco","2024-05",2024-05-01,28.88,30.7510427303284,-1.87104273032839,TRUE,10.2436,2.9603,5e-04,"***","III"
606523,"CAFÉ, APRESENTAÇÃO: TORRADO EM GRÃO , INTENSIDADE: MÉDIA , TIPO: TRADICIONAL ","median_preco","2024-06",2024-06-01,27.29,31.7590357762275,-4.46903577622746,TRUE,10.2436,2.9603,5e-04,"***","III"
606523,"CAFÉ, APRESENTAÇÃO: TORRADO EM GRÃO , INTENSIDADE: MÉDIA , TIPO: TRADICIONAL ","median_preco","2024-07",2024-07-01,30.9,30.4758001592043,0.424199840795655,TRUE,10.2436,2.9603,5e-04,"***","III"
606523,"CAFÉ, APRESENTAÇÃO: TORRADO EM GRÃO , INTENSIDADE: MÉDIA , TIPO: TRADICIONAL ","median_preco","2024-08",2024-08-01,34.3,32.7476019089879,1.55239809101209,TRUE,10.2436,2.9603,5e-04,"***","III"
606523,"CAFÉ, APRESENTAÇÃO: TORRADO EM GRÃO , INTENSIDADE: MÉDIA , TIPO: TRADICIONAL ","median_preco","2024-09",2024-09-01,33.96,30.7624378158903,3.19756218410971,TRUE,10.2436,2.9603,5e-04,"***","III"
606523,"CAFÉ, APRESENTAÇÃO: TORRADO EM GRÃO , INTENSIDADE: MÉDIA , TIPO: TRADICIONAL ","median_preco","2024-10",2024-10-01,35.49,32.322502466453,3.16749753354696,TRUE,10.2436,2.9603,5e-04,"***","III"
606523,"CAFÉ, APRESENTAÇÃO: TORRADO EM GRÃO , INTENSIDADE: MÉDIA , TIPO: TRADICIONAL ","median_preco","2024-11",2024-11-01,40.44,31.7231777235902,8.71682227640982,TRUE,10.2436,2.9603,5e-04,"***","III"
606523,"CAFÉ, APRESENTAÇÃO: TORRADO EM GRÃO , INTENSIDADE: MÉDIA , TIPO: TRADICIONAL ","median_preco","2024-12",2024-12-01,44.48,33.6156546076064,10.8643453923936,TRUE,10.2436,2.9603,5e-04,"***","III"
606523,"CAFÉ, APRESENTAÇÃO: TORRADO EM GRÃO , INTENSIDADE: MÉDIA , TIPO: TRADICIONAL ","median_preco","2025-01",2025-01-01,45.88,32.764631079062,13.115368920938,TRUE,10.2436,2.9603,5e-04,"***","III"
606523,"CAFÉ, APRESENTAÇÃO: TORRADO EM GRÃO , INTENSIDADE: MÉDIA , TIPO: TRADICIONAL ","median_preco","2025-02",2025-02-01,47.7,32.3771568235391,15.3228431764609,TRUE,10.2436,2.9603,5e-04,"***","III"
606523,"CAFÉ, APRESENTAÇÃO: TORRADO EM GRÃO , INTENSIDADE: MÉDIA , TIPO: TRADICIONAL ","median_preco","2025-03",2025-03-01,56.1,32.7747543501534,23.3252456498466,TRUE,10.2436,2.9603,5e-04,"***","III"
606523,"CAFÉ, APRESENTAÇÃO: TORRADO EM GRÃO , INTENSIDADE: MÉDIA , TIPO: TRADICIONAL ","median_preco","2025-04",2025-04-01,57.8,34.0429675258542,23.7570324741458,TRUE,10.2436,2.9603,5e-04,"***","III"
606523,"CAFÉ, APRESENTAÇÃO: TORRADO EM GRÃO , INTENSIDADE: MÉDIA , TIPO: TRADICIONAL ","median_preco","2025-05",2025-05-01,63.99,32.0648716935635,31.9251283064365,TRUE,10.2436,2.9603,5e-04,"***","III"
606523,"CAFÉ, APRESENTAÇÃO: TORRADO EM GRÃO , INTENSIDADE: MÉDIA , TIPO: TRADICIONAL ","median_preco","2025-06",2025-06-01,63.21,33.6487429196628,29.5612570803371,TRUE,10.2436,2.9603,5e-04,"***","III"
606523,"CAFÉ, APRESENTAÇÃO: TORRADO EM GRÃO , INTENSIDADE: MÉDIA , TIPO: TRADICIONAL ","median_preco","2025-07",2025-07-01,62.16,34.1233866864997,28.0366133135003,TRUE,10.2436,2.9603,5e-04,"***","III"
606523,"CAFÉ, APRESENTAÇÃO: TORRADO EM GRÃO , INTENSIDADE: MÉDIA , TIPO: TRADICIONAL ","median_preco","2025-08",2025-08-01,58.14,32.8199589043803,25.3200410956197,TRUE,10.2436,2.9603,5e-04,"***","III"
606523,"CAFÉ, APRESENTAÇÃO: TORRADO EM GRÃO , INTENSIDADE: MÉDIA , TIPO: TRADICIONAL ","median_preco","2025-09",2025-09-01,63.84,32.8664711853206,30.9735288146794,TRUE,10.2436,2.9603,5e-04,"***","III"
606523,"CAFÉ, APRESENTAÇÃO: TORRADO EM GRÃO , INTENSIDADE: MÉDIA , TIPO: TRADICIONAL ","median_preco","2025-10",2025-10-01,56.48,32.8306841727165,23.6493158272835,TRUE,10.2436,2.9603,5e-04,"***","III"
606523,"CAFÉ, APRESENTAÇÃO: TORRADO EM GRÃO , INTENSIDADE: MÉDIA , TIPO: TRADICIONAL ","median_preco","2025-11",2025-11-01,60.69,35.3680698954114,25.3219301045886,TRUE,10.2436,2.9603,5e-04,"***","III"
606523,"CAFÉ, APRESENTAÇÃO: TORRADO EM GRÃO , INTENSIDADE: MÉDIA , TIPO: TRADICIONAL ","median_preco","2025-12",2025-12-01,56.09,33.1110264344935,22.9789735655065,TRUE,10.2436,2.9603,5e-04,"***","III"
606523,"CAFÉ, APRESENTAÇÃO: TORRADO EM GRÃO , INTENSIDADE: MÉDIA , TIPO: TRADICIONAL ","n_combinacoes_unidade","2021-12",2021-12-01,7,6.61027581709299,0.389724182907014,FALSE,0.2006,0.4879,0.681,"","II"
606523,"CAFÉ, APRESENTAÇÃO: TORRADO EM GRÃO , INTENSIDADE: MÉDIA , TIPO: TRADICIONAL ","n_combinacoes_unidade","2022-01",2022-01-01,6,5.10554608491151,0.89445391508849,FALSE,0.2006,0.4879,0.681,"","II"
606523,"CAFÉ, APRESENTAÇÃO: TORRADO EM GRÃO , INTENSIDADE: MÉDIA , TIPO: TRADICIONAL ","n_combinacoes_unidade","2022-02",2022-02-01,7,6.41826762007443,0.581732379925574,FALSE,0.2006,0.4879,0.681,"","II"
606523,"CAFÉ, APRESENTAÇÃO: TORRADO EM GRÃO , INTENSIDADE: MÉDIA , TIPO: TRADICIONAL ","n_combinacoes_unidade","2022-03",2022-03-01,6,6.17724378712619,-0.177243787126185,FALSE,0.2006,0.4879,0.681,"","II"
606523,"CAFÉ, APRESENTAÇÃO: TORRADO EM GRÃO , INTENSIDADE: MÉDIA , TIPO: TRADICIONAL ","n_combinacoes_unidade","2022-04",2022-04-01,4,6.05641269252025,-2.05641269252025,FALSE,0.2006,0.4879,0.681,"","II"
606523,"CAFÉ, APRESENTAÇÃO: TORRADO EM GRÃO , INTENSIDADE: MÉDIA , TIPO: TRADICIONAL ","n_combinacoes_unidade","2022-05",2022-05-01,6,6.22412074898958,-0.224120748989578,FALSE,0.2006,0.4879,0.681,"","II"
606523,"CAFÉ, APRESENTAÇÃO: TORRADO EM GRÃO , INTENSIDADE: MÉDIA , TIPO: TRADICIONAL ","n_combinacoes_unidade","2022-06",2022-06-01,7,6.84944031953059,0.150559680469406,FALSE,0.2006,0.4879,0.681,"","II"
606523,"CAFÉ, APRESENTAÇÃO: TORRADO EM GRÃO , INTENSIDADE: MÉDIA , TIPO: TRADICIONAL ","n_combinacoes_unidade","2022-07",2022-07-01,6,6.03377758324598,-0.0337775832459801,FALSE,0.2006,0.4879,0.681,"","II"
606523,"CAFÉ, APRESENTAÇÃO: TORRADO EM GRÃO , INTENSIDADE: MÉDIA , TIPO: TRADICIONAL ","n_combinacoes_unidade","2022-08",2022-08-01,7,6.49691878051341,0.503081219486589,FALSE,0.2006,0.4879,0.681,"","II"
606523,"CAFÉ, APRESENTAÇÃO: TORRADO EM GRÃO , INTENSIDADE: MÉDIA , TIPO: TRADICIONAL ","n_combinacoes_unidade","2022-09",2022-09-01,5,5.69576773513209,-0.695767735132095,FALSE,0.2006,0.4879,0.681,"","II"
606523,"CAFÉ, APRESENTAÇÃO: TORRADO EM GRÃO , INTENSIDADE: MÉDIA , TIPO: TRADICIONAL ","n_combinacoes_unidade","2022-10",2022-10-01,6,5.84251044361909,0.157489556380908,FALSE,0.2006,0.4879,0.681,"","II"
606523,"CAFÉ, APRESENTAÇÃO: TORRADO EM GRÃO , INTENSIDADE: MÉDIA , TIPO: TRADICIONAL ","n_combinacoes_unidade","2022-11",2022-11-01,6,6.68179225783576,-0.681792257835763,FALSE,0.2006,0.4879,0.681,"","II"
606523,"CAFÉ, APRESENTAÇÃO: TORRADO EM GRÃO , INTENSIDADE: MÉDIA , TIPO: TRADICIONAL ","n_combinacoes_unidade","2022-12",2022-12-01,6,5.82412524069973,0.175874759300274,FALSE,0.2006,0.4879,0.681,"","II"
606523,"CAFÉ, APRESENTAÇÃO: TORRADO EM GRÃO , INTENSIDADE: MÉDIA , TIPO: TRADICIONAL ","n_combinacoes_unidade","2023-01",2023-01-01,6,5.28844199112768,0.711558008872315,FALSE,0.2006,0.4879,0.681,"","II"
606523,"CAFÉ, APRESENTAÇÃO: TORRADO EM GRÃO , INTENSIDADE: MÉDIA , TIPO: TRADICIONAL ","n_combinacoes_unidade","2023-02",2023-02-01,8,6.20644674541102,1.79355325458898,FALSE,0.2006,0.4879,0.681,"","II"
606523,"CAFÉ, APRESENTAÇÃO: TORRADO EM GRÃO , INTENSIDADE: MÉDIA , TIPO: TRADICIONAL ","n_combinacoes_unidade","2023-03",2023-03-01,6,6.11427688863512,-0.114276888635124,FALSE,0.2006,0.4879,0.681,"","II"
606523,"CAFÉ, APRESENTAÇÃO: TORRADO EM GRÃO , INTENSIDADE: MÉDIA , TIPO: TRADICIONAL ","n_combinacoes_unidade","2023-04",2023-04-01,6,5.86528702425735,0.134712975742654,FALSE,0.2006,0.4879,0.681,"","II"
606523,"CAFÉ, APRESENTAÇÃO: TORRADO EM GRÃO , INTENSIDADE: MÉDIA , TIPO: TRADICIONAL ","n_combinacoes_unidade","2023-05",2023-05-01,6,5.79638803123312,0.203611968766884,FALSE,0.2006,0.4879,0.681,"","II"
606523,"CAFÉ, APRESENTAÇÃO: TORRADO EM GRÃO , INTENSIDADE: MÉDIA , TIPO: TRADICIONAL ","n_combinacoes_unidade","2023-06",2023-06-01,6,6.60691634346132,-0.606916343461315,FALSE,0.2006,0.4879,0.681,"","II"
606523,"CAFÉ, APRESENTAÇÃO: TORRADO EM GRÃO , INTENSIDADE: MÉDIA , TIPO: TRADICIONAL ","n_combinacoes_unidade","2023-07",2023-07-01,6,6.18104834839236,-0.181048348392356,FALSE,0.2006,0.4879,0.681,"","II"
606523,"CAFÉ, APRESENTAÇÃO: TORRADO EM GRÃO , INTENSIDADE: MÉDIA , TIPO: TRADICIONAL ","n_combinacoes_unidade","2023-08",2023-08-01,6,6.42652980240233,-0.426529802402326,TRUE,0.2006,0.4879,0.681,"","II"
606523,"CAFÉ, APRESENTAÇÃO: TORRADO EM GRÃO , INTENSIDADE: MÉDIA , TIPO: TRADICIONAL ","n_combinacoes_unidade","2023-09",2023-09-01,5,6.11708885328386,-1.11708885328386,TRUE,0.2006,0.4879,0.681,"","II"
606523,"CAFÉ, APRESENTAÇÃO: TORRADO EM GRÃO , INTENSIDADE: MÉDIA , TIPO: TRADICIONAL ","n_combinacoes_unidade","2023-10",2023-10-01,7,5.86686470556642,1.13313529443358,TRUE,0.2006,0.4879,0.681,"","II"
606523,"CAFÉ, APRESENTAÇÃO: TORRADO EM GRÃO , INTENSIDADE: MÉDIA , TIPO: TRADICIONAL ","n_combinacoes_unidade","2023-11",2023-11-01,6,6.00891169189711,-0.0089116918971115,TRUE,0.2006,0.4879,0.681,"","II"
606523,"CAFÉ, APRESENTAÇÃO: TORRADO EM GRÃO , INTENSIDADE: MÉDIA , TIPO: TRADICIONAL ","n_combinacoes_unidade","2023-12",2023-12-01,6,5.9645083706554,0.0354916293445999,TRUE,0.2006,0.4879,0.681,"","II"
606523,"CAFÉ, APRESENTAÇÃO: TORRADO EM GRÃO , INTENSIDADE: MÉDIA , TIPO: TRADICIONAL ","n_combinacoes_unidade","2024-01",2024-01-01,5,5.87809652668483,-0.878096526684829,TRUE,0.2006,0.4879,0.681,"","II"
606523,"CAFÉ, APRESENTAÇÃO: TORRADO EM GRÃO , INTENSIDADE: MÉDIA , TIPO: TRADICIONAL ","n_combinacoes_unidade","2024-02",2024-02-01,5,5.83264886298006,-0.83264886298006,TRUE,0.2006,0.4879,0.681,"","II"
606523,"CAFÉ, APRESENTAÇÃO: TORRADO EM GRÃO , INTENSIDADE: MÉDIA , TIPO: TRADICIONAL ","n_combinacoes_unidade","2024-03",2024-03-01,5,5.74164997065919,-0.74164997065919,TRUE,0.2006,0.4879,0.681,"","II"
606523,"CAFÉ, APRESENTAÇÃO: TORRADO EM GRÃO , INTENSIDADE: MÉDIA , TIPO: TRADICIONAL ","n_combinacoes_unidade","2024-04",2024-04-01,7,4.92764727505241,2.07235272494759,TRUE,0.2006,0.4879,0.681,"","II"
606523,"CAFÉ, APRESENTAÇÃO: TORRADO EM GRÃO , INTENSIDADE: MÉDIA , TIPO: TRADICIONAL ","n_combinacoes_unidade","2024-05",2024-05-01,5,5.59055501975758,-0.590555019757584,TRUE,0.2006,0.4879,0.681,"","II"
606523,"CAFÉ, APRESENTAÇÃO: TORRADO EM GRÃO , INTENSIDADE: MÉDIA , TIPO: TRADICIONAL ","n_combinacoes_unidade","2024-06",2024-06-01,5,5.60916838289782,-0.609168382897816,TRUE,0.2006,0.4879,0.681,"","II"
606523,"CAFÉ, APRESENTAÇÃO: TORRADO EM GRÃO , INTENSIDADE: MÉDIA , TIPO: TRADICIONAL ","n_combinacoes_unidade","2024-07",2024-07-01,6,6.39779162161976,-0.397791621619758,TRUE,0.2006,0.4879,0.681,"","II"
606523,"CAFÉ, APRESENTAÇÃO: TORRADO EM GRÃO , INTENSIDADE: MÉDIA , TIPO: TRADICIONAL ","n_combinacoes_unidade","2024-08",2024-08-01,5,5.98842075341358,-0.988420753413577,TRUE,0.2006,0.4879,0.681,"","II"
606523,"CAFÉ, APRESENTAÇÃO: TORRADO EM GRÃO , INTENSIDADE: MÉDIA , TIPO: TRADICIONAL ","n_combinacoes_unidade","2024-09",2024-09-01,7,6.35612891125006,0.643871088749942,TRUE,0.2006,0.4879,0.681,"","II"
606523,"CAFÉ, APRESENTAÇÃO: TORRADO EM GRÃO , INTENSIDADE: MÉDIA , TIPO: TRADICIONAL ","n_combinacoes_unidade","2024-10",2024-10-01,6,6.60638848850624,-0.60638848850624,TRUE,0.2006,0.4879,0.681,"","II"
606523,"CAFÉ, APRESENTAÇÃO: TORRADO EM GRÃO , INTENSIDADE: MÉDIA , TIPO: TRADICIONAL ","n_combinacoes_unidade","2024-11",2024-11-01,7,6.06030666863785,0.939693331362152,TRUE,0.2006,0.4879,0.681,"","II"
606523,"CAFÉ, APRESENTAÇÃO: TORRADO EM GRÃO , INTENSIDADE: MÉDIA , TIPO: TRADICIONAL ","n_combinacoes_unidade","2024-12",2024-12-01,6,5.75836656530904,0.241633434690955,TRUE,0.2006,0.4879,0.681,"","II"
606523,"CAFÉ, APRESENTAÇÃO: TORRADO EM GRÃO , INTENSIDADE: MÉDIA , TIPO: TRADICIONAL ","n_combinacoes_unidade","2025-01",2025-01-01,6,5.56150753106136,0.438492468938637,TRUE,0.2006,0.4879,0.681,"","II"
606523,"CAFÉ, APRESENTAÇÃO: TORRADO EM GRÃO , INTENSIDADE: MÉDIA , TIPO: TRADICIONAL ","n_combinacoes_unidade","2025-02",2025-02-01,8,5.8748238505424,2.1251761494576,TRUE,0.2006,0.4879,0.681,"","II"
606523,"CAFÉ, APRESENTAÇÃO: TORRADO EM GRÃO , INTENSIDADE: MÉDIA , TIPO: TRADICIONAL ","n_combinacoes_unidade","2025-03",2025-03-01,6,5.35359425715675,0.646405742843248,TRUE,0.2006,0.4879,0.681,"","II"
606523,"CAFÉ, APRESENTAÇÃO: TORRADO EM GRÃO , INTENSIDADE: MÉDIA , TIPO: TRADICIONAL ","n_combinacoes_unidade","2025-04",2025-04-01,7,6.08182229044587,0.918177709554129,TRUE,0.2006,0.4879,0.681,"","II"
606523,"CAFÉ, APRESENTAÇÃO: TORRADO EM GRÃO , INTENSIDADE: MÉDIA , TIPO: TRADICIONAL ","n_combinacoes_unidade","2025-05",2025-05-01,6,6.04728380429813,-0.0472838042981278,TRUE,0.2006,0.4879,0.681,"","II"
606523,"CAFÉ, APRESENTAÇÃO: TORRADO EM GRÃO , INTENSIDADE: MÉDIA , TIPO: TRADICIONAL ","n_combinacoes_unidade","2025-06",2025-06-01,7,5.49206085368007,1.50793914631993,TRUE,0.2006,0.4879,0.681,"","II"
606523,"CAFÉ, APRESENTAÇÃO: TORRADO EM GRÃO , INTENSIDADE: MÉDIA , TIPO: TRADICIONAL ","n_combinacoes_unidade","2025-07",2025-07-01,7,5.67188384581069,1.32811615418931,TRUE,0.2006,0.4879,0.681,"","II"
606523,"CAFÉ, APRESENTAÇÃO: TORRADO EM GRÃO , INTENSIDADE: MÉDIA , TIPO: TRADICIONAL ","n_combinacoes_unidade","2025-08",2025-08-01,6,5.86878949820557,0.131210501794433,TRUE,0.2006,0.4879,0.681,"","II"
606523,"CAFÉ, APRESENTAÇÃO: TORRADO EM GRÃO , INTENSIDADE: MÉDIA , TIPO: TRADICIONAL ","n_combinacoes_unidade","2025-09",2025-09-01,6,6.2178572040734,-0.217857204073397,TRUE,0.2006,0.4879,0.681,"","II"
606523,"CAFÉ, APRESENTAÇÃO: TORRADO EM GRÃO , INTENSIDADE: MÉDIA , TIPO: TRADICIONAL ","n_combinacoes_unidade","2025-10",2025-10-01,7,6.28738359446185,0.712616405538152,TRUE,0.2006,0.4879,0.681,"","II"
606523,"CAFÉ, APRESENTAÇÃO: TORRADO EM GRÃO , INTENSIDADE: MÉDIA , TIPO: TRADICIONAL ","n_combinacoes_unidade","2025-11",2025-11-01,6,5.91026574891067,0.0897342510893342,TRUE,0.2006,0.4879,0.681,"","II"
606523,"CAFÉ, APRESENTAÇÃO: TORRADO EM GRÃO , INTENSIDADE: MÉDIA , TIPO: TRADICIONAL ","n_combinacoes_unidade","2025-12",2025-12-01,6,5.6844443436937,0.315555656306301,TRUE,0.2006,0.4879,0.681,"","II"
606523,"CAFÉ, APRESENTAÇÃO: TORRADO EM GRÃO , INTENSIDADE: MÉDIA , TIPO: TRADICIONAL ","n_fornecedores","2021-12",2021-12-01,67,57.0202391336695,9.97976086633052,FALSE,1.9672,2.0072,0.327,"","II"
606523,"CAFÉ, APRESENTAÇÃO: TORRADO EM GRÃO , INTENSIDADE: MÉDIA , TIPO: TRADICIONAL ","n_fornecedores","2022-01",2022-01-01,26,27.0054322072838,-1.00543220728379,FALSE,1.9672,2.0072,0.327,"","II"
606523,"CAFÉ, APRESENTAÇÃO: TORRADO EM GRÃO , INTENSIDADE: MÉDIA , TIPO: TRADICIONAL ","n_fornecedores","2022-02",2022-02-01,38,35.3093680634091,2.69063193659086,FALSE,1.9672,2.0072,0.327,"","II"
606523,"CAFÉ, APRESENTAÇÃO: TORRADO EM GRÃO , INTENSIDADE: MÉDIA , TIPO: TRADICIONAL ","n_fornecedores","2022-03",2022-03-01,34,44.9460694333979,-10.9460694333979,FALSE,1.9672,2.0072,0.327,"","II"
606523,"CAFÉ, APRESENTAÇÃO: TORRADO EM GRÃO , INTENSIDADE: MÉDIA , TIPO: TRADICIONAL ","n_fornecedores","2022-04",2022-04-01,44,42.3038619667351,1.69613803326486,FALSE,1.9672,2.0072,0.327,"","II"
606523,"CAFÉ, APRESENTAÇÃO: TORRADO EM GRÃO , INTENSIDADE: MÉDIA , TIPO: TRADICIONAL ","n_fornecedores","2022-05",2022-05-01,55,52.0533694249636,2.94663057503643,FALSE,1.9672,2.0072,0.327,"","II"
606523,"CAFÉ, APRESENTAÇÃO: TORRADO EM GRÃO , INTENSIDADE: MÉDIA , TIPO: TRADICIONAL ","n_fornecedores","2022-06",2022-06-01,64,55.4024080713488,8.59759192865121,FALSE,1.9672,2.0072,0.327,"","II"
606523,"CAFÉ, APRESENTAÇÃO: TORRADO EM GRÃO , INTENSIDADE: MÉDIA , TIPO: TRADICIONAL ","n_fornecedores","2022-07",2022-07-01,66,55.3631259477415,10.6368740522585,FALSE,1.9672,2.0072,0.327,"","II"
606523,"CAFÉ, APRESENTAÇÃO: TORRADO EM GRÃO , INTENSIDADE: MÉDIA , TIPO: TRADICIONAL ","n_fornecedores","2022-08",2022-08-01,62,51.0848622761381,10.9151377238619,FALSE,1.9672,2.0072,0.327,"","II"
606523,"CAFÉ, APRESENTAÇÃO: TORRADO EM GRÃO , INTENSIDADE: MÉDIA , TIPO: TRADICIONAL ","n_fornecedores","2022-09",2022-09-01,52,49.6331974349514,2.36680256504857,FALSE,1.9672,2.0072,0.327,"","II"
606523,"CAFÉ, APRESENTAÇÃO: TORRADO EM GRÃO , INTENSIDADE: MÉDIA , TIPO: TRADICIONAL ","n_fornecedores","2022-10",2022-10-01,43,47.9432109052577,-4.94321090525772,FALSE,1.9672,2.0072,0.327,"","II"
606523,"CAFÉ, APRESENTAÇÃO: TORRADO EM GRÃO , INTENSIDADE: MÉDIA , TIPO: TRADICIONAL ","n_fornecedores","2022-11",2022-11-01,47,58.1111293924695,-11.1111293924695,FALSE,1.9672,2.0072,0.327,"","II"
606523,"CAFÉ, APRESENTAÇÃO: TORRADO EM GRÃO , INTENSIDADE: MÉDIA , TIPO: TRADICIONAL ","n_fornecedores","2022-12",2022-12-01,42,45.1986416382997,-3.1986416382997,FALSE,1.9672,2.0072,0.327,"","II"
606523,"CAFÉ, APRESENTAÇÃO: TORRADO EM GRÃO , INTENSIDADE: MÉDIA , TIPO: TRADICIONAL ","n_fornecedores","2023-01",2023-01-01,25,33.919349399236,-8.91934939923598,FALSE,1.9672,2.0072,0.327,"","II"
606523,"CAFÉ, APRESENTAÇÃO: TORRADO EM GRÃO , INTENSIDADE: MÉDIA , TIPO: TRADICIONAL ","n_fornecedores","2023-02",2023-02-01,41,45.6003902532369,-4.60039025323687,FALSE,1.9672,2.0072,0.327,"","II"
606523,"CAFÉ, APRESENTAÇÃO: TORRADO EM GRÃO , INTENSIDADE: MÉDIA , TIPO: TRADICIONAL ","n_fornecedores","2023-03",2023-03-01,49,44.826423544342,4.17357645565801,FALSE,1.9672,2.0072,0.327,"","II"
606523,"CAFÉ, APRESENTAÇÃO: TORRADO EM GRÃO , INTENSIDADE: MÉDIA , TIPO: TRADICIONAL ","n_fornecedores","2023-04",2023-04-01,41,44.1070863960339,-3.10708639603386,FALSE,1.9672,2.0072,0.327,"","II"
606523,"CAFÉ, APRESENTAÇÃO: TORRADO EM GRÃO , INTENSIDADE: MÉDIA , TIPO: TRADICIONAL ","n_fornecedores","2023-05",2023-05-01,54,45.6043607692879,8.3956392307121,FALSE,1.9672,2.0072,0.327,"","II"
606523,"CAFÉ, APRESENTAÇÃO: TORRADO EM GRÃO , INTENSIDADE: MÉDIA , TIPO: TRADICIONAL ","n_fornecedores","2023-06",2023-06-01,60,55.129394864755,4.87060513524495,FALSE,1.9672,2.0072,0.327,"","II"
606523,"CAFÉ, APRESENTAÇÃO: TORRADO EM GRÃO , INTENSIDADE: MÉDIA , TIPO: TRADICIONAL ","n_fornecedores","2023-07",2023-07-01,44,47.7036316767181,-3.70363167671811,FALSE,1.9672,2.0072,0.327,"","II"
606523,"CAFÉ, APRESENTAÇÃO: TORRADO EM GRÃO , INTENSIDADE: MÉDIA , TIPO: TRADICIONAL ","n_fornecedores","2023-08",2023-08-01,58,53.3300310697087,4.66996893029125,TRUE,1.9672,2.0072,0.327,"","II"
606523,"CAFÉ, APRESENTAÇÃO: TORRADO EM GRÃO , INTENSIDADE: MÉDIA , TIPO: TRADICIONAL ","n_fornecedores","2023-09",2023-09-01,53,42.0929493735856,10.9070506264144,TRUE,1.9672,2.0072,0.327,"","II"
606523,"CAFÉ, APRESENTAÇÃO: TORRADO EM GRÃO , INTENSIDADE: MÉDIA , TIPO: TRADICIONAL ","n_fornecedores","2023-10",2023-10-01,45,44.1364853184528,0.863514681547208,TRUE,1.9672,2.0072,0.327,"","II"
606523,"CAFÉ, APRESENTAÇÃO: TORRADO EM GRÃO , INTENSIDADE: MÉDIA , TIPO: TRADICIONAL ","n_fornecedores","2023-11",2023-11-01,46,47.0529713257001,-1.0529713257001,TRUE,1.9672,2.0072,0.327,"","II"
606523,"CAFÉ, APRESENTAÇÃO: TORRADO EM GRÃO , INTENSIDADE: MÉDIA , TIPO: TRADICIONAL ","n_fornecedores","2023-12",2023-12-01,46,51.4946951972588,-5.49469519725883,TRUE,1.9672,2.0072,0.327,"","II"
606523,"CAFÉ, APRESENTAÇÃO: TORRADO EM GRÃO , INTENSIDADE: MÉDIA , TIPO: TRADICIONAL ","n_fornecedores","2024-01",2024-01-01,22,35.7739640485398,-13.7739640485398,TRUE,1.9672,2.0072,0.327,"","II"
606523,"CAFÉ, APRESENTAÇÃO: TORRADO EM GRÃO , INTENSIDADE: MÉDIA , TIPO: TRADICIONAL ","n_fornecedores","2024-02",2024-02-01,41,39.8775266506641,1.12247334933593,TRUE,1.9672,2.0072,0.327,"","II"
606523,"CAFÉ, APRESENTAÇÃO: TORRADO EM GRÃO , INTENSIDADE: MÉDIA , TIPO: TRADICIONAL ","n_fornecedores","2024-03",2024-03-01,22,39.2985797126432,-17.2985797126432,TRUE,1.9672,2.0072,0.327,"","II"
606523,"CAFÉ, APRESENTAÇÃO: TORRADO EM GRÃO , INTENSIDADE: MÉDIA , TIPO: TRADICIONAL ","n_fornecedores","2024-04",2024-04-01,43,40.242057780034,2.757942219966,TRUE,1.9672,2.0072,0.327,"","II"
606523,"CAFÉ, APRESENTAÇÃO: TORRADO EM GRÃO , INTENSIDADE: MÉDIA , TIPO: TRADICIONAL ","n_fornecedores","2024-05",2024-05-01,38,41.2889788132888,-3.28897881328885,TRUE,1.9672,2.0072,0.327,"","II"
606523,"CAFÉ, APRESENTAÇÃO: TORRADO EM GRÃO , INTENSIDADE: MÉDIA , TIPO: TRADICIONAL ","n_fornecedores","2024-06",2024-06-01,38,40.4392305276758,-2.43923052767581,TRUE,1.9672,2.0072,0.327,"","II"
606523,"CAFÉ, APRESENTAÇÃO: TORRADO EM GRÃO , INTENSIDADE: MÉDIA , TIPO: TRADICIONAL ","n_fornecedores","2024-07",2024-07-01,34,47.7759638923908,-13.7759638923908,TRUE,1.9672,2.0072,0.327,"","II"
606523,"CAFÉ, APRESENTAÇÃO: TORRADO EM GRÃO , INTENSIDADE: MÉDIA , TIPO: TRADICIONAL ","n_fornecedores","2024-08",2024-08-01,57,44.3944283654577,12.6055716345423,TRUE,1.9672,2.0072,0.327,"","II"
606523,"CAFÉ, APRESENTAÇÃO: TORRADO EM GRÃO , INTENSIDADE: MÉDIA , TIPO: TRADICIONAL ","n_fornecedores","2024-09",2024-09-01,46,48.6653586266906,-2.66535862669063,TRUE,1.9672,2.0072,0.327,"","II"
606523,"CAFÉ, APRESENTAÇÃO: TORRADO EM GRÃO , INTENSIDADE: MÉDIA , TIPO: TRADICIONAL ","n_fornecedores","2024-10",2024-10-01,54,51.3402242227029,2.65977577729709,TRUE,1.9672,2.0072,0.327,"","II"
606523,"CAFÉ, APRESENTAÇÃO: TORRADO EM GRÃO , INTENSIDADE: MÉDIA , TIPO: TRADICIONAL ","n_fornecedores","2024-11",2024-11-01,41,48.3513455336021,-7.35134553360209,TRUE,1.9672,2.0072,0.327,"","II"
606523,"CAFÉ, APRESENTAÇÃO: TORRADO EM GRÃO , INTENSIDADE: MÉDIA , TIPO: TRADICIONAL ","n_fornecedores","2024-12",2024-12-01,76,49.2604492639137,26.7395507360863,TRUE,1.9672,2.0072,0.327,"","II"
606523,"CAFÉ, APRESENTAÇÃO: TORRADO EM GRÃO , INTENSIDADE: MÉDIA , TIPO: TRADICIONAL ","n_fornecedores","2025-01",2025-01-01,35,38.2314619708087,-3.23146197080874,TRUE,1.9672,2.0072,0.327,"","II"
606523,"CAFÉ, APRESENTAÇÃO: TORRADO EM GRÃO , INTENSIDADE: MÉDIA , TIPO: TRADICIONAL ","n_fornecedores","2025-02",2025-02-01,40,35.6009985814463,4.39900141855374,TRUE,1.9672,2.0072,0.327,"","II"
606523,"CAFÉ, APRESENTAÇÃO: TORRADO EM GRÃO , INTENSIDADE: MÉDIA , TIPO: TRADICIONAL ","n_fornecedores","2025-03",2025-03-01,45,39.864382661605,5.13561733839497,TRUE,1.9672,2.0072,0.327,"","II"
606523,"CAFÉ, APRESENTAÇÃO: TORRADO EM GRÃO , INTENSIDADE: MÉDIA , TIPO: TRADICIONAL ","n_fornecedores","2025-04",2025-04-01,54,48.5365905161424,5.46340948385756,TRUE,1.9672,2.0072,0.327,"","II"
606523,"CAFÉ, APRESENTAÇÃO: TORRADO EM GRÃO , INTENSIDADE: MÉDIA , TIPO: TRADICIONAL ","n_fornecedores","2025-05",2025-05-01,51,46.7574841549802,4.24251584501984,TRUE,1.9672,2.0072,0.327,"","II"
606523,"CAFÉ, APRESENTAÇÃO: TORRADO EM GRÃO , INTENSIDADE: MÉDIA , TIPO: TRADICIONAL ","n_fornecedores","2025-06",2025-06-01,67,39.6982179384586,27.3017820615414,TRUE,1.9672,2.0072,0.327,"","II"
606523,"CAFÉ, APRESENTAÇÃO: TORRADO EM GRÃO , INTENSIDADE: MÉDIA , TIPO: TRADICIONAL ","n_fornecedores","2025-07",2025-07-01,76,47.129980422353,28.870019577647,TRUE,1.9672,2.0072,0.327,"","II"
606523,"CAFÉ, APRESENTAÇÃO: TORRADO EM GRÃO , INTENSIDADE: MÉDIA , TIPO: TRADICIONAL ","n_fornecedores","2025-08",2025-08-01,55,48.8336560500608,6.16634394993925,TRUE,1.9672,2.0072,0.327,"","II"
606523,"CAFÉ, APRESENTAÇÃO: TORRADO EM GRÃO , INTENSIDADE: MÉDIA , TIPO: TRADICIONAL ","n_fornecedores","2025-09",2025-09-01,43,54.0136519021703,-11.0136519021703,TRUE,1.9672,2.0072,0.327,"","II"
606523,"CAFÉ, APRESENTAÇÃO: TORRADO EM GRÃO , INTENSIDADE: MÉDIA , TIPO: TRADICIONAL ","n_fornecedores","2025-10",2025-10-01,53,53.5912047847297,-0.591204784729719,TRUE,1.9672,2.0072,0.327,"","II"
606523,"CAFÉ, APRESENTAÇÃO: TORRADO EM GRÃO , INTENSIDADE: MÉDIA , TIPO: TRADICIONAL ","n_fornecedores","2025-11",2025-11-01,44,46.5256114350754,-2.52561143507542,TRUE,1.9672,2.0072,0.327,"","II"
606523,"CAFÉ, APRESENTAÇÃO: TORRADO EM GRÃO , INTENSIDADE: MÉDIA , TIPO: TRADICIONAL ","n_fornecedores","2025-12",2025-12-01,46,48.3531172239238,-2.35311722392384,TRUE,1.9672,2.0072,0.327,"","II"
606524,"CAFÉ, APRESENTAÇÃO: TORRADO MOÍDO , INTENSIDADE: SUAVE , TIPO: TRADICIONAL , EMPACOTAMENTO: VÁCUO ","median_preco","2021-12",2021-12-01,31.16,29.6170708843622,1.54292911563779,FALSE,7.0233,2.34,0.0027,"***","I"
606524,"CAFÉ, APRESENTAÇÃO: TORRADO MOÍDO , INTENSIDADE: SUAVE , TIPO: TRADICIONAL , EMPACOTAMENTO: VÁCUO ","median_preco","2022-01",2022-01-01,30,30.5363082728012,-0.536308272801158,FALSE,7.0233,2.34,0.0027,"***","I"
606524,"CAFÉ, APRESENTAÇÃO: TORRADO MOÍDO , INTENSIDADE: SUAVE , TIPO: TRADICIONAL , EMPACOTAMENTO: VÁCUO ","median_preco","2022-02",2022-02-01,31.29,30.317426958099,0.972573041901011,FALSE,7.0233,2.34,0.0027,"***","I"
606524,"CAFÉ, APRESENTAÇÃO: TORRADO MOÍDO , INTENSIDADE: SUAVE , TIPO: TRADICIONAL , EMPACOTAMENTO: VÁCUO ","median_preco","2022-03",2022-03-01,30.25,30.0895988731375,0.16040112686251,FALSE,7.0233,2.34,0.0027,"***","I"
606524,"CAFÉ, APRESENTAÇÃO: TORRADO MOÍDO , INTENSIDADE: SUAVE , TIPO: TRADICIONAL , EMPACOTAMENTO: VÁCUO ","median_preco","2022-04",2022-04-01,30.79,30.4801493533453,0.309850646654741,FALSE,7.0233,2.34,0.0027,"***","I"
606524,"CAFÉ, APRESENTAÇÃO: TORRADO MOÍDO , INTENSIDADE: SUAVE , TIPO: TRADICIONAL , EMPACOTAMENTO: VÁCUO ","median_preco","2022-05",2022-05-01,29.8,32.1416565559051,-2.34165655590511,FALSE,7.0233,2.34,0.0027,"***","I"
606524,"CAFÉ, APRESENTAÇÃO: TORRADO MOÍDO , INTENSIDADE: SUAVE , TIPO: TRADICIONAL , EMPACOTAMENTO: VÁCUO ","median_preco","2022-06",2022-06-01,31.97,31.3987641375153,0.571235862484663,FALSE,7.0233,2.34,0.0027,"***","I"
606524,"CAFÉ, APRESENTAÇÃO: TORRADO MOÍDO , INTENSIDADE: SUAVE , TIPO: TRADICIONAL , EMPACOTAMENTO: VÁCUO ","median_preco","2022-07",2022-07-01,31.98,31.8722698716311,0.107730128368868,FALSE,7.0233,2.34,0.0027,"***","I"
606524,"CAFÉ, APRESENTAÇÃO: TORRADO MOÍDO , INTENSIDADE: SUAVE , TIPO: TRADICIONAL , EMPACOTAMENTO: VÁCUO ","median_preco","2022-08",2022-08-01,31.4,31.9921625764174,-0.592162576417373,FALSE,7.0233,2.34,0.0027,"***","I"
606524,"CAFÉ, APRESENTAÇÃO: TORRADO MOÍDO , INTENSIDADE: SUAVE , TIPO: TRADICIONAL , EMPACOTAMENTO: VÁCUO ","median_preco","2022-09",2022-09-01,37.78,32.3516640729274,5.4283359270726,FALSE,7.0233,2.34,0.0027,"***","I"
606524,"CAFÉ, APRESENTAÇÃO: TORRADO MOÍDO , INTENSIDADE: SUAVE , TIPO: TRADICIONAL , EMPACOTAMENTO: VÁCUO ","median_preco","2022-10",2022-10-01,31.1332,31.9712475432676,-0.838047543267614,FALSE,7.0233,2.34,0.0027,"***","I"
606524,"CAFÉ, APRESENTAÇÃO: TORRADO MOÍDO , INTENSIDADE: SUAVE , TIPO: TRADICIONAL , EMPACOTAMENTO: VÁCUO ","median_preco","2022-11",2022-11-01,31.38,30.7795948939505,0.600405106049511,FALSE,7.0233,2.34,0.0027,"***","I"
606524,"CAFÉ, APRESENTAÇÃO: TORRADO MOÍDO , INTENSIDADE: SUAVE , TIPO: TRADICIONAL , EMPACOTAMENTO: VÁCUO ","median_preco","2022-12",2022-12-01,30.1,31.9209257133347,-1.82092571333467,FALSE,7.0233,2.34,0.0027,"***","I"
606524,"CAFÉ, APRESENTAÇÃO: TORRADO MOÍDO , INTENSIDADE: SUAVE , TIPO: TRADICIONAL , EMPACOTAMENTO: VÁCUO ","median_preco","2023-01",2023-01-01,27.86,31.3404351995308,-3.48043519953082,FALSE,7.0233,2.34,0.0027,"***","I"
606524,"CAFÉ, APRESENTAÇÃO: TORRADO MOÍDO , INTENSIDADE: SUAVE , TIPO: TRADICIONAL , EMPACOTAMENTO: VÁCUO ","median_preco","2023-02",2023-02-01,34.04,31.9640767311081,2.0759232688919,FALSE,7.0233,2.34,0.0027,"***","I"
606524,"CAFÉ, APRESENTAÇÃO: TORRADO MOÍDO , INTENSIDADE: SUAVE , TIPO: TRADICIONAL , EMPACOTAMENTO: VÁCUO ","median_preco","2023-03",2023-03-01,28.68,32.685916210117,-4.00591621011703,FALSE,7.0233,2.34,0.0027,"***","I"
606524,"CAFÉ, APRESENTAÇÃO: TORRADO MOÍDO , INTENSIDADE: SUAVE , TIPO: TRADICIONAL , EMPACOTAMENTO: VÁCUO ","median_preco","2023-04",2023-04-01,28.9,31.2992218998765,-2.39922189987647,FALSE,7.0233,2.34,0.0027,"***","I"
606524,"CAFÉ, APRESENTAÇÃO: TORRADO MOÍDO , INTENSIDADE: SUAVE , TIPO: TRADICIONAL , EMPACOTAMENTO: VÁCUO ","median_preco","2023-05",2023-05-01,34.48,32.7854089948061,1.69459100519392,FALSE,7.0233,2.34,0.0027,"***","I"
606524,"CAFÉ, APRESENTAÇÃO: TORRADO MOÍDO , INTENSIDADE: SUAVE , TIPO: TRADICIONAL , EMPACOTAMENTO: VÁCUO ","median_preco","2023-06",2023-06-01,28.2,30.8600832040997,-2.66008320409972,FALSE,7.0233,2.34,0.0027,"***","I"
606524,"CAFÉ, APRESENTAÇÃO: TORRADO MOÍDO , INTENSIDADE: SUAVE , TIPO: TRADICIONAL , EMPACOTAMENTO: VÁCUO ","median_preco","2023-07",2023-07-01,31.98,32.9452047676274,-0.965204767627359,FALSE,7.0233,2.34,0.0027,"***","I"
606524,"CAFÉ, APRESENTAÇÃO: TORRADO MOÍDO , INTENSIDADE: SUAVE , TIPO: TRADICIONAL , EMPACOTAMENTO: VÁCUO ","median_preco","2023-08",2023-08-01,26.72,32.5748111744791,-5.85481117447913,TRUE,7.0233,2.34,0.0027,"***","I"
606524,"CAFÉ, APRESENTAÇÃO: TORRADO MOÍDO , INTENSIDADE: SUAVE , TIPO: TRADICIONAL , EMPACOTAMENTO: VÁCUO ","median_preco","2023-09",2023-09-01,29.38,31.0493232070811,-1.66932320708109,TRUE,7.0233,2.34,0.0027,"***","I"
606524,"CAFÉ, APRESENTAÇÃO: TORRADO MOÍDO , INTENSIDADE: SUAVE , TIPO: TRADICIONAL , EMPACOTAMENTO: VÁCUO ","median_preco","2023-10",2023-10-01,29.96,30.6864434889466,-0.726443488946629,TRUE,7.0233,2.34,0.0027,"***","I"
606524,"CAFÉ, APRESENTAÇÃO: TORRADO MOÍDO , INTENSIDADE: SUAVE , TIPO: TRADICIONAL , EMPACOTAMENTO: VÁCUO ","median_preco","2023-11",2023-11-01,28.8,29.5403818153748,-0.740381815374764,TRUE,7.0233,2.34,0.0027,"***","I"
606524,"CAFÉ, APRESENTAÇÃO: TORRADO MOÍDO , INTENSIDADE: SUAVE , TIPO: TRADICIONAL , EMPACOTAMENTO: VÁCUO ","median_preco","2023-12",2023-12-01,33.8,30.1501502044448,3.64984979555524,TRUE,7.0233,2.34,0.0027,"***","I"
606524,"CAFÉ, APRESENTAÇÃO: TORRADO MOÍDO , INTENSIDADE: SUAVE , TIPO: TRADICIONAL , EMPACOTAMENTO: VÁCUO ","median_preco","2024-01",2024-01-01,31,30.0923341977391,0.907665802260855,TRUE,7.0233,2.34,0.0027,"***","I"
606524,"CAFÉ, APRESENTAÇÃO: TORRADO MOÍDO , INTENSIDADE: SUAVE , TIPO: TRADICIONAL , EMPACOTAMENTO: VÁCUO ","median_preco","2024-02",2024-02-01,29.16,30.0453887506944,-0.885388750694371,TRUE,7.0233,2.34,0.0027,"***","I"
606524,"CAFÉ, APRESENTAÇÃO: TORRADO MOÍDO , INTENSIDADE: SUAVE , TIPO: TRADICIONAL , EMPACOTAMENTO: VÁCUO ","median_preco","2024-03",2024-03-01,31.2,31.3316860672243,-0.131686067224258,TRUE,7.0233,2.34,0.0027,"***","I"
606524,"CAFÉ, APRESENTAÇÃO: TORRADO MOÍDO , INTENSIDADE: SUAVE , TIPO: TRADICIONAL , EMPACOTAMENTO: VÁCUO ","median_preco","2024-04",2024-04-01,27.2,30.7093494859696,-3.50934948596962,TRUE,7.0233,2.34,0.0027,"***","I"
606524,"CAFÉ, APRESENTAÇÃO: TORRADO MOÍDO , INTENSIDADE: SUAVE , TIPO: TRADICIONAL , EMPACOTAMENTO: VÁCUO ","median_preco","2024-05",2024-05-01,24.65,30.1274319944703,-5.47743199447032,TRUE,7.0233,2.34,0.0027,"***","I"
606524,"CAFÉ, APRESENTAÇÃO: TORRADO MOÍDO , INTENSIDADE: SUAVE , TIPO: TRADICIONAL , EMPACOTAMENTO: VÁCUO ","median_preco","2024-06",2024-06-01,33.76,31.7637289820711,1.99627101792888,TRUE,7.0233,2.34,0.0027,"***","I"
606524,"CAFÉ, APRESENTAÇÃO: TORRADO MOÍDO , INTENSIDADE: SUAVE , TIPO: TRADICIONAL , EMPACOTAMENTO: VÁCUO ","median_preco","2024-07",2024-07-01,29.96,30.0862066439723,-0.126206643972314,TRUE,7.0233,2.34,0.0027,"***","I"
606524,"CAFÉ, APRESENTAÇÃO: TORRADO MOÍDO , INTENSIDADE: SUAVE , TIPO: TRADICIONAL , EMPACOTAMENTO: VÁCUO ","median_preco","2024-08",2024-08-01,33.5,32.9555103712029,0.544489628797066,TRUE,7.0233,2.34,0.0027,"***","I"
606524,"CAFÉ, APRESENTAÇÃO: TORRADO MOÍDO , INTENSIDADE: SUAVE , TIPO: TRADICIONAL , EMPACOTAMENTO: VÁCUO ","median_preco","2024-09",2024-09-01,27.972,30.0009860470305,-2.02898604703051,TRUE,7.0233,2.34,0.0027,"***","I"
606524,"CAFÉ, APRESENTAÇÃO: TORRADO MOÍDO , INTENSIDADE: SUAVE , TIPO: TRADICIONAL , EMPACOTAMENTO: VÁCUO ","median_preco","2024-10",2024-10-01,34.24,31.9975002851547,2.24249971484534,TRUE,7.0233,2.34,0.0027,"***","I"
606524,"CAFÉ, APRESENTAÇÃO: TORRADO MOÍDO , INTENSIDADE: SUAVE , TIPO: TRADICIONAL , EMPACOTAMENTO: VÁCUO ","median_preco","2024-11",2024-11-01,25.9,31.2570996188278,-5.35709961882779,TRUE,7.0233,2.34,0.0027,"***","I"
606524,"CAFÉ, APRESENTAÇÃO: TORRADO MOÍDO , INTENSIDADE: SUAVE , TIPO: TRADICIONAL , EMPACOTAMENTO: VÁCUO ","median_preco","2024-12",2024-12-01,25.94,32.9116858388055,-6.97168583880551,TRUE,7.0233,2.34,0.0027,"***","I"
606524,"CAFÉ, APRESENTAÇÃO: TORRADO MOÍDO , INTENSIDADE: SUAVE , TIPO: TRADICIONAL , EMPACOTAMENTO: VÁCUO ","median_preco","2025-01",2025-01-01,44.28,32.1205043422936,12.1594956577064,TRUE,7.0233,2.34,0.0027,"***","I"
606524,"CAFÉ, APRESENTAÇÃO: TORRADO MOÍDO , INTENSIDADE: SUAVE , TIPO: TRADICIONAL , EMPACOTAMENTO: VÁCUO ","median_preco","2025-02",2025-02-01,53,32.1747511803901,20.8252488196099,TRUE,7.0233,2.34,0.0027,"***","I"
606524,"CAFÉ, APRESENTAÇÃO: TORRADO MOÍDO , INTENSIDADE: SUAVE , TIPO: TRADICIONAL , EMPACOTAMENTO: VÁCUO ","median_preco","2025-03",2025-03-01,59,32.3429129065162,26.6570870934838,TRUE,7.0233,2.34,0.0027,"***","I"
606524,"CAFÉ, APRESENTAÇÃO: TORRADO MOÍDO , INTENSIDADE: SUAVE , TIPO: TRADICIONAL , EMPACOTAMENTO: VÁCUO ","median_preco","2025-04",2025-04-01,60,33.0221556539675,26.9778443460325,TRUE,7.0233,2.34,0.0027,"***","I"
606524,"CAFÉ, APRESENTAÇÃO: TORRADO MOÍDO , INTENSIDADE: SUAVE , TIPO: TRADICIONAL , EMPACOTAMENTO: VÁCUO ","median_preco","2025-05",2025-05-01,59.8,31.8844466723667,27.9155533276333,TRUE,7.0233,2.34,0.0027,"***","I"
606524,"CAFÉ, APRESENTAÇÃO: TORRADO MOÍDO , INTENSIDADE: SUAVE , TIPO: TRADICIONAL , EMPACOTAMENTO: VÁCUO ","median_preco","2025-06",2025-06-01,32,33.1002997541348,-1.1002997541348,TRUE,7.0233,2.34,0.0027,"***","I"
606524,"CAFÉ, APRESENTAÇÃO: TORRADO MOÍDO , INTENSIDADE: SUAVE , TIPO: TRADICIONAL , EMPACOTAMENTO: VÁCUO ","median_preco","2025-07",2025-07-01,65.78,33.4280443690709,32.3519556309291,TRUE,7.0233,2.34,0.0027,"***","I"
606524,"CAFÉ, APRESENTAÇÃO: TORRADO MOÍDO , INTENSIDADE: SUAVE , TIPO: TRADICIONAL , EMPACOTAMENTO: VÁCUO ","median_preco","2025-08",2025-08-01,41.94,32.5466576886466,9.39334231135342,TRUE,7.0233,2.34,0.0027,"***","I"
606524,"CAFÉ, APRESENTAÇÃO: TORRADO MOÍDO , INTENSIDADE: SUAVE , TIPO: TRADICIONAL , EMPACOTAMENTO: VÁCUO ","median_preco","2025-09",2025-09-01,45.94,32.7950827760837,13.1449172239163,TRUE,7.0233,2.34,0.0027,"***","I"
606524,"CAFÉ, APRESENTAÇÃO: TORRADO MOÍDO , INTENSIDADE: SUAVE , TIPO: TRADICIONAL , EMPACOTAMENTO: VÁCUO ","median_preco","2025-10",2025-10-01,56.4,32.2343698590817,24.1656301409183,TRUE,7.0233,2.34,0.0027,"***","I"
606524,"CAFÉ, APRESENTAÇÃO: TORRADO MOÍDO , INTENSIDADE: SUAVE , TIPO: TRADICIONAL , EMPACOTAMENTO: VÁCUO ","median_preco","2025-11",2025-11-01,58.68,34.9822137634574,23.6977862365426,TRUE,7.0233,2.34,0.0027,"***","I"
606524,"CAFÉ, APRESENTAÇÃO: TORRADO MOÍDO , INTENSIDADE: SUAVE , TIPO: TRADICIONAL , EMPACOTAMENTO: VÁCUO ","median_preco","2025-12",2025-12-01,43.95,32.3243317057594,11.6256682942406,TRUE,7.0233,2.34,0.0027,"***","I"
606524,"CAFÉ, APRESENTAÇÃO: TORRADO MOÍDO , INTENSIDADE: SUAVE , TIPO: TRADICIONAL , EMPACOTAMENTO: VÁCUO ","n_combinacoes_unidade","2021-12",2021-12-01,7,6.18288214503163,0.817117854968372,FALSE,-0.6488,0.4705,0.1679,"","II"
606524,"CAFÉ, APRESENTAÇÃO: TORRADO MOÍDO , INTENSIDADE: SUAVE , TIPO: TRADICIONAL , EMPACOTAMENTO: VÁCUO ","n_combinacoes_unidade","2022-01",2022-01-01,4,4.02514849894059,-0.0251484989405926,FALSE,-0.6488,0.4705,0.1679,"","II"
606524,"CAFÉ, APRESENTAÇÃO: TORRADO MOÍDO , INTENSIDADE: SUAVE , TIPO: TRADICIONAL , EMPACOTAMENTO: VÁCUO ","n_combinacoes_unidade","2022-02",2022-02-01,4,5.11816228755227,-1.11816228755227,FALSE,-0.6488,0.4705,0.1679,"","II"
606524,"CAFÉ, APRESENTAÇÃO: TORRADO MOÍDO , INTENSIDADE: SUAVE , TIPO: TRADICIONAL , EMPACOTAMENTO: VÁCUO ","n_combinacoes_unidade","2022-03",2022-03-01,5,5.53483967208621,-0.534839672086211,FALSE,-0.6488,0.4705,0.1679,"","II"
606524,"CAFÉ, APRESENTAÇÃO: TORRADO MOÍDO , INTENSIDADE: SUAVE , TIPO: TRADICIONAL , EMPACOTAMENTO: VÁCUO ","n_combinacoes_unidade","2022-04",2022-04-01,5,5.73792670026943,-0.737926700269433,FALSE,-0.6488,0.4705,0.1679,"","II"
606524,"CAFÉ, APRESENTAÇÃO: TORRADO MOÍDO , INTENSIDADE: SUAVE , TIPO: TRADICIONAL , EMPACOTAMENTO: VÁCUO ","n_combinacoes_unidade","2022-05",2022-05-01,7,6.08300380480953,0.916996195190466,FALSE,-0.6488,0.4705,0.1679,"","II"
606524,"CAFÉ, APRESENTAÇÃO: TORRADO MOÍDO , INTENSIDADE: SUAVE , TIPO: TRADICIONAL , EMPACOTAMENTO: VÁCUO ","n_combinacoes_unidade","2022-06",2022-06-01,6,5.9230913002967,0.0769086997033019,FALSE,-0.6488,0.4705,0.1679,"","II"
606524,"CAFÉ, APRESENTAÇÃO: TORRADO MOÍDO , INTENSIDADE: SUAVE , TIPO: TRADICIONAL , EMPACOTAMENTO: VÁCUO ","n_combinacoes_unidade","2022-07",2022-07-01,6,5.62811160357326,0.371888396426741,FALSE,-0.6488,0.4705,0.1679,"","II"
606524,"CAFÉ, APRESENTAÇÃO: TORRADO MOÍDO , INTENSIDADE: SUAVE , TIPO: TRADICIONAL , EMPACOTAMENTO: VÁCUO ","n_combinacoes_unidade","2022-08",2022-08-01,7,6.10288373716594,0.897116262834056,FALSE,-0.6488,0.4705,0.1679,"","II"
606524,"CAFÉ, APRESENTAÇÃO: TORRADO MOÍDO , INTENSIDADE: SUAVE , TIPO: TRADICIONAL , EMPACOTAMENTO: VÁCUO ","n_combinacoes_unidade","2022-09",2022-09-01,4,4.7147007913016,-0.714700791301596,FALSE,-0.6488,0.4705,0.1679,"","II"
606524,"CAFÉ, APRESENTAÇÃO: TORRADO MOÍDO , INTENSIDADE: SUAVE , TIPO: TRADICIONAL , EMPACOTAMENTO: VÁCUO ","n_combinacoes_unidade","2022-10",2022-10-01,5,5.15411506099172,-0.15411506099172,FALSE,-0.6488,0.4705,0.1679,"","II"
606524,"CAFÉ, APRESENTAÇÃO: TORRADO MOÍDO , INTENSIDADE: SUAVE , TIPO: TRADICIONAL , EMPACOTAMENTO: VÁCUO ","n_combinacoes_unidade","2022-11",2022-11-01,5,5.67654905966552,-0.676549059665517,FALSE,-0.6488,0.4705,0.1679,"","II"
606524,"CAFÉ, APRESENTAÇÃO: TORRADO MOÍDO , INTENSIDADE: SUAVE , TIPO: TRADICIONAL , EMPACOTAMENTO: VÁCUO ","n_combinacoes_unidade","2022-12",2022-12-01,5,5.04717340012602,-0.0471734001260193,FALSE,-0.6488,0.4705,0.1679,"","II"
606524,"CAFÉ, APRESENTAÇÃO: TORRADO MOÍDO , INTENSIDADE: SUAVE , TIPO: TRADICIONAL , EMPACOTAMENTO: VÁCUO ","n_combinacoes_unidade","2023-01",2023-01-01,6,4.93087019971437,1.06912980028563,FALSE,-0.6488,0.4705,0.1679,"","II"
606524,"CAFÉ, APRESENTAÇÃO: TORRADO MOÍDO , INTENSIDADE: SUAVE , TIPO: TRADICIONAL , EMPACOTAMENTO: VÁCUO ","n_combinacoes_unidade","2023-02",2023-02-01,4,4.91907085926038,-0.919070859260379,FALSE,-0.6488,0.4705,0.1679,"","II"
606524,"CAFÉ, APRESENTAÇÃO: TORRADO MOÍDO , INTENSIDADE: SUAVE , TIPO: TRADICIONAL , EMPACOTAMENTO: VÁCUO ","n_combinacoes_unidade","2023-03",2023-03-01,4,5.12753695423265,-1.12753695423265,FALSE,-0.6488,0.4705,0.1679,"","II"
606524,"CAFÉ, APRESENTAÇÃO: TORRADO MOÍDO , INTENSIDADE: SUAVE , TIPO: TRADICIONAL , EMPACOTAMENTO: VÁCUO ","n_combinacoes_unidade","2023-04",2023-04-01,6,5.51093953335991,0.489060466640095,FALSE,-0.6488,0.4705,0.1679,"","II"
606524,"CAFÉ, APRESENTAÇÃO: TORRADO MOÍDO , INTENSIDADE: SUAVE , TIPO: TRADICIONAL , EMPACOTAMENTO: VÁCUO ","n_combinacoes_unidade","2023-05",2023-05-01,5,5.11743623227579,-0.117436232275795,FALSE,-0.6488,0.4705,0.1679,"","II"
606524,"CAFÉ, APRESENTAÇÃO: TORRADO MOÍDO , INTENSIDADE: SUAVE , TIPO: TRADICIONAL , EMPACOTAMENTO: VÁCUO ","n_combinacoes_unidade","2023-06",2023-06-01,4,5.52836224424128,-1.52836224424128,FALSE,-0.6488,0.4705,0.1679,"","II"
606524,"CAFÉ, APRESENTAÇÃO: TORRADO MOÍDO , INTENSIDADE: SUAVE , TIPO: TRADICIONAL , EMPACOTAMENTO: VÁCUO ","n_combinacoes_unidade","2023-07",2023-07-01,6,5.62665809373135,0.373341906268648,FALSE,-0.6488,0.4705,0.1679,"","II"
606524,"CAFÉ, APRESENTAÇÃO: TORRADO MOÍDO , INTENSIDADE: SUAVE , TIPO: TRADICIONAL , EMPACOTAMENTO: VÁCUO ","n_combinacoes_unidade","2023-08",2023-08-01,6,5.62624907080755,0.373750929192446,TRUE,-0.6488,0.4705,0.1679,"","II"
606524,"CAFÉ, APRESENTAÇÃO: TORRADO MOÍDO , INTENSIDADE: SUAVE , TIPO: TRADICIONAL , EMPACOTAMENTO: VÁCUO ","n_combinacoes_unidade","2023-09",2023-09-01,3,5.5479741842957,-2.5479741842957,TRUE,-0.6488,0.4705,0.1679,"","II"
606524,"CAFÉ, APRESENTAÇÃO: TORRADO MOÍDO , INTENSIDADE: SUAVE , TIPO: TRADICIONAL , EMPACOTAMENTO: VÁCUO ","n_combinacoes_unidade","2023-10",2023-10-01,5,5.22362511631114,-0.223625116311136,TRUE,-0.6488,0.4705,0.1679,"","II"
606524,"CAFÉ, APRESENTAÇÃO: TORRADO MOÍDO , INTENSIDADE: SUAVE , TIPO: TRADICIONAL , EMPACOTAMENTO: VÁCUO ","n_combinacoes_unidade","2023-11",2023-11-01,6,5.07644430786927,0.923555692130734,TRUE,-0.6488,0.4705,0.1679,"","II"
606524,"CAFÉ, APRESENTAÇÃO: TORRADO MOÍDO , INTENSIDADE: SUAVE , TIPO: TRADICIONAL , EMPACOTAMENTO: VÁCUO ","n_combinacoes_unidade","2023-12",2023-12-01,6,5.41024672963318,0.58975327036682,TRUE,-0.6488,0.4705,0.1679,"","II"
606524,"CAFÉ, APRESENTAÇÃO: TORRADO MOÍDO , INTENSIDADE: SUAVE , TIPO: TRADICIONAL , EMPACOTAMENTO: VÁCUO ","n_combinacoes_unidade","2024-01",2024-01-01,3,5.19085368169813,-2.19085368169813,TRUE,-0.6488,0.4705,0.1679,"","II"
606524,"CAFÉ, APRESENTAÇÃO: TORRADO MOÍDO , INTENSIDADE: SUAVE , TIPO: TRADICIONAL , EMPACOTAMENTO: VÁCUO ","n_combinacoes_unidade","2024-02",2024-02-01,5,5.19314980130383,-0.193149801303835,TRUE,-0.6488,0.4705,0.1679,"","II"
606524,"CAFÉ, APRESENTAÇÃO: TORRADO MOÍDO , INTENSIDADE: SUAVE , TIPO: TRADICIONAL , EMPACOTAMENTO: VÁCUO ","n_combinacoes_unidade","2024-03",2024-03-01,4,5.14096729241935,-1.14096729241935,TRUE,-0.6488,0.4705,0.1679,"","II"
606524,"CAFÉ, APRESENTAÇÃO: TORRADO MOÍDO , INTENSIDADE: SUAVE , TIPO: TRADICIONAL , EMPACOTAMENTO: VÁCUO ","n_combinacoes_unidade","2024-04",2024-04-01,5,4.33515116386561,0.664848836134388,TRUE,-0.6488,0.4705,0.1679,"","II"
606524,"CAFÉ, APRESENTAÇÃO: TORRADO MOÍDO , INTENSIDADE: SUAVE , TIPO: TRADICIONAL , EMPACOTAMENTO: VÁCUO ","n_combinacoes_unidade","2024-05",2024-05-01,6,4.85512239943113,1.14487760056887,TRUE,-0.6488,0.4705,0.1679,"","II"
606524,"CAFÉ, APRESENTAÇÃO: TORRADO MOÍDO , INTENSIDADE: SUAVE , TIPO: TRADICIONAL , EMPACOTAMENTO: VÁCUO ","n_combinacoes_unidade","2024-06",2024-06-01,6,4.90014575746589,1.09985424253411,TRUE,-0.6488,0.4705,0.1679,"","II"
606524,"CAFÉ, APRESENTAÇÃO: TORRADO MOÍDO , INTENSIDADE: SUAVE , TIPO: TRADICIONAL , EMPACOTAMENTO: VÁCUO ","n_combinacoes_unidade","2024-07",2024-07-01,7,5.69260960424868,1.30739039575132,TRUE,-0.6488,0.4705,0.1679,"","II"
606524,"CAFÉ, APRESENTAÇÃO: TORRADO MOÍDO , INTENSIDADE: SUAVE , TIPO: TRADICIONAL , EMPACOTAMENTO: VÁCUO ","n_combinacoes_unidade","2024-08",2024-08-01,4,5.40326035323671,-1.40326035323671,TRUE,-0.6488,0.4705,0.1679,"","II"
606524,"CAFÉ, APRESENTAÇÃO: TORRADO MOÍDO , INTENSIDADE: SUAVE , TIPO: TRADICIONAL , EMPACOTAMENTO: VÁCUO ","n_combinacoes_unidade","2024-09",2024-09-01,5,5.71482296069884,-0.714822960698836,TRUE,-0.6488,0.4705,0.1679,"","II"
606524,"CAFÉ, APRESENTAÇÃO: TORRADO MOÍDO , INTENSIDADE: SUAVE , TIPO: TRADICIONAL , EMPACOTAMENTO: VÁCUO ","n_combinacoes_unidade","2024-10",2024-10-01,4,5.75900629908288,-1.75900629908288,TRUE,-0.6488,0.4705,0.1679,"","II"
606524,"CAFÉ, APRESENTAÇÃO: TORRADO MOÍDO , INTENSIDADE: SUAVE , TIPO: TRADICIONAL , EMPACOTAMENTO: VÁCUO ","n_combinacoes_unidade","2024-11",2024-11-01,4,5.36929999774134,-1.36929999774134,TRUE,-0.6488,0.4705,0.1679,"","II"
606524,"CAFÉ, APRESENTAÇÃO: TORRADO MOÍDO , INTENSIDADE: SUAVE , TIPO: TRADICIONAL , EMPACOTAMENTO: VÁCUO ","n_combinacoes_unidade","2024-12",2024-12-01,5,5.2038137829419,-0.203813782941904,TRUE,-0.6488,0.4705,0.1679,"","II"
606524,"CAFÉ, APRESENTAÇÃO: TORRADO MOÍDO , INTENSIDADE: SUAVE , TIPO: TRADICIONAL , EMPACOTAMENTO: VÁCUO ","n_combinacoes_unidade","2025-01",2025-01-01,5,5.2127681384204,-0.212768138420397,TRUE,-0.6488,0.4705,0.1679,"","II"
606524,"CAFÉ, APRESENTAÇÃO: TORRADO MOÍDO , INTENSIDADE: SUAVE , TIPO: TRADICIONAL , EMPACOTAMENTO: VÁCUO ","n_combinacoes_unidade","2025-02",2025-02-01,3,5.20883448936829,-2.20883448936829,TRUE,-0.6488,0.4705,0.1679,"","II"
606524,"CAFÉ, APRESENTAÇÃO: TORRADO MOÍDO , INTENSIDADE: SUAVE , TIPO: TRADICIONAL , EMPACOTAMENTO: VÁCUO ","n_combinacoes_unidade","2025-03",2025-03-01,4,4.88520672660465,-0.885206726604655,TRUE,-0.6488,0.4705,0.1679,"","II"
606524,"CAFÉ, APRESENTAÇÃO: TORRADO MOÍDO , INTENSIDADE: SUAVE , TIPO: TRADICIONAL , EMPACOTAMENTO: VÁCUO ","n_combinacoes_unidade","2025-04",2025-04-01,6,5.38618407538064,0.613815924619359,TRUE,-0.6488,0.4705,0.1679,"","II"
606524,"CAFÉ, APRESENTAÇÃO: TORRADO MOÍDO , INTENSIDADE: SUAVE , TIPO: TRADICIONAL , EMPACOTAMENTO: VÁCUO ","n_combinacoes_unidade","2025-05",2025-05-01,3,5.22659640868671,-2.22659640868671,TRUE,-0.6488,0.4705,0.1679,"","II"
606524,"CAFÉ, APRESENTAÇÃO: TORRADO MOÍDO , INTENSIDADE: SUAVE , TIPO: TRADICIONAL , EMPACOTAMENTO: VÁCUO ","n_combinacoes_unidade","2025-06",2025-06-01,4,4.98546795818308,-0.985467958183081,TRUE,-0.6488,0.4705,0.1679,"","II"
606524,"CAFÉ, APRESENTAÇÃO: TORRADO MOÍDO , INTENSIDADE: SUAVE , TIPO: TRADICIONAL , EMPACOTAMENTO: VÁCUO ","n_combinacoes_unidade","2025-07",2025-07-01,3,5.30194934570677,-2.30194934570677,TRUE,-0.6488,0.4705,0.1679,"","II"
606524,"CAFÉ, APRESENTAÇÃO: TORRADO MOÍDO , INTENSIDADE: SUAVE , TIPO: TRADICIONAL , EMPACOTAMENTO: VÁCUO ","n_combinacoes_unidade","2025-08",2025-08-01,3,5.3516026258483,-2.3516026258483,TRUE,-0.6488,0.4705,0.1679,"","II"
606524,"CAFÉ, APRESENTAÇÃO: TORRADO MOÍDO , INTENSIDADE: SUAVE , TIPO: TRADICIONAL , EMPACOTAMENTO: VÁCUO ","n_combinacoes_unidade","2025-09",2025-09-01,4,5.62547564097179,-1.62547564097179,TRUE,-0.6488,0.4705,0.1679,"","II"
606524,"CAFÉ, APRESENTAÇÃO: TORRADO MOÍDO , INTENSIDADE: SUAVE , TIPO: TRADICIONAL , EMPACOTAMENTO: VÁCUO ","n_combinacoes_unidade","2025-10",2025-10-01,5,5.50633750391751,-0.506337503917511,TRUE,-0.6488,0.4705,0.1679,"","II"
606524,"CAFÉ, APRESENTAÇÃO: TORRADO MOÍDO , INTENSIDADE: SUAVE , TIPO: TRADICIONAL , EMPACOTAMENTO: VÁCUO ","n_combinacoes_unidade","2025-11",2025-11-01,5,5.30278003438031,-0.302780034380305,TRUE,-0.6488,0.4705,0.1679,"","II"
606524,"CAFÉ, APRESENTAÇÃO: TORRADO MOÍDO , INTENSIDADE: SUAVE , TIPO: TRADICIONAL , EMPACOTAMENTO: VÁCUO ","n_combinacoes_unidade","2025-12",2025-12-01,5,5.18012455020568,-0.180124550205676,TRUE,-0.6488,0.4705,0.1679,"","II"
606524,"CAFÉ, APRESENTAÇÃO: TORRADO MOÍDO , INTENSIDADE: SUAVE , TIPO: TRADICIONAL , EMPACOTAMENTO: VÁCUO ","n_fornecedores","2021-12",2021-12-01,30,24.8371090788591,5.16289092114089,FALSE,-8.1707,1.4241,0,"***","I"
606524,"CAFÉ, APRESENTAÇÃO: TORRADO MOÍDO , INTENSIDADE: SUAVE , TIPO: TRADICIONAL , EMPACOTAMENTO: VÁCUO ","n_fornecedores","2022-01",2022-01-01,10,10.212735482202,-0.212735482201991,FALSE,-8.1707,1.4241,0,"***","I"
606524,"CAFÉ, APRESENTAÇÃO: TORRADO MOÍDO , INTENSIDADE: SUAVE , TIPO: TRADICIONAL , EMPACOTAMENTO: VÁCUO ","n_fornecedores","2022-02",2022-02-01,16,14.9241135952337,1.07588640476634,FALSE,-8.1707,1.4241,0,"***","I"
606524,"CAFÉ, APRESENTAÇÃO: TORRADO MOÍDO , INTENSIDADE: SUAVE , TIPO: TRADICIONAL , EMPACOTAMENTO: VÁCUO ","n_fornecedores","2022-03",2022-03-01,15,17.3121424587767,-2.31214245877667,FALSE,-8.1707,1.4241,0,"***","I"
606524,"CAFÉ, APRESENTAÇÃO: TORRADO MOÍDO , INTENSIDADE: SUAVE , TIPO: TRADICIONAL , EMPACOTAMENTO: VÁCUO ","n_fornecedores","2022-04",2022-04-01,15,19.0632245059188,-4.06322450591884,FALSE,-8.1707,1.4241,0,"***","I"
606524,"CAFÉ, APRESENTAÇÃO: TORRADO MOÍDO , INTENSIDADE: SUAVE , TIPO: TRADICIONAL , EMPACOTAMENTO: VÁCUO ","n_fornecedores","2022-05",2022-05-01,23,23.8305786243613,-0.830578624361255,FALSE,-8.1707,1.4241,0,"***","I"
606524,"CAFÉ, APRESENTAÇÃO: TORRADO MOÍDO , INTENSIDADE: SUAVE , TIPO: TRADICIONAL , EMPACOTAMENTO: VÁCUO ","n_fornecedores","2022-06",2022-06-01,22,25.1941536994064,-3.19415369940637,FALSE,-8.1707,1.4241,0,"***","I"
606524,"CAFÉ, APRESENTAÇÃO: TORRADO MOÍDO , INTENSIDADE: SUAVE , TIPO: TRADICIONAL , EMPACOTAMENTO: VÁCUO ","n_fornecedores","2022-07",2022-07-01,27,24.943709849295,2.05629015070497,FALSE,-8.1707,1.4241,0,"***","I"
606524,"CAFÉ, APRESENTAÇÃO: TORRADO MOÍDO , INTENSIDADE: SUAVE , TIPO: TRADICIONAL , EMPACOTAMENTO: VÁCUO ","n_fornecedores","2022-08",2022-08-01,34,24.6854525764434,9.31454742355663,FALSE,-8.1707,1.4241,0,"***","I"
606524,"CAFÉ, APRESENTAÇÃO: TORRADO MOÍDO , INTENSIDADE: SUAVE , TIPO: TRADICIONAL , EMPACOTAMENTO: VÁCUO ","n_fornecedores","2022-09",2022-09-01,12,18.3231204318617,-6.32312043186167,FALSE,-8.1707,1.4241,0,"***","I"
606524,"CAFÉ, APRESENTAÇÃO: TORRADO MOÍDO , INTENSIDADE: SUAVE , TIPO: TRADICIONAL , EMPACOTAMENTO: VÁCUO ","n_fornecedores","2022-10",2022-10-01,24,20.0449585075901,3.95504149240992,FALSE,-8.1707,1.4241,0,"***","I"
606524,"CAFÉ, APRESENTAÇÃO: TORRADO MOÍDO , INTENSIDADE: SUAVE , TIPO: TRADICIONAL , EMPACOTAMENTO: VÁCUO ","n_fornecedores","2022-11",2022-11-01,18,25.8392896257727,-7.83928962577268,FALSE,-8.1707,1.4241,0,"***","I"
606524,"CAFÉ, APRESENTAÇÃO: TORRADO MOÍDO , INTENSIDADE: SUAVE , TIPO: TRADICIONAL , EMPACOTAMENTO: VÁCUO ","n_fornecedores","2022-12",2022-12-01,25,20.0948281328555,4.90517186714448,FALSE,-8.1707,1.4241,0,"***","I"
606524,"CAFÉ, APRESENTAÇÃO: TORRADO MOÍDO , INTENSIDADE: SUAVE , TIPO: TRADICIONAL , EMPACOTAMENTO: VÁCUO ","n_fornecedores","2023-01",2023-01-01,12,14.4392077476111,-2.43920774761113,FALSE,-8.1707,1.4241,0,"***","I"
606524,"CAFÉ, APRESENTAÇÃO: TORRADO MOÍDO , INTENSIDADE: SUAVE , TIPO: TRADICIONAL , EMPACOTAMENTO: VÁCUO ","n_fornecedores","2023-02",2023-02-01,15,20.3869385555687,-5.38693855556867,FALSE,-8.1707,1.4241,0,"***","I"
606524,"CAFÉ, APRESENTAÇÃO: TORRADO MOÍDO , INTENSIDADE: SUAVE , TIPO: TRADICIONAL , EMPACOTAMENTO: VÁCUO ","n_fornecedores","2023-03",2023-03-01,27,21.7609425945973,5.23905740540274,FALSE,-8.1707,1.4241,0,"***","I"
606524,"CAFÉ, APRESENTAÇÃO: TORRADO MOÍDO , INTENSIDADE: SUAVE , TIPO: TRADICIONAL , EMPACOTAMENTO: VÁCUO ","n_fornecedores","2023-04",2023-04-01,22,19.1035786103394,2.89642138966058,FALSE,-8.1707,1.4241,0,"***","I"
606524,"CAFÉ, APRESENTAÇÃO: TORRADO MOÍDO , INTENSIDADE: SUAVE , TIPO: TRADICIONAL , EMPACOTAMENTO: VÁCUO ","n_fornecedores","2023-05",2023-05-01,22,20.1594598195614,1.8405401804386,FALSE,-8.1707,1.4241,0,"***","I"
606524,"CAFÉ, APRESENTAÇÃO: TORRADO MOÍDO , INTENSIDADE: SUAVE , TIPO: TRADICIONAL , EMPACOTAMENTO: VÁCUO ","n_fornecedores","2023-06",2023-06-01,18,23.6682473227308,-5.66824732273081,FALSE,-8.1707,1.4241,0,"***","I"
606524,"CAFÉ, APRESENTAÇÃO: TORRADO MOÍDO , INTENSIDADE: SUAVE , TIPO: TRADICIONAL , EMPACOTAMENTO: VÁCUO ","n_fornecedores","2023-07",2023-07-01,19,20.1048096971199,-1.10480969711986,FALSE,-8.1707,1.4241,0,"***","I"
606524,"CAFÉ, APRESENTAÇÃO: TORRADO MOÍDO , INTENSIDADE: SUAVE , TIPO: TRADICIONAL , EMPACOTAMENTO: VÁCUO ","n_fornecedores","2023-08",2023-08-01,22,23.3893403198086,-1.38934031980859,TRUE,-8.1707,1.4241,0,"***","I"
606524,"CAFÉ, APRESENTAÇÃO: TORRADO MOÍDO , INTENSIDADE: SUAVE , TIPO: TRADICIONAL , EMPACOTAMENTO: VÁCUO ","n_fornecedores","2023-09",2023-09-01,15,20.1497363905022,-5.14973639050224,TRUE,-8.1707,1.4241,0,"***","I"
606524,"CAFÉ, APRESENTAÇÃO: TORRADO MOÍDO , INTENSIDADE: SUAVE , TIPO: TRADICIONAL , EMPACOTAMENTO: VÁCUO ","n_fornecedores","2023-10",2023-10-01,17,19.4134099472536,-2.4134099472536,TRUE,-8.1707,1.4241,0,"***","I"
606524,"CAFÉ, APRESENTAÇÃO: TORRADO MOÍDO , INTENSIDADE: SUAVE , TIPO: TRADICIONAL , EMPACOTAMENTO: VÁCUO ","n_fornecedores","2023-11",2023-11-01,15,21.4960142255073,-6.49601422550727,TRUE,-8.1707,1.4241,0,"***","I"
606524,"CAFÉ, APRESENTAÇÃO: TORRADO MOÍDO , INTENSIDADE: SUAVE , TIPO: TRADICIONAL , EMPACOTAMENTO: VÁCUO ","n_fornecedores","2023-12",2023-12-01,17,22.5326251027979,-5.53262510279786,TRUE,-8.1707,1.4241,0,"***","I"
606524,"CAFÉ, APRESENTAÇÃO: TORRADO MOÍDO , INTENSIDADE: SUAVE , TIPO: TRADICIONAL , EMPACOTAMENTO: VÁCUO ","n_fornecedores","2024-01",2024-01-01,7,15.7878279934537,-8.78782799345368,TRUE,-8.1707,1.4241,0,"***","I"
606524,"CAFÉ, APRESENTAÇÃO: TORRADO MOÍDO , INTENSIDADE: SUAVE , TIPO: TRADICIONAL , EMPACOTAMENTO: VÁCUO ","n_fornecedores","2024-02",2024-02-01,10,18.0747280090426,-8.07472800904262,TRUE,-8.1707,1.4241,0,"***","I"
606524,"CAFÉ, APRESENTAÇÃO: TORRADO MOÍDO , INTENSIDADE: SUAVE , TIPO: TRADICIONAL , EMPACOTAMENTO: VÁCUO ","n_fornecedores","2024-03",2024-03-01,14,16.2751585639378,-2.27515856393779,TRUE,-8.1707,1.4241,0,"***","I"
606524,"CAFÉ, APRESENTAÇÃO: TORRADO MOÍDO , INTENSIDADE: SUAVE , TIPO: TRADICIONAL , EMPACOTAMENTO: VÁCUO ","n_fornecedores","2024-04",2024-04-01,10,15.2434649239434,-5.24346492394339,TRUE,-8.1707,1.4241,0,"***","I"
606524,"CAFÉ, APRESENTAÇÃO: TORRADO MOÍDO , INTENSIDADE: SUAVE , TIPO: TRADICIONAL , EMPACOTAMENTO: VÁCUO ","n_fornecedores","2024-05",2024-05-01,13,16.4298913236042,-3.42989132360416,TRUE,-8.1707,1.4241,0,"***","I"
606524,"CAFÉ, APRESENTAÇÃO: TORRADO MOÍDO , INTENSIDADE: SUAVE , TIPO: TRADICIONAL , EMPACOTAMENTO: VÁCUO ","n_fornecedores","2024-06",2024-06-01,14,17.1730217955143,-3.17302179551428,TRUE,-8.1707,1.4241,0,"***","I"
606524,"CAFÉ, APRESENTAÇÃO: TORRADO MOÍDO , INTENSIDADE: SUAVE , TIPO: TRADICIONAL , EMPACOTAMENTO: VÁCUO ","n_fornecedores","2024-07",2024-07-01,17,22.7279710788574,-5.72797107885735,TRUE,-8.1707,1.4241,0,"***","I"
606524,"CAFÉ, APRESENTAÇÃO: TORRADO MOÍDO , INTENSIDADE: SUAVE , TIPO: TRADICIONAL , EMPACOTAMENTO: VÁCUO ","n_fornecedores","2024-08",2024-08-01,14,18.8803022533168,-4.88030225331676,TRUE,-8.1707,1.4241,0,"***","I"
606524,"CAFÉ, APRESENTAÇÃO: TORRADO MOÍDO , INTENSIDADE: SUAVE , TIPO: TRADICIONAL , EMPACOTAMENTO: VÁCUO ","n_fornecedores","2024-09",2024-09-01,11,21.1089524325625,-10.1089524325625,TRUE,-8.1707,1.4241,0,"***","I"
606524,"CAFÉ, APRESENTAÇÃO: TORRADO MOÍDO , INTENSIDADE: SUAVE , TIPO: TRADICIONAL , EMPACOTAMENTO: VÁCUO ","n_fornecedores","2024-10",2024-10-01,11,23.7160260173633,-12.7160260173633,TRUE,-8.1707,1.4241,0,"***","I"
606524,"CAFÉ, APRESENTAÇÃO: TORRADO MOÍDO , INTENSIDADE: SUAVE , TIPO: TRADICIONAL , EMPACOTAMENTO: VÁCUO ","n_fornecedores","2024-11",2024-11-01,12,19.6871686656678,-7.68716866566776,TRUE,-8.1707,1.4241,0,"***","I"
606524,"CAFÉ, APRESENTAÇÃO: TORRADO MOÍDO , INTENSIDADE: SUAVE , TIPO: TRADICIONAL , EMPACOTAMENTO: VÁCUO ","n_fornecedores","2024-12",2024-12-01,7,22.4821202617895,-15.4821202617895,TRUE,-8.1707,1.4241,0,"***","I"
606524,"CAFÉ, APRESENTAÇÃO: TORRADO MOÍDO , INTENSIDADE: SUAVE , TIPO: TRADICIONAL , EMPACOTAMENTO: VÁCUO ","n_fornecedores","2025-01",2025-01-01,8,16.5169682067662,-8.51696820676617,TRUE,-8.1707,1.4241,0,"***","I"
606524,"CAFÉ, APRESENTAÇÃO: TORRADO MOÍDO , INTENSIDADE: SUAVE , TIPO: TRADICIONAL , EMPACOTAMENTO: VÁCUO ","n_fornecedores","2025-02",2025-02-01,7,14.6523389122157,-7.65233891221567,TRUE,-8.1707,1.4241,0,"***","I"
606524,"CAFÉ, APRESENTAÇÃO: TORRADO MOÍDO , INTENSIDADE: SUAVE , TIPO: TRADICIONAL , EMPACOTAMENTO: VÁCUO ","n_fornecedores","2025-03",2025-03-01,12,17.2846118722303,-5.28461187223028,TRUE,-8.1707,1.4241,0,"***","I"
606524,"CAFÉ, APRESENTAÇÃO: TORRADO MOÍDO , INTENSIDADE: SUAVE , TIPO: TRADICIONAL , EMPACOTAMENTO: VÁCUO ","n_fornecedores","2025-04",2025-04-01,9,21.4516835767788,-12.4516835767788,TRUE,-8.1707,1.4241,0,"***","I"
606524,"CAFÉ, APRESENTAÇÃO: TORRADO MOÍDO , INTENSIDADE: SUAVE , TIPO: TRADICIONAL , EMPACOTAMENTO: VÁCUO ","n_fornecedores","2025-05",2025-05-01,9,20.4126494807621,-11.4126494807621,TRUE,-8.1707,1.4241,0,"***","I"
606524,"CAFÉ, APRESENTAÇÃO: TORRADO MOÍDO , INTENSIDADE: SUAVE , TIPO: TRADICIONAL , EMPACOTAMENTO: VÁCUO ","n_fornecedores","2025-06",2025-06-01,7,16.4669584876167,-9.46695848761672,TRUE,-8.1707,1.4241,0,"***","I"
606524,"CAFÉ, APRESENTAÇÃO: TORRADO MOÍDO , INTENSIDADE: SUAVE , TIPO: TRADICIONAL , EMPACOTAMENTO: VÁCUO ","n_fornecedores","2025-07",2025-07-01,10,19.7809255420569,-9.78092554205694,TRUE,-8.1707,1.4241,0,"***","I"
606524,"CAFÉ, APRESENTAÇÃO: TORRADO MOÍDO , INTENSIDADE: SUAVE , TIPO: TRADICIONAL , EMPACOTAMENTO: VÁCUO ","n_fornecedores","2025-08",2025-08-01,8,20.5388098448664,-12.5388098448664,TRUE,-8.1707,1.4241,0,"***","I"
606524,"CAFÉ, APRESENTAÇÃO: TORRADO MOÍDO , INTENSIDADE: SUAVE , TIPO: TRADICIONAL , EMPACOTAMENTO: VÁCUO ","n_fornecedores","2025-09",2025-09-01,8,23.0093125141017,-15.0093125141017,TRUE,-8.1707,1.4241,0,"***","I"
606524,"CAFÉ, APRESENTAÇÃO: TORRADO MOÍDO , INTENSIDADE: SUAVE , TIPO: TRADICIONAL , EMPACOTAMENTO: VÁCUO ","n_fornecedores","2025-10",2025-10-01,13,25.5053175595841,-12.5053175595841,TRUE,-8.1707,1.4241,0,"***","I"
606524,"CAFÉ, APRESENTAÇÃO: TORRADO MOÍDO , INTENSIDADE: SUAVE , TIPO: TRADICIONAL , EMPACOTAMENTO: VÁCUO ","n_fornecedores","2025-11",2025-11-01,12,20.7263167028958,-8.72631670289575,TRUE,-8.1707,1.4241,0,"***","I"
606524,"CAFÉ, APRESENTAÇÃO: TORRADO MOÍDO , INTENSIDADE: SUAVE , TIPO: TRADICIONAL , EMPACOTAMENTO: VÁCUO ","n_fornecedores","2025-12",2025-12-01,7,22.0367630809952,-15.0367630809952,TRUE,-8.1707,1.4241,0,"***","I"
