"catmat","descricao","outcome","periodo_ref","date","Y_real","Y_sint","gap","pos_tratamento","ATT","SE_placebo","p_valor","sig","tipo"
445484,"ÁGUA MINERAL NATURAL, TIPO: SEM GÁS , MATERIAL EMBALAGEM: PLÁSTICO , TIPO EMBALAGEM: DESCARTÁVEL ","median_preco","2021-12",2021-12-01,1.6025,1.66204292309525,-0.0595429230952476,FALSE,-0.2601,0.5697,0.648,"","II"
445484,"ÁGUA MINERAL NATURAL, TIPO: SEM GÁS , MATERIAL EMBALAGEM: PLÁSTICO , TIPO EMBALAGEM: DESCARTÁVEL ","median_preco","2022-01",2022-01-01,2.4,2.29131741226474,0.108682587735256,FALSE,-0.2601,0.5697,0.648,"","II"
445484,"ÁGUA MINERAL NATURAL, TIPO: SEM GÁS , MATERIAL EMBALAGEM: PLÁSTICO , TIPO EMBALAGEM: DESCARTÁVEL ","median_preco","2022-02",2022-02-01,1.9,1.83649352303016,0.0635064769698428,FALSE,-0.2601,0.5697,0.648,"","II"
445484,"ÁGUA MINERAL NATURAL, TIPO: SEM GÁS , MATERIAL EMBALAGEM: PLÁSTICO , TIPO EMBALAGEM: DESCARTÁVEL ","median_preco","2022-03",2022-03-01,2.30908333333333,2.19707899662984,0.112004336703493,FALSE,-0.2601,0.5697,0.648,"","II"
445484,"ÁGUA MINERAL NATURAL, TIPO: SEM GÁS , MATERIAL EMBALAGEM: PLÁSTICO , TIPO EMBALAGEM: DESCARTÁVEL ","median_preco","2022-04",2022-04-01,2.13,2.15091686805854,-0.0209168680585412,FALSE,-0.2601,0.5697,0.648,"","II"
445484,"ÁGUA MINERAL NATURAL, TIPO: SEM GÁS , MATERIAL EMBALAGEM: PLÁSTICO , TIPO EMBALAGEM: DESCARTÁVEL ","median_preco","2022-05",2022-05-01,1.56666666666667,1.71269646198923,-0.146029795322568,FALSE,-0.2601,0.5697,0.648,"","II"
445484,"ÁGUA MINERAL NATURAL, TIPO: SEM GÁS , MATERIAL EMBALAGEM: PLÁSTICO , TIPO EMBALAGEM: DESCARTÁVEL ","median_preco","2022-06",2022-06-01,1.82176470588235,1.92466341884382,-0.102898712961468,FALSE,-0.2601,0.5697,0.648,"","II"
445484,"ÁGUA MINERAL NATURAL, TIPO: SEM GÁS , MATERIAL EMBALAGEM: PLÁSTICO , TIPO EMBALAGEM: DESCARTÁVEL ","median_preco","2022-07",2022-07-01,2,1.89949454566785,0.10050545433215,FALSE,-0.2601,0.5697,0.648,"","II"
445484,"ÁGUA MINERAL NATURAL, TIPO: SEM GÁS , MATERIAL EMBALAGEM: PLÁSTICO , TIPO EMBALAGEM: DESCARTÁVEL ","median_preco","2022-08",2022-08-01,1.99333333333333,2.01691094886281,-0.0235776155294791,FALSE,-0.2601,0.5697,0.648,"","II"
445484,"ÁGUA MINERAL NATURAL, TIPO: SEM GÁS , MATERIAL EMBALAGEM: PLÁSTICO , TIPO EMBALAGEM: DESCARTÁVEL ","median_preco","2022-09",2022-09-01,2.65,2.66000078511474,-0.0100007851147437,FALSE,-0.2601,0.5697,0.648,"","II"
445484,"ÁGUA MINERAL NATURAL, TIPO: SEM GÁS , MATERIAL EMBALAGEM: PLÁSTICO , TIPO EMBALAGEM: DESCARTÁVEL ","median_preco","2022-10",2022-10-01,2.7,2.533414938154,0.166585061845997,FALSE,-0.2601,0.5697,0.648,"","II"
445484,"ÁGUA MINERAL NATURAL, TIPO: SEM GÁS , MATERIAL EMBALAGEM: PLÁSTICO , TIPO EMBALAGEM: DESCARTÁVEL ","median_preco","2022-11",2022-11-01,1.79,1.94848564710636,-0.158485647106363,FALSE,-0.2601,0.5697,0.648,"","II"
445484,"ÁGUA MINERAL NATURAL, TIPO: SEM GÁS , MATERIAL EMBALAGEM: PLÁSTICO , TIPO EMBALAGEM: DESCARTÁVEL ","median_preco","2022-12",2022-12-01,2.43,2.40701405210524,0.0229859478947567,FALSE,-0.2601,0.5697,0.648,"","II"
445484,"ÁGUA MINERAL NATURAL, TIPO: SEM GÁS , MATERIAL EMBALAGEM: PLÁSTICO , TIPO EMBALAGEM: DESCARTÁVEL ","median_preco","2023-01",2023-01-01,2.25,2.25889806203099,-0.00889806203098686,FALSE,-0.2601,0.5697,0.648,"","II"
445484,"ÁGUA MINERAL NATURAL, TIPO: SEM GÁS , MATERIAL EMBALAGEM: PLÁSTICO , TIPO EMBALAGEM: DESCARTÁVEL ","median_preco","2023-02",2023-02-01,2,2.1135698221446,-0.113569822144598,FALSE,-0.2601,0.5697,0.648,"","II"
445484,"ÁGUA MINERAL NATURAL, TIPO: SEM GÁS , MATERIAL EMBALAGEM: PLÁSTICO , TIPO EMBALAGEM: DESCARTÁVEL ","median_preco","2023-03",2023-03-01,2.3,2.2321338750835,0.0678661249165011,FALSE,-0.2601,0.5697,0.648,"","II"
445484,"ÁGUA MINERAL NATURAL, TIPO: SEM GÁS , MATERIAL EMBALAGEM: PLÁSTICO , TIPO EMBALAGEM: DESCARTÁVEL ","median_preco","2023-04",2023-04-01,1.9,2.29679036455905,-0.396790364559055,TRUE,-0.2601,0.5697,0.648,"","II"
445484,"ÁGUA MINERAL NATURAL, TIPO: SEM GÁS , MATERIAL EMBALAGEM: PLÁSTICO , TIPO EMBALAGEM: DESCARTÁVEL ","median_preco","2023-05",2023-05-01,2.05,2.69534050988627,-0.645340509886275,TRUE,-0.2601,0.5697,0.648,"","II"
445484,"ÁGUA MINERAL NATURAL, TIPO: SEM GÁS , MATERIAL EMBALAGEM: PLÁSTICO , TIPO EMBALAGEM: DESCARTÁVEL ","median_preco","2023-06",2023-06-01,2.325,1.97971187213898,0.345288127861021,TRUE,-0.2601,0.5697,0.648,"","II"
445484,"ÁGUA MINERAL NATURAL, TIPO: SEM GÁS , MATERIAL EMBALAGEM: PLÁSTICO , TIPO EMBALAGEM: DESCARTÁVEL ","median_preco","2023-07",2023-07-01,2.3,1.97642198362768,0.323578016372316,TRUE,-0.2601,0.5697,0.648,"","II"
445484,"ÁGUA MINERAL NATURAL, TIPO: SEM GÁS , MATERIAL EMBALAGEM: PLÁSTICO , TIPO EMBALAGEM: DESCARTÁVEL ","median_preco","2023-08",2023-08-01,1.945,2.26103982546669,-0.316039825466685,TRUE,-0.2601,0.5697,0.648,"","II"
445484,"ÁGUA MINERAL NATURAL, TIPO: SEM GÁS , MATERIAL EMBALAGEM: PLÁSTICO , TIPO EMBALAGEM: DESCARTÁVEL ","median_preco","2023-09",2023-09-01,2.14333333333333,2.07747618815946,0.065857145173875,TRUE,-0.2601,0.5697,0.648,"","II"
445484,"ÁGUA MINERAL NATURAL, TIPO: SEM GÁS , MATERIAL EMBALAGEM: PLÁSTICO , TIPO EMBALAGEM: DESCARTÁVEL ","median_preco","2023-10",2023-10-01,2.18,1.93062612206997,0.24937387793003,TRUE,-0.2601,0.5697,0.648,"","II"
445484,"ÁGUA MINERAL NATURAL, TIPO: SEM GÁS , MATERIAL EMBALAGEM: PLÁSTICO , TIPO EMBALAGEM: DESCARTÁVEL ","median_preco","2023-11",2023-11-01,2.2,2.08288988371676,0.117110116283244,TRUE,-0.2601,0.5697,0.648,"","II"
445484,"ÁGUA MINERAL NATURAL, TIPO: SEM GÁS , MATERIAL EMBALAGEM: PLÁSTICO , TIPO EMBALAGEM: DESCARTÁVEL ","median_preco","2023-12",2023-12-01,2,2.11051067578385,-0.110510675783848,TRUE,-0.2601,0.5697,0.648,"","II"
445484,"ÁGUA MINERAL NATURAL, TIPO: SEM GÁS , MATERIAL EMBALAGEM: PLÁSTICO , TIPO EMBALAGEM: DESCARTÁVEL ","median_preco","2024-01",2024-01-01,1.78,2.44536262833602,-0.665362628336015,TRUE,-0.2601,0.5697,0.648,"","II"
445484,"ÁGUA MINERAL NATURAL, TIPO: SEM GÁS , MATERIAL EMBALAGEM: PLÁSTICO , TIPO EMBALAGEM: DESCARTÁVEL ","median_preco","2024-02",2024-02-01,2,2.39209198508524,-0.392091985085237,TRUE,-0.2601,0.5697,0.648,"","II"
445484,"ÁGUA MINERAL NATURAL, TIPO: SEM GÁS , MATERIAL EMBALAGEM: PLÁSTICO , TIPO EMBALAGEM: DESCARTÁVEL ","median_preco","2024-03",2024-03-01,2.18,2.7919703900273,-0.611970390027298,TRUE,-0.2601,0.5697,0.648,"","II"
445484,"ÁGUA MINERAL NATURAL, TIPO: SEM GÁS , MATERIAL EMBALAGEM: PLÁSTICO , TIPO EMBALAGEM: DESCARTÁVEL ","median_preco","2024-04",2024-04-01,2.18,2.49420821494387,-0.314208214943875,TRUE,-0.2601,0.5697,0.648,"","II"
445484,"ÁGUA MINERAL NATURAL, TIPO: SEM GÁS , MATERIAL EMBALAGEM: PLÁSTICO , TIPO EMBALAGEM: DESCARTÁVEL ","median_preco","2024-05",2024-05-01,2.28,2.48845229299514,-0.208452292995138,TRUE,-0.2601,0.5697,0.648,"","II"
445484,"ÁGUA MINERAL NATURAL, TIPO: SEM GÁS , MATERIAL EMBALAGEM: PLÁSTICO , TIPO EMBALAGEM: DESCARTÁVEL ","median_preco","2024-06",2024-06-01,2.38,3.04840207100532,-0.668402071005318,TRUE,-0.2601,0.5697,0.648,"","II"
445484,"ÁGUA MINERAL NATURAL, TIPO: SEM GÁS , MATERIAL EMBALAGEM: PLÁSTICO , TIPO EMBALAGEM: DESCARTÁVEL ","median_preco","2024-07",2024-07-01,1.94,2.4561092534075,-0.516109253407499,TRUE,-0.2601,0.5697,0.648,"","II"
445484,"ÁGUA MINERAL NATURAL, TIPO: SEM GÁS , MATERIAL EMBALAGEM: PLÁSTICO , TIPO EMBALAGEM: DESCARTÁVEL ","median_preco","2024-08",2024-08-01,1.8,2.40991527814211,-0.60991527814211,TRUE,-0.2601,0.5697,0.648,"","II"
445484,"ÁGUA MINERAL NATURAL, TIPO: SEM GÁS , MATERIAL EMBALAGEM: PLÁSTICO , TIPO EMBALAGEM: DESCARTÁVEL ","median_preco","2024-09",2024-09-01,1.99,2.25513718099427,-0.26513718099427,TRUE,-0.2601,0.5697,0.648,"","II"
445484,"ÁGUA MINERAL NATURAL, TIPO: SEM GÁS , MATERIAL EMBALAGEM: PLÁSTICO , TIPO EMBALAGEM: DESCARTÁVEL ","median_preco","2024-10",2024-10-01,2.37,2.48193111208533,-0.111931112085328,TRUE,-0.2601,0.5697,0.648,"","II"
445484,"ÁGUA MINERAL NATURAL, TIPO: SEM GÁS , MATERIAL EMBALAGEM: PLÁSTICO , TIPO EMBALAGEM: DESCARTÁVEL ","median_preco","2024-11",2024-11-01,2.9,2.52647116308983,0.373528836910171,TRUE,-0.2601,0.5697,0.648,"","II"
445484,"ÁGUA MINERAL NATURAL, TIPO: SEM GÁS , MATERIAL EMBALAGEM: PLÁSTICO , TIPO EMBALAGEM: DESCARTÁVEL ","median_preco","2024-12",2024-12-01,1.82,2.32817188517937,-0.508171885179372,TRUE,-0.2601,0.5697,0.648,"","II"
445484,"ÁGUA MINERAL NATURAL, TIPO: SEM GÁS , MATERIAL EMBALAGEM: PLÁSTICO , TIPO EMBALAGEM: DESCARTÁVEL ","median_preco","2025-01",2025-01-01,1.99,2.21651140818684,-0.226511408186841,TRUE,-0.2601,0.5697,0.648,"","II"
445484,"ÁGUA MINERAL NATURAL, TIPO: SEM GÁS , MATERIAL EMBALAGEM: PLÁSTICO , TIPO EMBALAGEM: DESCARTÁVEL ","median_preco","2025-02",2025-02-01,2.1,2.2227979119851,-0.122797911985098,TRUE,-0.2601,0.5697,0.648,"","II"
445484,"ÁGUA MINERAL NATURAL, TIPO: SEM GÁS , MATERIAL EMBALAGEM: PLÁSTICO , TIPO EMBALAGEM: DESCARTÁVEL ","median_preco","2025-03",2025-03-01,1.9,2.20470240024486,-0.304702400244859,TRUE,-0.2601,0.5697,0.648,"","II"
445484,"ÁGUA MINERAL NATURAL, TIPO: SEM GÁS , MATERIAL EMBALAGEM: PLÁSTICO , TIPO EMBALAGEM: DESCARTÁVEL ","median_preco","2025-04",2025-04-01,2.7,2.85125099941001,-0.151250999410007,TRUE,-0.2601,0.5697,0.648,"","II"
445484,"ÁGUA MINERAL NATURAL, TIPO: SEM GÁS , MATERIAL EMBALAGEM: PLÁSTICO , TIPO EMBALAGEM: DESCARTÁVEL ","median_preco","2025-05",2025-05-01,1.8,2.43216304041893,-0.632163040418925,TRUE,-0.2601,0.5697,0.648,"","II"
445484,"ÁGUA MINERAL NATURAL, TIPO: SEM GÁS , MATERIAL EMBALAGEM: PLÁSTICO , TIPO EMBALAGEM: DESCARTÁVEL ","median_preco","2025-06",2025-06-01,2.475,2.61205624582125,-0.137056245821245,TRUE,-0.2601,0.5697,0.648,"","II"
445484,"ÁGUA MINERAL NATURAL, TIPO: SEM GÁS , MATERIAL EMBALAGEM: PLÁSTICO , TIPO EMBALAGEM: DESCARTÁVEL ","median_preco","2025-07",2025-07-01,2.62,2.39878453810671,0.221215461893294,TRUE,-0.2601,0.5697,0.648,"","II"
445484,"ÁGUA MINERAL NATURAL, TIPO: SEM GÁS , MATERIAL EMBALAGEM: PLÁSTICO , TIPO EMBALAGEM: DESCARTÁVEL ","median_preco","2025-08",2025-08-01,2.02,2.61579678712873,-0.595796787128729,TRUE,-0.2601,0.5697,0.648,"","II"
445484,"ÁGUA MINERAL NATURAL, TIPO: SEM GÁS , MATERIAL EMBALAGEM: PLÁSTICO , TIPO EMBALAGEM: DESCARTÁVEL ","median_preco","2025-09",2025-09-01,2.17823529411765,2.85612622215839,-0.677890928040743,TRUE,-0.2601,0.5697,0.648,"","II"
445484,"ÁGUA MINERAL NATURAL, TIPO: SEM GÁS , MATERIAL EMBALAGEM: PLÁSTICO , TIPO EMBALAGEM: DESCARTÁVEL ","median_preco","2025-10",2025-10-01,2.2,2.28542959552527,-0.0854295955252704,TRUE,-0.2601,0.5697,0.648,"","II"
445484,"ÁGUA MINERAL NATURAL, TIPO: SEM GÁS , MATERIAL EMBALAGEM: PLÁSTICO , TIPO EMBALAGEM: DESCARTÁVEL ","median_preco","2025-11",2025-11-01,1.695,2.62487987031584,-0.929879870315842,TRUE,-0.2601,0.5697,0.648,"","II"
445484,"ÁGUA MINERAL NATURAL, TIPO: SEM GÁS , MATERIAL EMBALAGEM: PLÁSTICO , TIPO EMBALAGEM: DESCARTÁVEL ","median_preco","2025-12",2025-12-01,2.14,2.21512834276339,-0.0751283427633891,TRUE,-0.2601,0.5697,0.648,"","II"
445484,"ÁGUA MINERAL NATURAL, TIPO: SEM GÁS , MATERIAL EMBALAGEM: PLÁSTICO , TIPO EMBALAGEM: DESCARTÁVEL ","n_combinacoes_unidade","2021-12",2021-12-01,12,10.5621828632747,1.4378171367253,FALSE,0.2163,0.5582,0.6984,"","III"
445484,"ÁGUA MINERAL NATURAL, TIPO: SEM GÁS , MATERIAL EMBALAGEM: PLÁSTICO , TIPO EMBALAGEM: DESCARTÁVEL ","n_combinacoes_unidade","2022-01",2022-01-01,9,8.27086042991848,0.72913957008152,FALSE,0.2163,0.5582,0.6984,"","III"
445484,"ÁGUA MINERAL NATURAL, TIPO: SEM GÁS , MATERIAL EMBALAGEM: PLÁSTICO , TIPO EMBALAGEM: DESCARTÁVEL ","n_combinacoes_unidade","2022-02",2022-02-01,10,9.87085248672521,0.129147513274788,FALSE,0.2163,0.5582,0.6984,"","III"
445484,"ÁGUA MINERAL NATURAL, TIPO: SEM GÁS , MATERIAL EMBALAGEM: PLÁSTICO , TIPO EMBALAGEM: DESCARTÁVEL ","n_combinacoes_unidade","2022-03",2022-03-01,11,10.2223538405961,0.777646159403904,FALSE,0.2163,0.5582,0.6984,"","III"
445484,"ÁGUA MINERAL NATURAL, TIPO: SEM GÁS , MATERIAL EMBALAGEM: PLÁSTICO , TIPO EMBALAGEM: DESCARTÁVEL ","n_combinacoes_unidade","2022-04",2022-04-01,11,10.5572932562343,0.442706743765662,FALSE,0.2163,0.5582,0.6984,"","III"
445484,"ÁGUA MINERAL NATURAL, TIPO: SEM GÁS , MATERIAL EMBALAGEM: PLÁSTICO , TIPO EMBALAGEM: DESCARTÁVEL ","n_combinacoes_unidade","2022-05",2022-05-01,9,10.1331619702111,-1.13316197021112,FALSE,0.2163,0.5582,0.6984,"","III"
445484,"ÁGUA MINERAL NATURAL, TIPO: SEM GÁS , MATERIAL EMBALAGEM: PLÁSTICO , TIPO EMBALAGEM: DESCARTÁVEL ","n_combinacoes_unidade","2022-06",2022-06-01,12,11.4057266976459,0.594273302354079,FALSE,0.2163,0.5582,0.6984,"","III"
445484,"ÁGUA MINERAL NATURAL, TIPO: SEM GÁS , MATERIAL EMBALAGEM: PLÁSTICO , TIPO EMBALAGEM: DESCARTÁVEL ","n_combinacoes_unidade","2022-07",2022-07-01,12,10.3041445262798,1.69585547372017,FALSE,0.2163,0.5582,0.6984,"","III"
445484,"ÁGUA MINERAL NATURAL, TIPO: SEM GÁS , MATERIAL EMBALAGEM: PLÁSTICO , TIPO EMBALAGEM: DESCARTÁVEL ","n_combinacoes_unidade","2022-08",2022-08-01,12,11.0773942747641,0.92260572523594,FALSE,0.2163,0.5582,0.6984,"","III"
445484,"ÁGUA MINERAL NATURAL, TIPO: SEM GÁS , MATERIAL EMBALAGEM: PLÁSTICO , TIPO EMBALAGEM: DESCARTÁVEL ","n_combinacoes_unidade","2022-09",2022-09-01,11,9.93473268314572,1.06526731685428,FALSE,0.2163,0.5582,0.6984,"","III"
445484,"ÁGUA MINERAL NATURAL, TIPO: SEM GÁS , MATERIAL EMBALAGEM: PLÁSTICO , TIPO EMBALAGEM: DESCARTÁVEL ","n_combinacoes_unidade","2022-10",2022-10-01,11,10.2638631457873,0.736136854212681,FALSE,0.2163,0.5582,0.6984,"","III"
445484,"ÁGUA MINERAL NATURAL, TIPO: SEM GÁS , MATERIAL EMBALAGEM: PLÁSTICO , TIPO EMBALAGEM: DESCARTÁVEL ","n_combinacoes_unidade","2022-11",2022-11-01,10,10.4422448916545,-0.442244891654482,FALSE,0.2163,0.5582,0.6984,"","III"
445484,"ÁGUA MINERAL NATURAL, TIPO: SEM GÁS , MATERIAL EMBALAGEM: PLÁSTICO , TIPO EMBALAGEM: DESCARTÁVEL ","n_combinacoes_unidade","2022-12",2022-12-01,9,8.59810814393302,0.401891856066984,FALSE,0.2163,0.5582,0.6984,"","III"
445484,"ÁGUA MINERAL NATURAL, TIPO: SEM GÁS , MATERIAL EMBALAGEM: PLÁSTICO , TIPO EMBALAGEM: DESCARTÁVEL ","n_combinacoes_unidade","2023-01",2023-01-01,6,7.78235182587417,-1.78235182587417,FALSE,0.2163,0.5582,0.6984,"","III"
445484,"ÁGUA MINERAL NATURAL, TIPO: SEM GÁS , MATERIAL EMBALAGEM: PLÁSTICO , TIPO EMBALAGEM: DESCARTÁVEL ","n_combinacoes_unidade","2023-02",2023-02-01,7,9.29417653311154,-2.29417653311154,FALSE,0.2163,0.5582,0.6984,"","III"
445484,"ÁGUA MINERAL NATURAL, TIPO: SEM GÁS , MATERIAL EMBALAGEM: PLÁSTICO , TIPO EMBALAGEM: DESCARTÁVEL ","n_combinacoes_unidade","2023-03",2023-03-01,8,9.46557480270697,-1.46557480270697,FALSE,0.2163,0.5582,0.6984,"","III"
445484,"ÁGUA MINERAL NATURAL, TIPO: SEM GÁS , MATERIAL EMBALAGEM: PLÁSTICO , TIPO EMBALAGEM: DESCARTÁVEL ","n_combinacoes_unidade","2023-04",2023-04-01,9,10.4465164737031,-1.44651647370307,TRUE,0.2163,0.5582,0.6984,"","III"
445484,"ÁGUA MINERAL NATURAL, TIPO: SEM GÁS , MATERIAL EMBALAGEM: PLÁSTICO , TIPO EMBALAGEM: DESCARTÁVEL ","n_combinacoes_unidade","2023-05",2023-05-01,11,9.12056967284908,1.87943032715092,TRUE,0.2163,0.5582,0.6984,"","III"
445484,"ÁGUA MINERAL NATURAL, TIPO: SEM GÁS , MATERIAL EMBALAGEM: PLÁSTICO , TIPO EMBALAGEM: DESCARTÁVEL ","n_combinacoes_unidade","2023-06",2023-06-01,12,11.4001112075825,0.599888792417492,TRUE,0.2163,0.5582,0.6984,"","III"
445484,"ÁGUA MINERAL NATURAL, TIPO: SEM GÁS , MATERIAL EMBALAGEM: PLÁSTICO , TIPO EMBALAGEM: DESCARTÁVEL ","n_combinacoes_unidade","2023-07",2023-07-01,12,9.04470195454863,2.95529804545137,TRUE,0.2163,0.5582,0.6984,"","III"
445484,"ÁGUA MINERAL NATURAL, TIPO: SEM GÁS , MATERIAL EMBALAGEM: PLÁSTICO , TIPO EMBALAGEM: DESCARTÁVEL ","n_combinacoes_unidade","2023-08",2023-08-01,8,10.6331394748361,-2.63313947483614,TRUE,0.2163,0.5582,0.6984,"","III"
445484,"ÁGUA MINERAL NATURAL, TIPO: SEM GÁS , MATERIAL EMBALAGEM: PLÁSTICO , TIPO EMBALAGEM: DESCARTÁVEL ","n_combinacoes_unidade","2023-09",2023-09-01,12,10.0136544038863,1.98634559611371,TRUE,0.2163,0.5582,0.6984,"","III"
445484,"ÁGUA MINERAL NATURAL, TIPO: SEM GÁS , MATERIAL EMBALAGEM: PLÁSTICO , TIPO EMBALAGEM: DESCARTÁVEL ","n_combinacoes_unidade","2023-10",2023-10-01,13,9.40651459986471,3.59348540013529,TRUE,0.2163,0.5582,0.6984,"","III"
445484,"ÁGUA MINERAL NATURAL, TIPO: SEM GÁS , MATERIAL EMBALAGEM: PLÁSTICO , TIPO EMBALAGEM: DESCARTÁVEL ","n_combinacoes_unidade","2023-11",2023-11-01,7,9.98204511461126,-2.98204511461126,TRUE,0.2163,0.5582,0.6984,"","III"
445484,"ÁGUA MINERAL NATURAL, TIPO: SEM GÁS , MATERIAL EMBALAGEM: PLÁSTICO , TIPO EMBALAGEM: DESCARTÁVEL ","n_combinacoes_unidade","2023-12",2023-12-01,10,9.5607055036552,0.4392944963448,TRUE,0.2163,0.5582,0.6984,"","III"
445484,"ÁGUA MINERAL NATURAL, TIPO: SEM GÁS , MATERIAL EMBALAGEM: PLÁSTICO , TIPO EMBALAGEM: DESCARTÁVEL ","n_combinacoes_unidade","2024-01",2024-01-01,9,9.1508255112551,-0.150825511255096,TRUE,0.2163,0.5582,0.6984,"","III"
445484,"ÁGUA MINERAL NATURAL, TIPO: SEM GÁS , MATERIAL EMBALAGEM: PLÁSTICO , TIPO EMBALAGEM: DESCARTÁVEL ","n_combinacoes_unidade","2024-02",2024-02-01,7,9.30987097457608,-2.30987097457608,TRUE,0.2163,0.5582,0.6984,"","III"
445484,"ÁGUA MINERAL NATURAL, TIPO: SEM GÁS , MATERIAL EMBALAGEM: PLÁSTICO , TIPO EMBALAGEM: DESCARTÁVEL ","n_combinacoes_unidade","2024-03",2024-03-01,10,10.3380286712112,-0.338028671211159,TRUE,0.2163,0.5582,0.6984,"","III"
445484,"ÁGUA MINERAL NATURAL, TIPO: SEM GÁS , MATERIAL EMBALAGEM: PLÁSTICO , TIPO EMBALAGEM: DESCARTÁVEL ","n_combinacoes_unidade","2024-04",2024-04-01,7,9.09615651806713,-2.09615651806713,TRUE,0.2163,0.5582,0.6984,"","III"
445484,"ÁGUA MINERAL NATURAL, TIPO: SEM GÁS , MATERIAL EMBALAGEM: PLÁSTICO , TIPO EMBALAGEM: DESCARTÁVEL ","n_combinacoes_unidade","2024-05",2024-05-01,13,9.56905552186194,3.43094447813806,TRUE,0.2163,0.5582,0.6984,"","III"
445484,"ÁGUA MINERAL NATURAL, TIPO: SEM GÁS , MATERIAL EMBALAGEM: PLÁSTICO , TIPO EMBALAGEM: DESCARTÁVEL ","n_combinacoes_unidade","2024-06",2024-06-01,8,9.41208376695062,-1.41208376695062,TRUE,0.2163,0.5582,0.6984,"","III"
445484,"ÁGUA MINERAL NATURAL, TIPO: SEM GÁS , MATERIAL EMBALAGEM: PLÁSTICO , TIPO EMBALAGEM: DESCARTÁVEL ","n_combinacoes_unidade","2024-07",2024-07-01,11,10.4305001550237,0.569499844976294,TRUE,0.2163,0.5582,0.6984,"","III"
445484,"ÁGUA MINERAL NATURAL, TIPO: SEM GÁS , MATERIAL EMBALAGEM: PLÁSTICO , TIPO EMBALAGEM: DESCARTÁVEL ","n_combinacoes_unidade","2024-08",2024-08-01,10,10.1784345870009,-0.178434587000883,TRUE,0.2163,0.5582,0.6984,"","III"
445484,"ÁGUA MINERAL NATURAL, TIPO: SEM GÁS , MATERIAL EMBALAGEM: PLÁSTICO , TIPO EMBALAGEM: DESCARTÁVEL ","n_combinacoes_unidade","2024-09",2024-09-01,12,10.0543916069472,1.94560839305277,TRUE,0.2163,0.5582,0.6984,"","III"
445484,"ÁGUA MINERAL NATURAL, TIPO: SEM GÁS , MATERIAL EMBALAGEM: PLÁSTICO , TIPO EMBALAGEM: DESCARTÁVEL ","n_combinacoes_unidade","2024-10",2024-10-01,11,9.70580421796215,1.29419578203785,TRUE,0.2163,0.5582,0.6984,"","III"
445484,"ÁGUA MINERAL NATURAL, TIPO: SEM GÁS , MATERIAL EMBALAGEM: PLÁSTICO , TIPO EMBALAGEM: DESCARTÁVEL ","n_combinacoes_unidade","2024-11",2024-11-01,12,9.71533235282529,2.28466764717471,TRUE,0.2163,0.5582,0.6984,"","III"
445484,"ÁGUA MINERAL NATURAL, TIPO: SEM GÁS , MATERIAL EMBALAGEM: PLÁSTICO , TIPO EMBALAGEM: DESCARTÁVEL ","n_combinacoes_unidade","2024-12",2024-12-01,11,9.15727608721306,1.84272391278694,TRUE,0.2163,0.5582,0.6984,"","III"
445484,"ÁGUA MINERAL NATURAL, TIPO: SEM GÁS , MATERIAL EMBALAGEM: PLÁSTICO , TIPO EMBALAGEM: DESCARTÁVEL ","n_combinacoes_unidade","2025-01",2025-01-01,8,8.67705953204638,-0.677059532046382,TRUE,0.2163,0.5582,0.6984,"","III"
445484,"ÁGUA MINERAL NATURAL, TIPO: SEM GÁS , MATERIAL EMBALAGEM: PLÁSTICO , TIPO EMBALAGEM: DESCARTÁVEL ","n_combinacoes_unidade","2025-02",2025-02-01,8,8.9382577460253,-0.938257746025297,TRUE,0.2163,0.5582,0.6984,"","III"
445484,"ÁGUA MINERAL NATURAL, TIPO: SEM GÁS , MATERIAL EMBALAGEM: PLÁSTICO , TIPO EMBALAGEM: DESCARTÁVEL ","n_combinacoes_unidade","2025-03",2025-03-01,7,9.16826238518262,-2.16826238518262,TRUE,0.2163,0.5582,0.6984,"","III"
445484,"ÁGUA MINERAL NATURAL, TIPO: SEM GÁS , MATERIAL EMBALAGEM: PLÁSTICO , TIPO EMBALAGEM: DESCARTÁVEL ","n_combinacoes_unidade","2025-04",2025-04-01,10,9.73322011440757,0.266779885592429,TRUE,0.2163,0.5582,0.6984,"","III"
445484,"ÁGUA MINERAL NATURAL, TIPO: SEM GÁS , MATERIAL EMBALAGEM: PLÁSTICO , TIPO EMBALAGEM: DESCARTÁVEL ","n_combinacoes_unidade","2025-05",2025-05-01,10,8.73354599853867,1.26645400146133,TRUE,0.2163,0.5582,0.6984,"","III"
445484,"ÁGUA MINERAL NATURAL, TIPO: SEM GÁS , MATERIAL EMBALAGEM: PLÁSTICO , TIPO EMBALAGEM: DESCARTÁVEL ","n_combinacoes_unidade","2025-06",2025-06-01,13,9.87894177042361,3.12105822957639,TRUE,0.2163,0.5582,0.6984,"","III"
445484,"ÁGUA MINERAL NATURAL, TIPO: SEM GÁS , MATERIAL EMBALAGEM: PLÁSTICO , TIPO EMBALAGEM: DESCARTÁVEL ","n_combinacoes_unidade","2025-07",2025-07-01,9,9.7267298989271,-0.7267298989271,TRUE,0.2163,0.5582,0.6984,"","III"
445484,"ÁGUA MINERAL NATURAL, TIPO: SEM GÁS , MATERIAL EMBALAGEM: PLÁSTICO , TIPO EMBALAGEM: DESCARTÁVEL ","n_combinacoes_unidade","2025-08",2025-08-01,7,9.88251183431672,-2.88251183431672,TRUE,0.2163,0.5582,0.6984,"","III"
445484,"ÁGUA MINERAL NATURAL, TIPO: SEM GÁS , MATERIAL EMBALAGEM: PLÁSTICO , TIPO EMBALAGEM: DESCARTÁVEL ","n_combinacoes_unidade","2025-09",2025-09-01,11,9.50780140139669,1.49219859860331,TRUE,0.2163,0.5582,0.6984,"","III"
445484,"ÁGUA MINERAL NATURAL, TIPO: SEM GÁS , MATERIAL EMBALAGEM: PLÁSTICO , TIPO EMBALAGEM: DESCARTÁVEL ","n_combinacoes_unidade","2025-10",2025-10-01,10,9.92451548031391,0.0754845196860856,TRUE,0.2163,0.5582,0.6984,"","III"
445484,"ÁGUA MINERAL NATURAL, TIPO: SEM GÁS , MATERIAL EMBALAGEM: PLÁSTICO , TIPO EMBALAGEM: DESCARTÁVEL ","n_combinacoes_unidade","2025-11",2025-11-01,8,9.77113535969814,-1.77113535969814,TRUE,0.2163,0.5582,0.6984,"","III"
445484,"ÁGUA MINERAL NATURAL, TIPO: SEM GÁS , MATERIAL EMBALAGEM: PLÁSTICO , TIPO EMBALAGEM: DESCARTÁVEL ","n_combinacoes_unidade","2025-12",2025-12-01,10,9.19545758771458,0.804542412285421,TRUE,0.2163,0.5582,0.6984,"","III"
445484,"ÁGUA MINERAL NATURAL, TIPO: SEM GÁS , MATERIAL EMBALAGEM: PLÁSTICO , TIPO EMBALAGEM: DESCARTÁVEL ","n_fornecedores","2021-12",2021-12-01,48,45.017152071163,2.98284792883705,FALSE,3.1816,1.8284,0.0818,"*","II"
445484,"ÁGUA MINERAL NATURAL, TIPO: SEM GÁS , MATERIAL EMBALAGEM: PLÁSTICO , TIPO EMBALAGEM: DESCARTÁVEL ","n_fornecedores","2022-01",2022-01-01,27,25.1233774283115,1.87662257168849,FALSE,3.1816,1.8284,0.0818,"*","II"
445484,"ÁGUA MINERAL NATURAL, TIPO: SEM GÁS , MATERIAL EMBALAGEM: PLÁSTICO , TIPO EMBALAGEM: DESCARTÁVEL ","n_fornecedores","2022-02",2022-02-01,45,38.5330311465675,6.46696885343254,FALSE,3.1816,1.8284,0.0818,"*","II"
445484,"ÁGUA MINERAL NATURAL, TIPO: SEM GÁS , MATERIAL EMBALAGEM: PLÁSTICO , TIPO EMBALAGEM: DESCARTÁVEL ","n_fornecedores","2022-03",2022-03-01,46,44.8505591497384,1.14944085026158,FALSE,3.1816,1.8284,0.0818,"*","II"
445484,"ÁGUA MINERAL NATURAL, TIPO: SEM GÁS , MATERIAL EMBALAGEM: PLÁSTICO , TIPO EMBALAGEM: DESCARTÁVEL ","n_fornecedores","2022-04",2022-04-01,40,37.5220569209598,2.4779430790402,FALSE,3.1816,1.8284,0.0818,"*","II"
445484,"ÁGUA MINERAL NATURAL, TIPO: SEM GÁS , MATERIAL EMBALAGEM: PLÁSTICO , TIPO EMBALAGEM: DESCARTÁVEL ","n_fornecedores","2022-05",2022-05-01,44,46.0615876484393,-2.06158764843927,FALSE,3.1816,1.8284,0.0818,"*","II"
445484,"ÁGUA MINERAL NATURAL, TIPO: SEM GÁS , MATERIAL EMBALAGEM: PLÁSTICO , TIPO EMBALAGEM: DESCARTÁVEL ","n_fornecedores","2022-06",2022-06-01,58,52.8876784286026,5.11232157139742,FALSE,3.1816,1.8284,0.0818,"*","II"
445484,"ÁGUA MINERAL NATURAL, TIPO: SEM GÁS , MATERIAL EMBALAGEM: PLÁSTICO , TIPO EMBALAGEM: DESCARTÁVEL ","n_fornecedores","2022-07",2022-07-01,54,52.7517121973773,1.24828780262271,FALSE,3.1816,1.8284,0.0818,"*","II"
445484,"ÁGUA MINERAL NATURAL, TIPO: SEM GÁS , MATERIAL EMBALAGEM: PLÁSTICO , TIPO EMBALAGEM: DESCARTÁVEL ","n_fornecedores","2022-08",2022-08-01,64,51.4573090031385,12.5426909968615,FALSE,3.1816,1.8284,0.0818,"*","II"
445484,"ÁGUA MINERAL NATURAL, TIPO: SEM GÁS , MATERIAL EMBALAGEM: PLÁSTICO , TIPO EMBALAGEM: DESCARTÁVEL ","n_fornecedores","2022-09",2022-09-01,49,43.2362623744382,5.7637376255618,FALSE,3.1816,1.8284,0.0818,"*","II"
445484,"ÁGUA MINERAL NATURAL, TIPO: SEM GÁS , MATERIAL EMBALAGEM: PLÁSTICO , TIPO EMBALAGEM: DESCARTÁVEL ","n_fornecedores","2022-10",2022-10-01,32,41.4642041495528,-9.46420414955279,FALSE,3.1816,1.8284,0.0818,"*","II"
445484,"ÁGUA MINERAL NATURAL, TIPO: SEM GÁS , MATERIAL EMBALAGEM: PLÁSTICO , TIPO EMBALAGEM: DESCARTÁVEL ","n_fornecedores","2022-11",2022-11-01,54,52.6896572798969,1.31034272010309,FALSE,3.1816,1.8284,0.0818,"*","II"
445484,"ÁGUA MINERAL NATURAL, TIPO: SEM GÁS , MATERIAL EMBALAGEM: PLÁSTICO , TIPO EMBALAGEM: DESCARTÁVEL ","n_fornecedores","2022-12",2022-12-01,33,38.1183260107815,-5.11832601078149,FALSE,3.1816,1.8284,0.0818,"*","II"
445484,"ÁGUA MINERAL NATURAL, TIPO: SEM GÁS , MATERIAL EMBALAGEM: PLÁSTICO , TIPO EMBALAGEM: DESCARTÁVEL ","n_fornecedores","2023-01",2023-01-01,27,30.5442989007404,-3.54429890074043,FALSE,3.1816,1.8284,0.0818,"*","II"
445484,"ÁGUA MINERAL NATURAL, TIPO: SEM GÁS , MATERIAL EMBALAGEM: PLÁSTICO , TIPO EMBALAGEM: DESCARTÁVEL ","n_fornecedores","2023-02",2023-02-01,54,44.8814166851761,9.11858331482389,FALSE,3.1816,1.8284,0.0818,"*","II"
445484,"ÁGUA MINERAL NATURAL, TIPO: SEM GÁS , MATERIAL EMBALAGEM: PLÁSTICO , TIPO EMBALAGEM: DESCARTÁVEL ","n_fornecedores","2023-03",2023-03-01,43,43.5595759163846,-0.559575916384645,FALSE,3.1816,1.8284,0.0818,"*","II"
445484,"ÁGUA MINERAL NATURAL, TIPO: SEM GÁS , MATERIAL EMBALAGEM: PLÁSTICO , TIPO EMBALAGEM: DESCARTÁVEL ","n_fornecedores","2023-04",2023-04-01,57,45.9953025051623,11.0046974948377,TRUE,3.1816,1.8284,0.0818,"*","II"
445484,"ÁGUA MINERAL NATURAL, TIPO: SEM GÁS , MATERIAL EMBALAGEM: PLÁSTICO , TIPO EMBALAGEM: DESCARTÁVEL ","n_fornecedores","2023-05",2023-05-01,40,41.1623682518875,-1.16236825188754,TRUE,3.1816,1.8284,0.0818,"*","II"
445484,"ÁGUA MINERAL NATURAL, TIPO: SEM GÁS , MATERIAL EMBALAGEM: PLÁSTICO , TIPO EMBALAGEM: DESCARTÁVEL ","n_fornecedores","2023-06",2023-06-01,69,49.4126358833004,19.5873641166996,TRUE,3.1816,1.8284,0.0818,"*","II"
445484,"ÁGUA MINERAL NATURAL, TIPO: SEM GÁS , MATERIAL EMBALAGEM: PLÁSTICO , TIPO EMBALAGEM: DESCARTÁVEL ","n_fornecedores","2023-07",2023-07-01,52,47.4955771357255,4.50442286427455,TRUE,3.1816,1.8284,0.0818,"*","II"
445484,"ÁGUA MINERAL NATURAL, TIPO: SEM GÁS , MATERIAL EMBALAGEM: PLÁSTICO , TIPO EMBALAGEM: DESCARTÁVEL ","n_fornecedores","2023-08",2023-08-01,40,46.6082185442479,-6.60821854424788,TRUE,3.1816,1.8284,0.0818,"*","II"
445484,"ÁGUA MINERAL NATURAL, TIPO: SEM GÁS , MATERIAL EMBALAGEM: PLÁSTICO , TIPO EMBALAGEM: DESCARTÁVEL ","n_fornecedores","2023-09",2023-09-01,48,42.4318022788486,5.56819772115136,TRUE,3.1816,1.8284,0.0818,"*","II"
445484,"ÁGUA MINERAL NATURAL, TIPO: SEM GÁS , MATERIAL EMBALAGEM: PLÁSTICO , TIPO EMBALAGEM: DESCARTÁVEL ","n_fornecedores","2023-10",2023-10-01,42,39.8058328230176,2.19416717698238,TRUE,3.1816,1.8284,0.0818,"*","II"
445484,"ÁGUA MINERAL NATURAL, TIPO: SEM GÁS , MATERIAL EMBALAGEM: PLÁSTICO , TIPO EMBALAGEM: DESCARTÁVEL ","n_fornecedores","2023-11",2023-11-01,36,43.3695244566852,-7.36952445668518,TRUE,3.1816,1.8284,0.0818,"*","II"
445484,"ÁGUA MINERAL NATURAL, TIPO: SEM GÁS , MATERIAL EMBALAGEM: PLÁSTICO , TIPO EMBALAGEM: DESCARTÁVEL ","n_fornecedores","2023-12",2023-12-01,58,44.2008104619664,13.7991895380336,TRUE,3.1816,1.8284,0.0818,"*","II"
445484,"ÁGUA MINERAL NATURAL, TIPO: SEM GÁS , MATERIAL EMBALAGEM: PLÁSTICO , TIPO EMBALAGEM: DESCARTÁVEL ","n_fornecedores","2024-01",2024-01-01,40,35.5161221261572,4.48387787384281,TRUE,3.1816,1.8284,0.0818,"*","II"
445484,"ÁGUA MINERAL NATURAL, TIPO: SEM GÁS , MATERIAL EMBALAGEM: PLÁSTICO , TIPO EMBALAGEM: DESCARTÁVEL ","n_fornecedores","2024-02",2024-02-01,37,38.16659794211,-1.16659794211004,TRUE,3.1816,1.8284,0.0818,"*","II"
445484,"ÁGUA MINERAL NATURAL, TIPO: SEM GÁS , MATERIAL EMBALAGEM: PLÁSTICO , TIPO EMBALAGEM: DESCARTÁVEL ","n_fornecedores","2024-03",2024-03-01,42,39.8776291288441,2.12237087115586,TRUE,3.1816,1.8284,0.0818,"*","II"
445484,"ÁGUA MINERAL NATURAL, TIPO: SEM GÁS , MATERIAL EMBALAGEM: PLÁSTICO , TIPO EMBALAGEM: DESCARTÁVEL ","n_fornecedores","2024-04",2024-04-01,28,34.8961362356226,-6.89613623562258,TRUE,3.1816,1.8284,0.0818,"*","II"
445484,"ÁGUA MINERAL NATURAL, TIPO: SEM GÁS , MATERIAL EMBALAGEM: PLÁSTICO , TIPO EMBALAGEM: DESCARTÁVEL ","n_fornecedores","2024-05",2024-05-01,42,37.4244529883537,4.57554701164628,TRUE,3.1816,1.8284,0.0818,"*","II"
445484,"ÁGUA MINERAL NATURAL, TIPO: SEM GÁS , MATERIAL EMBALAGEM: PLÁSTICO , TIPO EMBALAGEM: DESCARTÁVEL ","n_fornecedores","2024-06",2024-06-01,53,37.8429967214157,15.1570032785843,TRUE,3.1816,1.8284,0.0818,"*","II"
445484,"ÁGUA MINERAL NATURAL, TIPO: SEM GÁS , MATERIAL EMBALAGEM: PLÁSTICO , TIPO EMBALAGEM: DESCARTÁVEL ","n_fornecedores","2024-07",2024-07-01,48,46.4873599636345,1.51264003636548,TRUE,3.1816,1.8284,0.0818,"*","II"
445484,"ÁGUA MINERAL NATURAL, TIPO: SEM GÁS , MATERIAL EMBALAGEM: PLÁSTICO , TIPO EMBALAGEM: DESCARTÁVEL ","n_fornecedores","2024-08",2024-08-01,42,40.0262374853561,1.97376251464394,TRUE,3.1816,1.8284,0.0818,"*","II"
445484,"ÁGUA MINERAL NATURAL, TIPO: SEM GÁS , MATERIAL EMBALAGEM: PLÁSTICO , TIPO EMBALAGEM: DESCARTÁVEL ","n_fornecedores","2024-09",2024-09-01,48,45.6032586242577,2.39674137574228,TRUE,3.1816,1.8284,0.0818,"*","II"
445484,"ÁGUA MINERAL NATURAL, TIPO: SEM GÁS , MATERIAL EMBALAGEM: PLÁSTICO , TIPO EMBALAGEM: DESCARTÁVEL ","n_fornecedores","2024-10",2024-10-01,52,45.9160321615148,6.08396783848524,TRUE,3.1816,1.8284,0.0818,"*","II"
445484,"ÁGUA MINERAL NATURAL, TIPO: SEM GÁS , MATERIAL EMBALAGEM: PLÁSTICO , TIPO EMBALAGEM: DESCARTÁVEL ","n_fornecedores","2024-11",2024-11-01,43,42.8302004302419,0.169799569758105,TRUE,3.1816,1.8284,0.0818,"*","II"
445484,"ÁGUA MINERAL NATURAL, TIPO: SEM GÁS , MATERIAL EMBALAGEM: PLÁSTICO , TIPO EMBALAGEM: DESCARTÁVEL ","n_fornecedores","2024-12",2024-12-01,48,39.9653238999799,8.03467610002014,TRUE,3.1816,1.8284,0.0818,"*","II"
445484,"ÁGUA MINERAL NATURAL, TIPO: SEM GÁS , MATERIAL EMBALAGEM: PLÁSTICO , TIPO EMBALAGEM: DESCARTÁVEL ","n_fornecedores","2025-01",2025-01-01,29,31.2078157219709,-2.20781572197093,TRUE,3.1816,1.8284,0.0818,"*","II"
445484,"ÁGUA MINERAL NATURAL, TIPO: SEM GÁS , MATERIAL EMBALAGEM: PLÁSTICO , TIPO EMBALAGEM: DESCARTÁVEL ","n_fornecedores","2025-02",2025-02-01,37,35.1012893857191,1.89871061428086,TRUE,3.1816,1.8284,0.0818,"*","II"
445484,"ÁGUA MINERAL NATURAL, TIPO: SEM GÁS , MATERIAL EMBALAGEM: PLÁSTICO , TIPO EMBALAGEM: DESCARTÁVEL ","n_fornecedores","2025-03",2025-03-01,45,38.7836393153668,6.21636068463324,TRUE,3.1816,1.8284,0.0818,"*","II"
445484,"ÁGUA MINERAL NATURAL, TIPO: SEM GÁS , MATERIAL EMBALAGEM: PLÁSTICO , TIPO EMBALAGEM: DESCARTÁVEL ","n_fornecedores","2025-04",2025-04-01,54,43.041772806976,10.958227193024,TRUE,3.1816,1.8284,0.0818,"*","II"
445484,"ÁGUA MINERAL NATURAL, TIPO: SEM GÁS , MATERIAL EMBALAGEM: PLÁSTICO , TIPO EMBALAGEM: DESCARTÁVEL ","n_fornecedores","2025-05",2025-05-01,48,43.1607871020376,4.83921289796243,TRUE,3.1816,1.8284,0.0818,"*","II"
445484,"ÁGUA MINERAL NATURAL, TIPO: SEM GÁS , MATERIAL EMBALAGEM: PLÁSTICO , TIPO EMBALAGEM: DESCARTÁVEL ","n_fornecedores","2025-06",2025-06-01,26,36.9148022764722,-10.9148022764722,TRUE,3.1816,1.8284,0.0818,"*","II"
445484,"ÁGUA MINERAL NATURAL, TIPO: SEM GÁS , MATERIAL EMBALAGEM: PLÁSTICO , TIPO EMBALAGEM: DESCARTÁVEL ","n_fornecedores","2025-07",2025-07-01,47,39.2226617426434,7.7773382573566,TRUE,3.1816,1.8284,0.0818,"*","II"
445484,"ÁGUA MINERAL NATURAL, TIPO: SEM GÁS , MATERIAL EMBALAGEM: PLÁSTICO , TIPO EMBALAGEM: DESCARTÁVEL ","n_fornecedores","2025-08",2025-08-01,39,42.2422993053346,-3.24229930533464,TRUE,3.1816,1.8284,0.0818,"*","II"
445484,"ÁGUA MINERAL NATURAL, TIPO: SEM GÁS , MATERIAL EMBALAGEM: PLÁSTICO , TIPO EMBALAGEM: DESCARTÁVEL ","n_fornecedores","2025-09",2025-09-01,43,49.0270534247047,-6.02705342470468,TRUE,3.1816,1.8284,0.0818,"*","II"
445484,"ÁGUA MINERAL NATURAL, TIPO: SEM GÁS , MATERIAL EMBALAGEM: PLÁSTICO , TIPO EMBALAGEM: DESCARTÁVEL ","n_fornecedores","2025-10",2025-10-01,60,49.3773052861654,10.6226947138346,TRUE,3.1816,1.8284,0.0818,"*","II"
445484,"ÁGUA MINERAL NATURAL, TIPO: SEM GÁS , MATERIAL EMBALAGEM: PLÁSTICO , TIPO EMBALAGEM: DESCARTÁVEL ","n_fornecedores","2025-11",2025-11-01,48,40.6595159968761,7.3404840031239,TRUE,3.1816,1.8284,0.0818,"*","II"
445484,"ÁGUA MINERAL NATURAL, TIPO: SEM GÁS , MATERIAL EMBALAGEM: PLÁSTICO , TIPO EMBALAGEM: DESCARTÁVEL ","n_fornecedores","2025-12",2025-12-01,37,39.2324975233979,-2.23249752339787,TRUE,3.1816,1.8284,0.0818,"*","II"
445485,"ÁGUA MINERAL NATURAL, TIPO: SEM GÁS , MATERIAL EMBALAGEM: PLÁSTICO , TIPO EMBALAGEM: RETORNÁVEL ","median_preco","2021-12",2021-12-01,0.5,0.424884385083024,0.0751156149169763,FALSE,-0.0756,0.5022,0.8804,"","III"
445485,"ÁGUA MINERAL NATURAL, TIPO: SEM GÁS , MATERIAL EMBALAGEM: PLÁSTICO , TIPO EMBALAGEM: RETORNÁVEL ","median_preco","2022-01",2022-01-01,0.41625,0.404917005032725,0.0113329949672751,FALSE,-0.0756,0.5022,0.8804,"","III"
445485,"ÁGUA MINERAL NATURAL, TIPO: SEM GÁS , MATERIAL EMBALAGEM: PLÁSTICO , TIPO EMBALAGEM: RETORNÁVEL ","median_preco","2022-02",2022-02-01,0.36475,0.319028218522169,0.0457217814778309,FALSE,-0.0756,0.5022,0.8804,"","III"
445485,"ÁGUA MINERAL NATURAL, TIPO: SEM GÁS , MATERIAL EMBALAGEM: PLÁSTICO , TIPO EMBALAGEM: RETORNÁVEL ","median_preco","2022-03",2022-03-01,0.45,0.442639985390093,0.00736001460990693,FALSE,-0.0756,0.5022,0.8804,"","III"
445485,"ÁGUA MINERAL NATURAL, TIPO: SEM GÁS , MATERIAL EMBALAGEM: PLÁSTICO , TIPO EMBALAGEM: RETORNÁVEL ","median_preco","2022-04",2022-04-01,0.406,0.38526900558216,0.02073099441784,FALSE,-0.0756,0.5022,0.8804,"","III"
445485,"ÁGUA MINERAL NATURAL, TIPO: SEM GÁS , MATERIAL EMBALAGEM: PLÁSTICO , TIPO EMBALAGEM: RETORNÁVEL ","median_preco","2022-05",2022-05-01,0.45,0.44268031403546,0.00731968596453975,FALSE,-0.0756,0.5022,0.8804,"","III"
445485,"ÁGUA MINERAL NATURAL, TIPO: SEM GÁS , MATERIAL EMBALAGEM: PLÁSTICO , TIPO EMBALAGEM: RETORNÁVEL ","median_preco","2022-06",2022-06-01,0.45,0.425248696626519,0.0247513033734808,FALSE,-0.0756,0.5022,0.8804,"","III"
445485,"ÁGUA MINERAL NATURAL, TIPO: SEM GÁS , MATERIAL EMBALAGEM: PLÁSTICO , TIPO EMBALAGEM: RETORNÁVEL ","median_preco","2022-07",2022-07-01,0.449,0.409673466875249,0.0393265331247514,FALSE,-0.0756,0.5022,0.8804,"","III"
445485,"ÁGUA MINERAL NATURAL, TIPO: SEM GÁS , MATERIAL EMBALAGEM: PLÁSTICO , TIPO EMBALAGEM: RETORNÁVEL ","median_preco","2022-08",2022-08-01,0.52375,0.492315450748704,0.0314345492512964,FALSE,-0.0756,0.5022,0.8804,"","III"
445485,"ÁGUA MINERAL NATURAL, TIPO: SEM GÁS , MATERIAL EMBALAGEM: PLÁSTICO , TIPO EMBALAGEM: RETORNÁVEL ","median_preco","2022-09",2022-09-01,0.459,0.450500747725917,0.00849925227408288,FALSE,-0.0756,0.5022,0.8804,"","III"
445485,"ÁGUA MINERAL NATURAL, TIPO: SEM GÁS , MATERIAL EMBALAGEM: PLÁSTICO , TIPO EMBALAGEM: RETORNÁVEL ","median_preco","2022-10",2022-10-01,0.445,0.477882341848858,-0.0328823418488578,FALSE,-0.0756,0.5022,0.8804,"","III"
445485,"ÁGUA MINERAL NATURAL, TIPO: SEM GÁS , MATERIAL EMBALAGEM: PLÁSTICO , TIPO EMBALAGEM: RETORNÁVEL ","median_preco","2022-11",2022-11-01,0.45,0.44811104031443,0.00188895968556985,FALSE,-0.0756,0.5022,0.8804,"","III"
445485,"ÁGUA MINERAL NATURAL, TIPO: SEM GÁS , MATERIAL EMBALAGEM: PLÁSTICO , TIPO EMBALAGEM: RETORNÁVEL ","median_preco","2022-12",2022-12-01,0.6,0.579864787573543,0.0201352124264568,FALSE,-0.0756,0.5022,0.8804,"","III"
445485,"ÁGUA MINERAL NATURAL, TIPO: SEM GÁS , MATERIAL EMBALAGEM: PLÁSTICO , TIPO EMBALAGEM: RETORNÁVEL ","median_preco","2023-01",2023-01-01,0.475,0.452606963042756,0.0223930369572435,FALSE,-0.0756,0.5022,0.8804,"","III"
445485,"ÁGUA MINERAL NATURAL, TIPO: SEM GÁS , MATERIAL EMBALAGEM: PLÁSTICO , TIPO EMBALAGEM: RETORNÁVEL ","median_preco","2023-02",2023-02-01,0.475,0.471001454029812,0.00399854597018823,FALSE,-0.0756,0.5022,0.8804,"","III"
445485,"ÁGUA MINERAL NATURAL, TIPO: SEM GÁS , MATERIAL EMBALAGEM: PLÁSTICO , TIPO EMBALAGEM: RETORNÁVEL ","median_preco","2023-03",2023-03-01,0.455,0.461553500530751,-0.00655350053075054,FALSE,-0.0756,0.5022,0.8804,"","III"
445485,"ÁGUA MINERAL NATURAL, TIPO: SEM GÁS , MATERIAL EMBALAGEM: PLÁSTICO , TIPO EMBALAGEM: RETORNÁVEL ","median_preco","2023-04",2023-04-01,0.5,0.81599915631515,-0.31599915631515,TRUE,-0.0756,0.5022,0.8804,"","III"
445485,"ÁGUA MINERAL NATURAL, TIPO: SEM GÁS , MATERIAL EMBALAGEM: PLÁSTICO , TIPO EMBALAGEM: RETORNÁVEL ","median_preco","2023-05",2023-05-01,0.496,0.724259686692572,-0.228259686692572,TRUE,-0.0756,0.5022,0.8804,"","III"
445485,"ÁGUA MINERAL NATURAL, TIPO: SEM GÁS , MATERIAL EMBALAGEM: PLÁSTICO , TIPO EMBALAGEM: RETORNÁVEL ","median_preco","2023-06",2023-06-01,0.45,0.585477634346324,-0.135477634346324,TRUE,-0.0756,0.5022,0.8804,"","III"
445485,"ÁGUA MINERAL NATURAL, TIPO: SEM GÁS , MATERIAL EMBALAGEM: PLÁSTICO , TIPO EMBALAGEM: RETORNÁVEL ","median_preco","2023-07",2023-07-01,0.4825,0.579172583762575,-0.0966725837625747,TRUE,-0.0756,0.5022,0.8804,"","III"
445485,"ÁGUA MINERAL NATURAL, TIPO: SEM GÁS , MATERIAL EMBALAGEM: PLÁSTICO , TIPO EMBALAGEM: RETORNÁVEL ","median_preco","2023-08",2023-08-01,0.577,0.797968748436173,-0.220968748436173,TRUE,-0.0756,0.5022,0.8804,"","III"
445485,"ÁGUA MINERAL NATURAL, TIPO: SEM GÁS , MATERIAL EMBALAGEM: PLÁSTICO , TIPO EMBALAGEM: RETORNÁVEL ","median_preco","2023-09",2023-09-01,0.43575,0.498582264096965,-0.062832264096965,TRUE,-0.0756,0.5022,0.8804,"","III"
445485,"ÁGUA MINERAL NATURAL, TIPO: SEM GÁS , MATERIAL EMBALAGEM: PLÁSTICO , TIPO EMBALAGEM: RETORNÁVEL ","median_preco","2023-10",2023-10-01,0.5,0.39352062221945,0.10647937778055,TRUE,-0.0756,0.5022,0.8804,"","III"
445485,"ÁGUA MINERAL NATURAL, TIPO: SEM GÁS , MATERIAL EMBALAGEM: PLÁSTICO , TIPO EMBALAGEM: RETORNÁVEL ","median_preco","2023-11",2023-11-01,0.4613875,0.470528842454221,-0.0091413424542211,TRUE,-0.0756,0.5022,0.8804,"","III"
445485,"ÁGUA MINERAL NATURAL, TIPO: SEM GÁS , MATERIAL EMBALAGEM: PLÁSTICO , TIPO EMBALAGEM: RETORNÁVEL ","median_preco","2023-12",2023-12-01,0.475,0.449476794975505,0.0255232050244955,TRUE,-0.0756,0.5022,0.8804,"","III"
445485,"ÁGUA MINERAL NATURAL, TIPO: SEM GÁS , MATERIAL EMBALAGEM: PLÁSTICO , TIPO EMBALAGEM: RETORNÁVEL ","median_preco","2024-01",2024-01-01,0.4755,0.569510290474289,-0.0940102904742885,TRUE,-0.0756,0.5022,0.8804,"","III"
445485,"ÁGUA MINERAL NATURAL, TIPO: SEM GÁS , MATERIAL EMBALAGEM: PLÁSTICO , TIPO EMBALAGEM: RETORNÁVEL ","median_preco","2024-02",2024-02-01,0.475,0.584259306757988,-0.109259306757988,TRUE,-0.0756,0.5022,0.8804,"","III"
445485,"ÁGUA MINERAL NATURAL, TIPO: SEM GÁS , MATERIAL EMBALAGEM: PLÁSTICO , TIPO EMBALAGEM: RETORNÁVEL ","median_preco","2024-03",2024-03-01,0.5175,0.725894896144041,-0.208394896144041,TRUE,-0.0756,0.5022,0.8804,"","III"
445485,"ÁGUA MINERAL NATURAL, TIPO: SEM GÁS , MATERIAL EMBALAGEM: PLÁSTICO , TIPO EMBALAGEM: RETORNÁVEL ","median_preco","2024-04",2024-04-01,0.55,0.503742475018705,0.0462575249812951,TRUE,-0.0756,0.5022,0.8804,"","III"
445485,"ÁGUA MINERAL NATURAL, TIPO: SEM GÁS , MATERIAL EMBALAGEM: PLÁSTICO , TIPO EMBALAGEM: RETORNÁVEL ","median_preco","2024-05",2024-05-01,0.45,0.435105666054455,0.0148943339455446,TRUE,-0.0756,0.5022,0.8804,"","III"
445485,"ÁGUA MINERAL NATURAL, TIPO: SEM GÁS , MATERIAL EMBALAGEM: PLÁSTICO , TIPO EMBALAGEM: RETORNÁVEL ","median_preco","2024-06",2024-06-01,0.43,0.585682752787428,-0.155682752787428,TRUE,-0.0756,0.5022,0.8804,"","III"
445485,"ÁGUA MINERAL NATURAL, TIPO: SEM GÁS , MATERIAL EMBALAGEM: PLÁSTICO , TIPO EMBALAGEM: RETORNÁVEL ","median_preco","2024-07",2024-07-01,0.4475,0.55244034350635,-0.10494034350635,TRUE,-0.0756,0.5022,0.8804,"","III"
445485,"ÁGUA MINERAL NATURAL, TIPO: SEM GÁS , MATERIAL EMBALAGEM: PLÁSTICO , TIPO EMBALAGEM: RETORNÁVEL ","median_preco","2024-08",2024-08-01,0.461,0.725050001031453,-0.264050001031453,TRUE,-0.0756,0.5022,0.8804,"","III"
445485,"ÁGUA MINERAL NATURAL, TIPO: SEM GÁS , MATERIAL EMBALAGEM: PLÁSTICO , TIPO EMBALAGEM: RETORNÁVEL ","median_preco","2024-09",2024-09-01,0.4645,0.508416900223515,-0.043916900223515,TRUE,-0.0756,0.5022,0.8804,"","III"
445485,"ÁGUA MINERAL NATURAL, TIPO: SEM GÁS , MATERIAL EMBALAGEM: PLÁSTICO , TIPO EMBALAGEM: RETORNÁVEL ","median_preco","2024-10",2024-10-01,0.55,0.607470419232446,-0.0574704192324456,TRUE,-0.0756,0.5022,0.8804,"","III"
445485,"ÁGUA MINERAL NATURAL, TIPO: SEM GÁS , MATERIAL EMBALAGEM: PLÁSTICO , TIPO EMBALAGEM: RETORNÁVEL ","median_preco","2024-11",2024-11-01,0.49,0.622941451952317,-0.132941451952317,TRUE,-0.0756,0.5022,0.8804,"","III"
445485,"ÁGUA MINERAL NATURAL, TIPO: SEM GÁS , MATERIAL EMBALAGEM: PLÁSTICO , TIPO EMBALAGEM: RETORNÁVEL ","median_preco","2024-12",2024-12-01,0.50725,0.577289201780891,-0.0700392017808913,TRUE,-0.0756,0.5022,0.8804,"","III"
445485,"ÁGUA MINERAL NATURAL, TIPO: SEM GÁS , MATERIAL EMBALAGEM: PLÁSTICO , TIPO EMBALAGEM: RETORNÁVEL ","median_preco","2025-01",2025-01-01,0.49975,0.465781383608502,0.0339686163914984,TRUE,-0.0756,0.5022,0.8804,"","III"
445485,"ÁGUA MINERAL NATURAL, TIPO: SEM GÁS , MATERIAL EMBALAGEM: PLÁSTICO , TIPO EMBALAGEM: RETORNÁVEL ","median_preco","2025-02",2025-02-01,0.545,0.243257394856545,0.301742605143455,TRUE,-0.0756,0.5022,0.8804,"","III"
445485,"ÁGUA MINERAL NATURAL, TIPO: SEM GÁS , MATERIAL EMBALAGEM: PLÁSTICO , TIPO EMBALAGEM: RETORNÁVEL ","median_preco","2025-03",2025-03-01,0.5,0.573300479600305,-0.0733004796003052,TRUE,-0.0756,0.5022,0.8804,"","III"
445485,"ÁGUA MINERAL NATURAL, TIPO: SEM GÁS , MATERIAL EMBALAGEM: PLÁSTICO , TIPO EMBALAGEM: RETORNÁVEL ","median_preco","2025-04",2025-04-01,0.52125,0.701428010521136,-0.180178010521136,TRUE,-0.0756,0.5022,0.8804,"","III"
445485,"ÁGUA MINERAL NATURAL, TIPO: SEM GÁS , MATERIAL EMBALAGEM: PLÁSTICO , TIPO EMBALAGEM: RETORNÁVEL ","median_preco","2025-05",2025-05-01,0.5,0.485491701295588,0.0145082987044116,TRUE,-0.0756,0.5022,0.8804,"","III"
445485,"ÁGUA MINERAL NATURAL, TIPO: SEM GÁS , MATERIAL EMBALAGEM: PLÁSTICO , TIPO EMBALAGEM: RETORNÁVEL ","median_preco","2025-06",2025-06-01,0.5,0.593858406552006,-0.0938584065520056,TRUE,-0.0756,0.5022,0.8804,"","III"
445485,"ÁGUA MINERAL NATURAL, TIPO: SEM GÁS , MATERIAL EMBALAGEM: PLÁSTICO , TIPO EMBALAGEM: RETORNÁVEL ","median_preco","2025-07",2025-07-01,0.6,0.528797022631449,0.0712029773685513,TRUE,-0.0756,0.5022,0.8804,"","III"
445485,"ÁGUA MINERAL NATURAL, TIPO: SEM GÁS , MATERIAL EMBALAGEM: PLÁSTICO , TIPO EMBALAGEM: RETORNÁVEL ","median_preco","2025-08",2025-08-01,0.525,0.667083861319353,-0.142083861319353,TRUE,-0.0756,0.5022,0.8804,"","III"
445485,"ÁGUA MINERAL NATURAL, TIPO: SEM GÁS , MATERIAL EMBALAGEM: PLÁSTICO , TIPO EMBALAGEM: RETORNÁVEL ","median_preco","2025-09",2025-09-01,0.52,0.653535187448817,-0.133535187448817,TRUE,-0.0756,0.5022,0.8804,"","III"
445485,"ÁGUA MINERAL NATURAL, TIPO: SEM GÁS , MATERIAL EMBALAGEM: PLÁSTICO , TIPO EMBALAGEM: RETORNÁVEL ","median_preco","2025-10",2025-10-01,0.52,0.415172676399984,0.104827323600016,TRUE,-0.0756,0.5022,0.8804,"","III"
445485,"ÁGUA MINERAL NATURAL, TIPO: SEM GÁS , MATERIAL EMBALAGEM: PLÁSTICO , TIPO EMBALAGEM: RETORNÁVEL ","median_preco","2025-11",2025-11-01,0.539,0.848518674879573,-0.309518674879573,TRUE,-0.0756,0.5022,0.8804,"","III"
445485,"ÁGUA MINERAL NATURAL, TIPO: SEM GÁS , MATERIAL EMBALAGEM: PLÁSTICO , TIPO EMBALAGEM: RETORNÁVEL ","median_preco","2025-12",2025-12-01,0.575,0.545998842952563,0.0290011570474369,TRUE,-0.0756,0.5022,0.8804,"","III"
445485,"ÁGUA MINERAL NATURAL, TIPO: SEM GÁS , MATERIAL EMBALAGEM: PLÁSTICO , TIPO EMBALAGEM: RETORNÁVEL ","n_combinacoes_unidade","2021-12",2021-12-01,6,5.87605914314569,0.123940856854315,FALSE,-0.2314,0.4532,0.6096,"","II"
445485,"ÁGUA MINERAL NATURAL, TIPO: SEM GÁS , MATERIAL EMBALAGEM: PLÁSTICO , TIPO EMBALAGEM: RETORNÁVEL ","n_combinacoes_unidade","2022-01",2022-01-01,3,3.31404839865493,-0.314048398654929,FALSE,-0.2314,0.4532,0.6096,"","II"
445485,"ÁGUA MINERAL NATURAL, TIPO: SEM GÁS , MATERIAL EMBALAGEM: PLÁSTICO , TIPO EMBALAGEM: RETORNÁVEL ","n_combinacoes_unidade","2022-02",2022-02-01,5,4.81397889899457,0.186021101005434,FALSE,-0.2314,0.4532,0.6096,"","II"
445485,"ÁGUA MINERAL NATURAL, TIPO: SEM GÁS , MATERIAL EMBALAGEM: PLÁSTICO , TIPO EMBALAGEM: RETORNÁVEL ","n_combinacoes_unidade","2022-03",2022-03-01,4,4.20956989830229,-0.209569898302286,FALSE,-0.2314,0.4532,0.6096,"","II"
445485,"ÁGUA MINERAL NATURAL, TIPO: SEM GÁS , MATERIAL EMBALAGEM: PLÁSTICO , TIPO EMBALAGEM: RETORNÁVEL ","n_combinacoes_unidade","2022-04",2022-04-01,4,4.47381027869788,-0.473810278697883,FALSE,-0.2314,0.4532,0.6096,"","II"
445485,"ÁGUA MINERAL NATURAL, TIPO: SEM GÁS , MATERIAL EMBALAGEM: PLÁSTICO , TIPO EMBALAGEM: RETORNÁVEL ","n_combinacoes_unidade","2022-05",2022-05-01,6,5.40383460742113,0.596165392578873,FALSE,-0.2314,0.4532,0.6096,"","II"
445485,"ÁGUA MINERAL NATURAL, TIPO: SEM GÁS , MATERIAL EMBALAGEM: PLÁSTICO , TIPO EMBALAGEM: RETORNÁVEL ","n_combinacoes_unidade","2022-06",2022-06-01,4,4.5465613428223,-0.5465613428223,FALSE,-0.2314,0.4532,0.6096,"","II"
445485,"ÁGUA MINERAL NATURAL, TIPO: SEM GÁS , MATERIAL EMBALAGEM: PLÁSTICO , TIPO EMBALAGEM: RETORNÁVEL ","n_combinacoes_unidade","2022-07",2022-07-01,4,4.1500074712534,-0.150007471253397,FALSE,-0.2314,0.4532,0.6096,"","II"
445485,"ÁGUA MINERAL NATURAL, TIPO: SEM GÁS , MATERIAL EMBALAGEM: PLÁSTICO , TIPO EMBALAGEM: RETORNÁVEL ","n_combinacoes_unidade","2022-08",2022-08-01,5,5.14347669931795,-0.14347669931795,FALSE,-0.2314,0.4532,0.6096,"","II"
445485,"ÁGUA MINERAL NATURAL, TIPO: SEM GÁS , MATERIAL EMBALAGEM: PLÁSTICO , TIPO EMBALAGEM: RETORNÁVEL ","n_combinacoes_unidade","2022-09",2022-09-01,4,4.39799138797121,-0.397991387971212,FALSE,-0.2314,0.4532,0.6096,"","II"
445485,"ÁGUA MINERAL NATURAL, TIPO: SEM GÁS , MATERIAL EMBALAGEM: PLÁSTICO , TIPO EMBALAGEM: RETORNÁVEL ","n_combinacoes_unidade","2022-10",2022-10-01,3,4.05354372031595,-1.05354372031595,FALSE,-0.2314,0.4532,0.6096,"","II"
445485,"ÁGUA MINERAL NATURAL, TIPO: SEM GÁS , MATERIAL EMBALAGEM: PLÁSTICO , TIPO EMBALAGEM: RETORNÁVEL ","n_combinacoes_unidade","2022-11",2022-11-01,6,5.72847173758695,0.271528262413054,FALSE,-0.2314,0.4532,0.6096,"","II"
445485,"ÁGUA MINERAL NATURAL, TIPO: SEM GÁS , MATERIAL EMBALAGEM: PLÁSTICO , TIPO EMBALAGEM: RETORNÁVEL ","n_combinacoes_unidade","2022-12",2022-12-01,5,4.75917664040921,0.240823359590792,FALSE,-0.2314,0.4532,0.6096,"","II"
445485,"ÁGUA MINERAL NATURAL, TIPO: SEM GÁS , MATERIAL EMBALAGEM: PLÁSTICO , TIPO EMBALAGEM: RETORNÁVEL ","n_combinacoes_unidade","2023-01",2023-01-01,5,4.5465613428223,0.4534386571777,FALSE,-0.2314,0.4532,0.6096,"","II"
445485,"ÁGUA MINERAL NATURAL, TIPO: SEM GÁS , MATERIAL EMBALAGEM: PLÁSTICO , TIPO EMBALAGEM: RETORNÁVEL ","n_combinacoes_unidade","2023-02",2023-02-01,6,5.15046891532718,0.849531084672818,FALSE,-0.2314,0.4532,0.6096,"","II"
445485,"ÁGUA MINERAL NATURAL, TIPO: SEM GÁS , MATERIAL EMBALAGEM: PLÁSTICO , TIPO EMBALAGEM: RETORNÁVEL ","n_combinacoes_unidade","2023-03",2023-03-01,5,4.89132368431555,0.108676315684453,FALSE,-0.2314,0.4532,0.6096,"","II"
445485,"ÁGUA MINERAL NATURAL, TIPO: SEM GÁS , MATERIAL EMBALAGEM: PLÁSTICO , TIPO EMBALAGEM: RETORNÁVEL ","n_combinacoes_unidade","2023-04",2023-04-01,4,4.79263725904797,-0.792637259047966,TRUE,-0.2314,0.4532,0.6096,"","II"
445485,"ÁGUA MINERAL NATURAL, TIPO: SEM GÁS , MATERIAL EMBALAGEM: PLÁSTICO , TIPO EMBALAGEM: RETORNÁVEL ","n_combinacoes_unidade","2023-05",2023-05-01,6,4.9431152143912,1.0568847856088,TRUE,-0.2314,0.4532,0.6096,"","II"
445485,"ÁGUA MINERAL NATURAL, TIPO: SEM GÁS , MATERIAL EMBALAGEM: PLÁSTICO , TIPO EMBALAGEM: RETORNÁVEL ","n_combinacoes_unidade","2023-06",2023-06-01,5,4.57027402963533,0.42972597036467,TRUE,-0.2314,0.4532,0.6096,"","II"
445485,"ÁGUA MINERAL NATURAL, TIPO: SEM GÁS , MATERIAL EMBALAGEM: PLÁSTICO , TIPO EMBALAGEM: RETORNÁVEL ","n_combinacoes_unidade","2023-07",2023-07-01,3,4.93536399444914,-1.93536399444914,TRUE,-0.2314,0.4532,0.6096,"","II"
445485,"ÁGUA MINERAL NATURAL, TIPO: SEM GÁS , MATERIAL EMBALAGEM: PLÁSTICO , TIPO EMBALAGEM: RETORNÁVEL ","n_combinacoes_unidade","2023-08",2023-08-01,4,5.21053277056347,-1.21053277056347,TRUE,-0.2314,0.4532,0.6096,"","II"
445485,"ÁGUA MINERAL NATURAL, TIPO: SEM GÁS , MATERIAL EMBALAGEM: PLÁSTICO , TIPO EMBALAGEM: RETORNÁVEL ","n_combinacoes_unidade","2023-09",2023-09-01,2,4.86096250557801,-2.86096250557801,TRUE,-0.2314,0.4532,0.6096,"","II"
445485,"ÁGUA MINERAL NATURAL, TIPO: SEM GÁS , MATERIAL EMBALAGEM: PLÁSTICO , TIPO EMBALAGEM: RETORNÁVEL ","n_combinacoes_unidade","2023-10",2023-10-01,6,3.22712614816263,2.77287385183737,TRUE,-0.2314,0.4532,0.6096,"","II"
445485,"ÁGUA MINERAL NATURAL, TIPO: SEM GÁS , MATERIAL EMBALAGEM: PLÁSTICO , TIPO EMBALAGEM: RETORNÁVEL ","n_combinacoes_unidade","2023-11",2023-11-01,4,4.50596173793851,-0.505961737938509,TRUE,-0.2314,0.4532,0.6096,"","II"
445485,"ÁGUA MINERAL NATURAL, TIPO: SEM GÁS , MATERIAL EMBALAGEM: PLÁSTICO , TIPO EMBALAGEM: RETORNÁVEL ","n_combinacoes_unidade","2023-12",2023-12-01,4,4.18965257469065,-0.189652574690655,TRUE,-0.2314,0.4532,0.6096,"","II"
445485,"ÁGUA MINERAL NATURAL, TIPO: SEM GÁS , MATERIAL EMBALAGEM: PLÁSTICO , TIPO EMBALAGEM: RETORNÁVEL ","n_combinacoes_unidade","2024-01",2024-01-01,4,3.23004574819387,0.769954251806134,TRUE,-0.2314,0.4532,0.6096,"","II"
445485,"ÁGUA MINERAL NATURAL, TIPO: SEM GÁS , MATERIAL EMBALAGEM: PLÁSTICO , TIPO EMBALAGEM: RETORNÁVEL ","n_combinacoes_unidade","2024-02",2024-02-01,2,5.20653949276142,-3.20653949276142,TRUE,-0.2314,0.4532,0.6096,"","II"
445485,"ÁGUA MINERAL NATURAL, TIPO: SEM GÁS , MATERIAL EMBALAGEM: PLÁSTICO , TIPO EMBALAGEM: RETORNÁVEL ","n_combinacoes_unidade","2024-03",2024-03-01,4,4.43942677191155,-0.439426771911553,TRUE,-0.2314,0.4532,0.6096,"","II"
445485,"ÁGUA MINERAL NATURAL, TIPO: SEM GÁS , MATERIAL EMBALAGEM: PLÁSTICO , TIPO EMBALAGEM: RETORNÁVEL ","n_combinacoes_unidade","2024-04",2024-04-01,7,4.0560018762734,2.9439981237266,TRUE,-0.2314,0.4532,0.6096,"","II"
445485,"ÁGUA MINERAL NATURAL, TIPO: SEM GÁS , MATERIAL EMBALAGEM: PLÁSTICO , TIPO EMBALAGEM: RETORNÁVEL ","n_combinacoes_unidade","2024-05",2024-05-01,5,4.13312055318263,0.866879446817366,TRUE,-0.2314,0.4532,0.6096,"","II"
445485,"ÁGUA MINERAL NATURAL, TIPO: SEM GÁS , MATERIAL EMBALAGEM: PLÁSTICO , TIPO EMBALAGEM: RETORNÁVEL ","n_combinacoes_unidade","2024-06",2024-06-01,2,3.50789878867739,-1.50789878867739,TRUE,-0.2314,0.4532,0.6096,"","II"
445485,"ÁGUA MINERAL NATURAL, TIPO: SEM GÁS , MATERIAL EMBALAGEM: PLÁSTICO , TIPO EMBALAGEM: RETORNÁVEL ","n_combinacoes_unidade","2024-07",2024-07-01,3,5.41519297987996,-2.41519297987996,TRUE,-0.2314,0.4532,0.6096,"","II"
445485,"ÁGUA MINERAL NATURAL, TIPO: SEM GÁS , MATERIAL EMBALAGEM: PLÁSTICO , TIPO EMBALAGEM: RETORNÁVEL ","n_combinacoes_unidade","2024-08",2024-08-01,5,5.80284663494748,-0.802846634947481,TRUE,-0.2314,0.4532,0.6096,"","II"
445485,"ÁGUA MINERAL NATURAL, TIPO: SEM GÁS , MATERIAL EMBALAGEM: PLÁSTICO , TIPO EMBALAGEM: RETORNÁVEL ","n_combinacoes_unidade","2024-09",2024-09-01,6,4.22727291839843,1.77272708160157,TRUE,-0.2314,0.4532,0.6096,"","II"
445485,"ÁGUA MINERAL NATURAL, TIPO: SEM GÁS , MATERIAL EMBALAGEM: PLÁSTICO , TIPO EMBALAGEM: RETORNÁVEL ","n_combinacoes_unidade","2024-10",2024-10-01,6,5.05077089052052,0.949229109479484,TRUE,-0.2314,0.4532,0.6096,"","II"
445485,"ÁGUA MINERAL NATURAL, TIPO: SEM GÁS , MATERIAL EMBALAGEM: PLÁSTICO , TIPO EMBALAGEM: RETORNÁVEL ","n_combinacoes_unidade","2024-11",2024-11-01,4,4.61607557002527,-0.61607557002527,TRUE,-0.2314,0.4532,0.6096,"","II"
445485,"ÁGUA MINERAL NATURAL, TIPO: SEM GÁS , MATERIAL EMBALAGEM: PLÁSTICO , TIPO EMBALAGEM: RETORNÁVEL ","n_combinacoes_unidade","2024-12",2024-12-01,3,4.1500074712534,-1.1500074712534,TRUE,-0.2314,0.4532,0.6096,"","II"
445485,"ÁGUA MINERAL NATURAL, TIPO: SEM GÁS , MATERIAL EMBALAGEM: PLÁSTICO , TIPO EMBALAGEM: RETORNÁVEL ","n_combinacoes_unidade","2025-01",2025-01-01,3,5.01869876945584,-2.01869876945584,TRUE,-0.2314,0.4532,0.6096,"","II"
445485,"ÁGUA MINERAL NATURAL, TIPO: SEM GÁS , MATERIAL EMBALAGEM: PLÁSTICO , TIPO EMBALAGEM: RETORNÁVEL ","n_combinacoes_unidade","2025-02",2025-02-01,7,6.05975981841341,0.940240181586586,TRUE,-0.2314,0.4532,0.6096,"","II"
445485,"ÁGUA MINERAL NATURAL, TIPO: SEM GÁS , MATERIAL EMBALAGEM: PLÁSTICO , TIPO EMBALAGEM: RETORNÁVEL ","n_combinacoes_unidade","2025-03",2025-03-01,4,4.17846064949879,-0.178460649498789,TRUE,-0.2314,0.4532,0.6096,"","II"
445485,"ÁGUA MINERAL NATURAL, TIPO: SEM GÁS , MATERIAL EMBALAGEM: PLÁSTICO , TIPO EMBALAGEM: RETORNÁVEL ","n_combinacoes_unidade","2025-04",2025-04-01,5,4.11539785605532,0.884602143944678,TRUE,-0.2314,0.4532,0.6096,"","II"
445485,"ÁGUA MINERAL NATURAL, TIPO: SEM GÁS , MATERIAL EMBALAGEM: PLÁSTICO , TIPO EMBALAGEM: RETORNÁVEL ","n_combinacoes_unidade","2025-05",2025-05-01,3,5.07870296354734,-2.07870296354734,TRUE,-0.2314,0.4532,0.6096,"","II"
445485,"ÁGUA MINERAL NATURAL, TIPO: SEM GÁS , MATERIAL EMBALAGEM: PLÁSTICO , TIPO EMBALAGEM: RETORNÁVEL ","n_combinacoes_unidade","2025-06",2025-06-01,8,4.47996671565057,3.52003328434943,TRUE,-0.2314,0.4532,0.6096,"","II"
445485,"ÁGUA MINERAL NATURAL, TIPO: SEM GÁS , MATERIAL EMBALAGEM: PLÁSTICO , TIPO EMBALAGEM: RETORNÁVEL ","n_combinacoes_unidade","2025-07",2025-07-01,5,4.41097359366616,0.589026406333839,TRUE,-0.2314,0.4532,0.6096,"","II"
445485,"ÁGUA MINERAL NATURAL, TIPO: SEM GÁS , MATERIAL EMBALAGEM: PLÁSTICO , TIPO EMBALAGEM: RETORNÁVEL ","n_combinacoes_unidade","2025-08",2025-08-01,4,6.13057383179895,-2.13057383179895,TRUE,-0.2314,0.4532,0.6096,"","II"
445485,"ÁGUA MINERAL NATURAL, TIPO: SEM GÁS , MATERIAL EMBALAGEM: PLÁSTICO , TIPO EMBALAGEM: RETORNÁVEL ","n_combinacoes_unidade","2025-09",2025-09-01,7,4.67350388817026,2.32649611182974,TRUE,-0.2314,0.4532,0.6096,"","II"
445485,"ÁGUA MINERAL NATURAL, TIPO: SEM GÁS , MATERIAL EMBALAGEM: PLÁSTICO , TIPO EMBALAGEM: RETORNÁVEL ","n_combinacoes_unidade","2025-10",2025-10-01,5,5.227794023617,-0.227794023616997,TRUE,-0.2314,0.4532,0.6096,"","II"
445485,"ÁGUA MINERAL NATURAL, TIPO: SEM GÁS , MATERIAL EMBALAGEM: PLÁSTICO , TIPO EMBALAGEM: RETORNÁVEL ","n_combinacoes_unidade","2025-11",2025-11-01,3,5.98469736856735,-2.98469736856735,TRUE,-0.2314,0.4532,0.6096,"","II"
445485,"ÁGUA MINERAL NATURAL, TIPO: SEM GÁS , MATERIAL EMBALAGEM: PLÁSTICO , TIPO EMBALAGEM: RETORNÁVEL ","n_combinacoes_unidade","2025-12",2025-12-01,4,4.20601838754285,-0.206018387542853,TRUE,-0.2314,0.4532,0.6096,"","II"
445485,"ÁGUA MINERAL NATURAL, TIPO: SEM GÁS , MATERIAL EMBALAGEM: PLÁSTICO , TIPO EMBALAGEM: RETORNÁVEL ","n_fornecedores","2021-12",2021-12-01,117,93.5357717930771,23.4642282069229,FALSE,-15.6745,1.7897,0,"***","I"
445485,"ÁGUA MINERAL NATURAL, TIPO: SEM GÁS , MATERIAL EMBALAGEM: PLÁSTICO , TIPO EMBALAGEM: RETORNÁVEL ","n_fornecedores","2022-01",2022-01-01,60,66.0284645476981,-6.02846454769814,FALSE,-15.6745,1.7897,0,"***","I"
445485,"ÁGUA MINERAL NATURAL, TIPO: SEM GÁS , MATERIAL EMBALAGEM: PLÁSTICO , TIPO EMBALAGEM: RETORNÁVEL ","n_fornecedores","2022-02",2022-02-01,81,75.3710301532836,5.62896984671636,FALSE,-15.6745,1.7897,0,"***","I"
445485,"ÁGUA MINERAL NATURAL, TIPO: SEM GÁS , MATERIAL EMBALAGEM: PLÁSTICO , TIPO EMBALAGEM: RETORNÁVEL ","n_fornecedores","2022-03",2022-03-01,113,86.4397312093881,26.5602687906119,FALSE,-15.6745,1.7897,0,"***","I"
445485,"ÁGUA MINERAL NATURAL, TIPO: SEM GÁS , MATERIAL EMBALAGEM: PLÁSTICO , TIPO EMBALAGEM: RETORNÁVEL ","n_fornecedores","2022-04",2022-04-01,87,78.7985157800211,8.20148421997885,FALSE,-15.6745,1.7897,0,"***","I"
445485,"ÁGUA MINERAL NATURAL, TIPO: SEM GÁS , MATERIAL EMBALAGEM: PLÁSTICO , TIPO EMBALAGEM: RETORNÁVEL ","n_fornecedores","2022-05",2022-05-01,105,87.2388955625305,17.7611044374695,FALSE,-15.6745,1.7897,0,"***","I"
445485,"ÁGUA MINERAL NATURAL, TIPO: SEM GÁS , MATERIAL EMBALAGEM: PLÁSTICO , TIPO EMBALAGEM: RETORNÁVEL ","n_fornecedores","2022-06",2022-06-01,83,89.3154576381239,-6.31545763812392,FALSE,-15.6745,1.7897,0,"***","I"
445485,"ÁGUA MINERAL NATURAL, TIPO: SEM GÁS , MATERIAL EMBALAGEM: PLÁSTICO , TIPO EMBALAGEM: RETORNÁVEL ","n_fornecedores","2022-07",2022-07-01,78,87.5401095273803,-9.54010952738034,FALSE,-15.6745,1.7897,0,"***","I"
445485,"ÁGUA MINERAL NATURAL, TIPO: SEM GÁS , MATERIAL EMBALAGEM: PLÁSTICO , TIPO EMBALAGEM: RETORNÁVEL ","n_fornecedores","2022-08",2022-08-01,91,83.2450056071629,7.75499439283709,FALSE,-15.6745,1.7897,0,"***","I"
445485,"ÁGUA MINERAL NATURAL, TIPO: SEM GÁS , MATERIAL EMBALAGEM: PLÁSTICO , TIPO EMBALAGEM: RETORNÁVEL ","n_fornecedores","2022-09",2022-09-01,62,82.7364175555005,-20.7364175555005,FALSE,-15.6745,1.7897,0,"***","I"
445485,"ÁGUA MINERAL NATURAL, TIPO: SEM GÁS , MATERIAL EMBALAGEM: PLÁSTICO , TIPO EMBALAGEM: RETORNÁVEL ","n_fornecedores","2022-10",2022-10-01,54,84.6168927272972,-30.6168927272972,FALSE,-15.6745,1.7897,0,"***","I"
445485,"ÁGUA MINERAL NATURAL, TIPO: SEM GÁS , MATERIAL EMBALAGEM: PLÁSTICO , TIPO EMBALAGEM: RETORNÁVEL ","n_fornecedores","2022-11",2022-11-01,77,90.2409689394345,-13.2409689394345,FALSE,-15.6745,1.7897,0,"***","I"
445485,"ÁGUA MINERAL NATURAL, TIPO: SEM GÁS , MATERIAL EMBALAGEM: PLÁSTICO , TIPO EMBALAGEM: RETORNÁVEL ","n_fornecedores","2022-12",2022-12-01,96,86.2869352817647,9.7130647182353,FALSE,-15.6745,1.7897,0,"***","I"
445485,"ÁGUA MINERAL NATURAL, TIPO: SEM GÁS , MATERIAL EMBALAGEM: PLÁSTICO , TIPO EMBALAGEM: RETORNÁVEL ","n_fornecedores","2023-01",2023-01-01,75,72.8404482362109,2.15955176378911,FALSE,-15.6745,1.7897,0,"***","I"
445485,"ÁGUA MINERAL NATURAL, TIPO: SEM GÁS , MATERIAL EMBALAGEM: PLÁSTICO , TIPO EMBALAGEM: RETORNÁVEL ","n_fornecedores","2023-02",2023-02-01,103,85.5875248349875,17.4124751650125,FALSE,-15.6745,1.7897,0,"***","I"
445485,"ÁGUA MINERAL NATURAL, TIPO: SEM GÁS , MATERIAL EMBALAGEM: PLÁSTICO , TIPO EMBALAGEM: RETORNÁVEL ","n_fornecedores","2023-03",2023-03-01,120,85.7256212101551,34.2743787898449,FALSE,-15.6745,1.7897,0,"***","I"
445485,"ÁGUA MINERAL NATURAL, TIPO: SEM GÁS , MATERIAL EMBALAGEM: PLÁSTICO , TIPO EMBALAGEM: RETORNÁVEL ","n_fornecedores","2023-04",2023-04-01,88,82.2352901030326,5.76470989696742,TRUE,-15.6745,1.7897,0,"***","I"
445485,"ÁGUA MINERAL NATURAL, TIPO: SEM GÁS , MATERIAL EMBALAGEM: PLÁSTICO , TIPO EMBALAGEM: RETORNÁVEL ","n_fornecedores","2023-05",2023-05-01,95,79.3725660050597,15.6274339949403,TRUE,-15.6745,1.7897,0,"***","I"
445485,"ÁGUA MINERAL NATURAL, TIPO: SEM GÁS , MATERIAL EMBALAGEM: PLÁSTICO , TIPO EMBALAGEM: RETORNÁVEL ","n_fornecedores","2023-06",2023-06-01,92,87.4871699902244,4.51283000977558,TRUE,-15.6745,1.7897,0,"***","I"
445485,"ÁGUA MINERAL NATURAL, TIPO: SEM GÁS , MATERIAL EMBALAGEM: PLÁSTICO , TIPO EMBALAGEM: RETORNÁVEL ","n_fornecedores","2023-07",2023-07-01,66,89.7107021678241,-23.7107021678241,TRUE,-15.6745,1.7897,0,"***","I"
445485,"ÁGUA MINERAL NATURAL, TIPO: SEM GÁS , MATERIAL EMBALAGEM: PLÁSTICO , TIPO EMBALAGEM: RETORNÁVEL ","n_fornecedores","2023-08",2023-08-01,63,84.2175412047757,-21.2175412047757,TRUE,-15.6745,1.7897,0,"***","I"
445485,"ÁGUA MINERAL NATURAL, TIPO: SEM GÁS , MATERIAL EMBALAGEM: PLÁSTICO , TIPO EMBALAGEM: RETORNÁVEL ","n_fornecedores","2023-09",2023-09-01,59,82.6582640942297,-23.6582640942297,TRUE,-15.6745,1.7897,0,"***","I"
445485,"ÁGUA MINERAL NATURAL, TIPO: SEM GÁS , MATERIAL EMBALAGEM: PLÁSTICO , TIPO EMBALAGEM: RETORNÁVEL ","n_fornecedores","2023-10",2023-10-01,61,78.1693745399978,-17.1693745399978,TRUE,-15.6745,1.7897,0,"***","I"
445485,"ÁGUA MINERAL NATURAL, TIPO: SEM GÁS , MATERIAL EMBALAGEM: PLÁSTICO , TIPO EMBALAGEM: RETORNÁVEL ","n_fornecedores","2023-11",2023-11-01,74,81.6122206889138,-7.61222068891379,TRUE,-15.6745,1.7897,0,"***","I"
445485,"ÁGUA MINERAL NATURAL, TIPO: SEM GÁS , MATERIAL EMBALAGEM: PLÁSTICO , TIPO EMBALAGEM: RETORNÁVEL ","n_fornecedores","2023-12",2023-12-01,95,88.5635794452942,6.43642055470579,TRUE,-15.6745,1.7897,0,"***","I"
445485,"ÁGUA MINERAL NATURAL, TIPO: SEM GÁS , MATERIAL EMBALAGEM: PLÁSTICO , TIPO EMBALAGEM: RETORNÁVEL ","n_fornecedores","2024-01",2024-01-01,59,77.9563477610052,-18.9563477610052,TRUE,-15.6745,1.7897,0,"***","I"
445485,"ÁGUA MINERAL NATURAL, TIPO: SEM GÁS , MATERIAL EMBALAGEM: PLÁSTICO , TIPO EMBALAGEM: RETORNÁVEL ","n_fornecedores","2024-02",2024-02-01,64,78.960324970479,-14.960324970479,TRUE,-15.6745,1.7897,0,"***","I"
445485,"ÁGUA MINERAL NATURAL, TIPO: SEM GÁS , MATERIAL EMBALAGEM: PLÁSTICO , TIPO EMBALAGEM: RETORNÁVEL ","n_fornecedores","2024-03",2024-03-01,79,79.3523154400339,-0.352315440033891,TRUE,-15.6745,1.7897,0,"***","I"
445485,"ÁGUA MINERAL NATURAL, TIPO: SEM GÁS , MATERIAL EMBALAGEM: PLÁSTICO , TIPO EMBALAGEM: RETORNÁVEL ","n_fornecedores","2024-04",2024-04-01,88,80.1555476399258,7.84445236007423,TRUE,-15.6745,1.7897,0,"***","I"
445485,"ÁGUA MINERAL NATURAL, TIPO: SEM GÁS , MATERIAL EMBALAGEM: PLÁSTICO , TIPO EMBALAGEM: RETORNÁVEL ","n_fornecedores","2024-05",2024-05-01,64,76.0122470708096,-12.0122470708096,TRUE,-15.6745,1.7897,0,"***","I"
445485,"ÁGUA MINERAL NATURAL, TIPO: SEM GÁS , MATERIAL EMBALAGEM: PLÁSTICO , TIPO EMBALAGEM: RETORNÁVEL ","n_fornecedores","2024-06",2024-06-01,62,79.5178166382172,-17.5178166382172,TRUE,-15.6745,1.7897,0,"***","I"
445485,"ÁGUA MINERAL NATURAL, TIPO: SEM GÁS , MATERIAL EMBALAGEM: PLÁSTICO , TIPO EMBALAGEM: RETORNÁVEL ","n_fornecedores","2024-07",2024-07-01,66,90.616984543664,-24.616984543664,TRUE,-15.6745,1.7897,0,"***","I"
445485,"ÁGUA MINERAL NATURAL, TIPO: SEM GÁS , MATERIAL EMBALAGEM: PLÁSTICO , TIPO EMBALAGEM: RETORNÁVEL ","n_fornecedores","2024-08",2024-08-01,76,82.4375022445393,-6.43750224453933,TRUE,-15.6745,1.7897,0,"***","I"
445485,"ÁGUA MINERAL NATURAL, TIPO: SEM GÁS , MATERIAL EMBALAGEM: PLÁSTICO , TIPO EMBALAGEM: RETORNÁVEL ","n_fornecedores","2024-09",2024-09-01,64,89.5750610036787,-25.5750610036787,TRUE,-15.6745,1.7897,0,"***","I"
445485,"ÁGUA MINERAL NATURAL, TIPO: SEM GÁS , MATERIAL EMBALAGEM: PLÁSTICO , TIPO EMBALAGEM: RETORNÁVEL ","n_fornecedores","2024-10",2024-10-01,65,87.663278045436,-22.663278045436,TRUE,-15.6745,1.7897,0,"***","I"
445485,"ÁGUA MINERAL NATURAL, TIPO: SEM GÁS , MATERIAL EMBALAGEM: PLÁSTICO , TIPO EMBALAGEM: RETORNÁVEL ","n_fornecedores","2024-11",2024-11-01,49,84.3413718516115,-35.3413718516115,TRUE,-15.6745,1.7897,0,"***","I"
445485,"ÁGUA MINERAL NATURAL, TIPO: SEM GÁS , MATERIAL EMBALAGEM: PLÁSTICO , TIPO EMBALAGEM: RETORNÁVEL ","n_fornecedores","2024-12",2024-12-01,78,85.1081023059282,-7.10810230592817,TRUE,-15.6745,1.7897,0,"***","I"
445485,"ÁGUA MINERAL NATURAL, TIPO: SEM GÁS , MATERIAL EMBALAGEM: PLÁSTICO , TIPO EMBALAGEM: RETORNÁVEL ","n_fornecedores","2025-01",2025-01-01,60,75.6418898598171,-15.6418898598171,TRUE,-15.6745,1.7897,0,"***","I"
445485,"ÁGUA MINERAL NATURAL, TIPO: SEM GÁS , MATERIAL EMBALAGEM: PLÁSTICO , TIPO EMBALAGEM: RETORNÁVEL ","n_fornecedores","2025-02",2025-02-01,62,78.8331123382425,-16.8331123382425,TRUE,-15.6745,1.7897,0,"***","I"
445485,"ÁGUA MINERAL NATURAL, TIPO: SEM GÁS , MATERIAL EMBALAGEM: PLÁSTICO , TIPO EMBALAGEM: RETORNÁVEL ","n_fornecedores","2025-03",2025-03-01,64,82.1268208577684,-18.1268208577684,TRUE,-15.6745,1.7897,0,"***","I"
445485,"ÁGUA MINERAL NATURAL, TIPO: SEM GÁS , MATERIAL EMBALAGEM: PLÁSTICO , TIPO EMBALAGEM: RETORNÁVEL ","n_fornecedores","2025-04",2025-04-01,74,86.9315325910763,-12.9315325910763,TRUE,-15.6745,1.7897,0,"***","I"
445485,"ÁGUA MINERAL NATURAL, TIPO: SEM GÁS , MATERIAL EMBALAGEM: PLÁSTICO , TIPO EMBALAGEM: RETORNÁVEL ","n_fornecedores","2025-05",2025-05-01,59,82.0071138036007,-23.0071138036007,TRUE,-15.6745,1.7897,0,"***","I"
445485,"ÁGUA MINERAL NATURAL, TIPO: SEM GÁS , MATERIAL EMBALAGEM: PLÁSTICO , TIPO EMBALAGEM: RETORNÁVEL ","n_fornecedores","2025-06",2025-06-01,67,77.3875133606905,-10.3875133606905,TRUE,-15.6745,1.7897,0,"***","I"
445485,"ÁGUA MINERAL NATURAL, TIPO: SEM GÁS , MATERIAL EMBALAGEM: PLÁSTICO , TIPO EMBALAGEM: RETORNÁVEL ","n_fornecedores","2025-07",2025-07-01,70,81.7376040864417,-11.7376040864417,TRUE,-15.6745,1.7897,0,"***","I"
445485,"ÁGUA MINERAL NATURAL, TIPO: SEM GÁS , MATERIAL EMBALAGEM: PLÁSTICO , TIPO EMBALAGEM: RETORNÁVEL ","n_fornecedores","2025-08",2025-08-01,50,90.1886899531043,-40.1886899531043,TRUE,-15.6745,1.7897,0,"***","I"
445485,"ÁGUA MINERAL NATURAL, TIPO: SEM GÁS , MATERIAL EMBALAGEM: PLÁSTICO , TIPO EMBALAGEM: RETORNÁVEL ","n_fornecedores","2025-09",2025-09-01,51,88.9108256628217,-37.9108256628217,TRUE,-15.6745,1.7897,0,"***","I"
445485,"ÁGUA MINERAL NATURAL, TIPO: SEM GÁS , MATERIAL EMBALAGEM: PLÁSTICO , TIPO EMBALAGEM: RETORNÁVEL ","n_fornecedores","2025-10",2025-10-01,53,91.5566997390941,-38.5566997390941,TRUE,-15.6745,1.7897,0,"***","I"
445485,"ÁGUA MINERAL NATURAL, TIPO: SEM GÁS , MATERIAL EMBALAGEM: PLÁSTICO , TIPO EMBALAGEM: RETORNÁVEL ","n_fornecedores","2025-11",2025-11-01,46,83.5873892260899,-37.5873892260899,TRUE,-15.6745,1.7897,0,"***","I"
445485,"ÁGUA MINERAL NATURAL, TIPO: SEM GÁS , MATERIAL EMBALAGEM: PLÁSTICO , TIPO EMBALAGEM: RETORNÁVEL ","n_fornecedores","2025-12",2025-12-01,69,84.6252545413451,-15.6252545413451,TRUE,-15.6745,1.7897,0,"***","I"
463990,"AÇÚCAR, TIPO: CRISTAL , CARACTERÍSTICA ADICIONAL: ORGÂNICO ","median_preco","2021-12",2021-12-01,4.1316,4.10782548531841,0.0237745146815911,FALSE,-0.2666,0.7338,0.7163,"","II"
463990,"AÇÚCAR, TIPO: CRISTAL , CARACTERÍSTICA ADICIONAL: ORGÂNICO ","median_preco","2022-01",2022-01-01,3.9583,4.19122089408862,-0.232920894088615,FALSE,-0.2666,0.7338,0.7163,"","II"
463990,"AÇÚCAR, TIPO: CRISTAL , CARACTERÍSTICA ADICIONAL: ORGÂNICO ","median_preco","2022-02",2022-02-01,3.785,4.15375152102122,-0.368751521021218,FALSE,-0.2666,0.7338,0.7163,"","II"
463990,"AÇÚCAR, TIPO: CRISTAL , CARACTERÍSTICA ADICIONAL: ORGÂNICO ","median_preco","2022-03",2022-03-01,6.8825,5.19098978896685,1.69151021103315,FALSE,-0.2666,0.7338,0.7163,"","II"
463990,"AÇÚCAR, TIPO: CRISTAL , CARACTERÍSTICA ADICIONAL: ORGÂNICO ","median_preco","2022-04",2022-04-01,9.98,4.93461184340341,5.04538815659659,FALSE,-0.2666,0.7338,0.7163,"","II"
463990,"AÇÚCAR, TIPO: CRISTAL , CARACTERÍSTICA ADICIONAL: ORGÂNICO ","median_preco","2022-05",2022-05-01,3.99,4.17421255311723,-0.18421255311723,FALSE,-0.2666,0.7338,0.7163,"","II"
463990,"AÇÚCAR, TIPO: CRISTAL , CARACTERÍSTICA ADICIONAL: ORGÂNICO ","median_preco","2022-06",2022-06-01,5.195,4.47984159839865,0.715158401601348,FALSE,-0.2666,0.7338,0.7163,"","II"
463990,"AÇÚCAR, TIPO: CRISTAL , CARACTERÍSTICA ADICIONAL: ORGÂNICO ","median_preco","2022-07",2022-07-01,6.495,4.64724561451765,1.84775438548235,FALSE,-0.2666,0.7338,0.7163,"","II"
463990,"AÇÚCAR, TIPO: CRISTAL , CARACTERÍSTICA ADICIONAL: ORGÂNICO ","median_preco","2022-08",2022-08-01,4.25,4.71267679184858,-0.462676791848581,FALSE,-0.2666,0.7338,0.7163,"","II"
463990,"AÇÚCAR, TIPO: CRISTAL , CARACTERÍSTICA ADICIONAL: ORGÂNICO ","median_preco","2022-09",2022-09-01,4.57165,5.62377534134077,-1.05212534134077,FALSE,-0.2666,0.7338,0.7163,"","II"
463990,"AÇÚCAR, TIPO: CRISTAL , CARACTERÍSTICA ADICIONAL: ORGÂNICO ","median_preco","2022-10",2022-10-01,4.1,4.77196700901483,-0.671967009014826,FALSE,-0.2666,0.7338,0.7163,"","II"
463990,"AÇÚCAR, TIPO: CRISTAL , CARACTERÍSTICA ADICIONAL: ORGÂNICO ","median_preco","2022-11",2022-11-01,3.95,4.08188588426207,-0.131885884262065,FALSE,-0.2666,0.7338,0.7163,"","II"
463990,"AÇÚCAR, TIPO: CRISTAL , CARACTERÍSTICA ADICIONAL: ORGÂNICO ","median_preco","2022-12",2022-12-01,3.8,4.77632966894458,-0.976329668944581,FALSE,-0.2666,0.7338,0.7163,"","II"
463990,"AÇÚCAR, TIPO: CRISTAL , CARACTERÍSTICA ADICIONAL: ORGÂNICO ","median_preco","2023-01",2023-01-01,3.38,4.30107343961825,-0.921073439618251,FALSE,-0.2666,0.7338,0.7163,"","II"
463990,"AÇÚCAR, TIPO: CRISTAL , CARACTERÍSTICA ADICIONAL: ORGÂNICO ","median_preco","2023-02",2023-02-01,8.9,5.42794962183252,3.47205037816748,FALSE,-0.2666,0.7338,0.7163,"","II"
463990,"AÇÚCAR, TIPO: CRISTAL , CARACTERÍSTICA ADICIONAL: ORGÂNICO ","median_preco","2023-03",2023-03-01,4.5,4.83548392766334,-0.335483927663343,FALSE,-0.2666,0.7338,0.7163,"","II"
463990,"AÇÚCAR, TIPO: CRISTAL , CARACTERÍSTICA ADICIONAL: ORGÂNICO ","median_preco","2023-04",2023-04-01,5.317,4.66875934379779,0.648240656202207,FALSE,-0.2666,0.7338,0.7163,"","II"
463990,"AÇÚCAR, TIPO: CRISTAL , CARACTERÍSTICA ADICIONAL: ORGÂNICO ","median_preco","2023-05",2023-05-01,4.7,5.34125850546594,-0.641258505465935,FALSE,-0.2666,0.7338,0.7163,"","II"
463990,"AÇÚCAR, TIPO: CRISTAL , CARACTERÍSTICA ADICIONAL: ORGÂNICO ","median_preco","2023-06",2023-06-01,4.2,4.13655277909873,0.0634472209012689,FALSE,-0.2666,0.7338,0.7163,"","II"
463990,"AÇÚCAR, TIPO: CRISTAL , CARACTERÍSTICA ADICIONAL: ORGÂNICO ","median_preco","2023-07",2023-07-01,3.32,4.42097133516479,-1.10097133516479,FALSE,-0.2666,0.7338,0.7163,"","II"
463990,"AÇÚCAR, TIPO: CRISTAL , CARACTERÍSTICA ADICIONAL: ORGÂNICO ","median_preco","2023-08",2023-08-01,4.7035,4.96408857752678,-0.26058857752678,TRUE,-0.2666,0.7338,0.7163,"","II"
463990,"AÇÚCAR, TIPO: CRISTAL , CARACTERÍSTICA ADICIONAL: ORGÂNICO ","median_preco","2023-09",2023-09-01,4.225,4.2434813358619,-0.0184813358619023,TRUE,-0.2666,0.7338,0.7163,"","II"
463990,"AÇÚCAR, TIPO: CRISTAL , CARACTERÍSTICA ADICIONAL: ORGÂNICO ","median_preco","2023-10",2023-10-01,7.2,4.59885287765837,2.60114712234163,TRUE,-0.2666,0.7338,0.7163,"","II"
463990,"AÇÚCAR, TIPO: CRISTAL , CARACTERÍSTICA ADICIONAL: ORGÂNICO ","median_preco","2023-11",2023-11-01,5.42,4.87597669251746,0.544023307482542,TRUE,-0.2666,0.7338,0.7163,"","II"
463990,"AÇÚCAR, TIPO: CRISTAL , CARACTERÍSTICA ADICIONAL: ORGÂNICO ","median_preco","2023-12",2023-12-01,2.9,5.08016140453457,-2.18016140453457,TRUE,-0.2666,0.7338,0.7163,"","II"
463990,"AÇÚCAR, TIPO: CRISTAL , CARACTERÍSTICA ADICIONAL: ORGÂNICO ","median_preco","2024-01",2024-01-01,3.165,5.48071332410556,-2.31571332410556,TRUE,-0.2666,0.7338,0.7163,"","II"
463990,"AÇÚCAR, TIPO: CRISTAL , CARACTERÍSTICA ADICIONAL: ORGÂNICO ","median_preco","2024-02",2024-02-01,3.43,6.10311697298773,-2.67311697298773,TRUE,-0.2666,0.7338,0.7163,"","II"
463990,"AÇÚCAR, TIPO: CRISTAL , CARACTERÍSTICA ADICIONAL: ORGÂNICO ","median_preco","2024-03",2024-03-01,7.15,4.43500646389366,2.71499353610634,TRUE,-0.2666,0.7338,0.7163,"","II"
463990,"AÇÚCAR, TIPO: CRISTAL , CARACTERÍSTICA ADICIONAL: ORGÂNICO ","median_preco","2024-04",2024-04-01,6.4,4.85947635248593,1.54052364751407,TRUE,-0.2666,0.7338,0.7163,"","II"
463990,"AÇÚCAR, TIPO: CRISTAL , CARACTERÍSTICA ADICIONAL: ORGÂNICO ","median_preco","2024-05",2024-05-01,5.65,6.31029771338767,-0.660297713387666,TRUE,-0.2666,0.7338,0.7163,"","II"
463990,"AÇÚCAR, TIPO: CRISTAL , CARACTERÍSTICA ADICIONAL: ORGÂNICO ","median_preco","2024-06",2024-06-01,4.9,5.7910636122388,-0.8910636122388,TRUE,-0.2666,0.7338,0.7163,"","II"
463990,"AÇÚCAR, TIPO: CRISTAL , CARACTERÍSTICA ADICIONAL: ORGÂNICO ","median_preco","2024-07",2024-07-01,7.65,5.51910055165375,2.13089944834625,TRUE,-0.2666,0.7338,0.7163,"","II"
463990,"AÇÚCAR, TIPO: CRISTAL , CARACTERÍSTICA ADICIONAL: ORGÂNICO ","median_preco","2024-08",2024-08-01,4.5,6.1809844602611,-1.6809844602611,TRUE,-0.2666,0.7338,0.7163,"","II"
463990,"AÇÚCAR, TIPO: CRISTAL , CARACTERÍSTICA ADICIONAL: ORGÂNICO ","median_preco","2024-09",2024-09-01,7.095,6.06992128162786,1.02507871837213,TRUE,-0.2666,0.7338,0.7163,"","II"
463990,"AÇÚCAR, TIPO: CRISTAL , CARACTERÍSTICA ADICIONAL: ORGÂNICO ","median_preco","2024-10",2024-10-01,3.72,5.31110154621462,-1.59110154621462,TRUE,-0.2666,0.7338,0.7163,"","II"
463990,"AÇÚCAR, TIPO: CRISTAL , CARACTERÍSTICA ADICIONAL: ORGÂNICO ","median_preco","2024-11",2024-11-01,4.11,5.5162028689232,-1.4062028689232,TRUE,-0.2666,0.7338,0.7163,"","II"
463990,"AÇÚCAR, TIPO: CRISTAL , CARACTERÍSTICA ADICIONAL: ORGÂNICO ","median_preco","2024-12",2024-12-01,4.5,5.28817384249916,-0.788173842499155,TRUE,-0.2666,0.7338,0.7163,"","II"
463990,"AÇÚCAR, TIPO: CRISTAL , CARACTERÍSTICA ADICIONAL: ORGÂNICO ","median_preco","2025-01",2025-01-01,4.665,6.20252327730881,-1.53752327730881,TRUE,-0.2666,0.7338,0.7163,"","II"
463990,"AÇÚCAR, TIPO: CRISTAL , CARACTERÍSTICA ADICIONAL: ORGÂNICO ","median_preco","2025-02",2025-02-01,4.83,5.26911983962545,-0.439119839625446,TRUE,-0.2666,0.7338,0.7163,"","II"
463990,"AÇÚCAR, TIPO: CRISTAL , CARACTERÍSTICA ADICIONAL: ORGÂNICO ","median_preco","2025-03",2025-03-01,5.6,5.31905653621376,0.28094346378624,TRUE,-0.2666,0.7338,0.7163,"","II"
463990,"AÇÚCAR, TIPO: CRISTAL , CARACTERÍSTICA ADICIONAL: ORGÂNICO ","median_preco","2025-04",2025-04-01,7.72,6.28807548572825,1.43192451427176,TRUE,-0.2666,0.7338,0.7163,"","II"
463990,"AÇÚCAR, TIPO: CRISTAL , CARACTERÍSTICA ADICIONAL: ORGÂNICO ","median_preco","2025-05",2025-05-01,6.905,5.21859073095298,1.68640926904702,TRUE,-0.2666,0.7338,0.7163,"","II"
463990,"AÇÚCAR, TIPO: CRISTAL , CARACTERÍSTICA ADICIONAL: ORGÂNICO ","median_preco","2025-06",2025-06-01,4.892,5.90335251588402,-1.01135251588402,TRUE,-0.2666,0.7338,0.7163,"","II"
463990,"AÇÚCAR, TIPO: CRISTAL , CARACTERÍSTICA ADICIONAL: ORGÂNICO ","median_preco","2025-07",2025-07-01,5,4.90698045336241,0.0930195466375947,TRUE,-0.2666,0.7338,0.7163,"","II"
463990,"AÇÚCAR, TIPO: CRISTAL , CARACTERÍSTICA ADICIONAL: ORGÂNICO ","median_preco","2025-08",2025-08-01,6.275,5.84677029898947,0.42822970101053,TRUE,-0.2666,0.7338,0.7163,"","II"
463990,"AÇÚCAR, TIPO: CRISTAL , CARACTERÍSTICA ADICIONAL: ORGÂNICO ","median_preco","2025-09",2025-09-01,5.20125,6.01375839431682,-0.812508394316819,TRUE,-0.2666,0.7338,0.7163,"","II"
463990,"AÇÚCAR, TIPO: CRISTAL , CARACTERÍSTICA ADICIONAL: ORGÂNICO ","median_preco","2025-10",2025-10-01,4.1275,5.24148906418049,-1.11398906418049,TRUE,-0.2666,0.7338,0.7163,"","II"
463990,"AÇÚCAR, TIPO: CRISTAL , CARACTERÍSTICA ADICIONAL: ORGÂNICO ","median_preco","2025-11",2025-11-01,4.24,6.55764563978503,-2.31764563978503,TRUE,-0.2666,0.7338,0.7163,"","II"
463990,"AÇÚCAR, TIPO: CRISTAL , CARACTERÍSTICA ADICIONAL: ORGÂNICO ","median_preco","2025-12",2025-12-01,4.24,4.75121917027804,-0.51121917027804,TRUE,-0.2666,0.7338,0.7163,"","II"
463990,"AÇÚCAR, TIPO: CRISTAL , CARACTERÍSTICA ADICIONAL: ORGÂNICO ","n_combinacoes_unidade","2021-12",2021-12-01,2,2.09533004509201,-0.0953300450920138,FALSE,0.2263,0.2079,0.2765,"","II"
463990,"AÇÚCAR, TIPO: CRISTAL , CARACTERÍSTICA ADICIONAL: ORGÂNICO ","n_combinacoes_unidade","2022-01",2022-01-01,1.5,1.23883095714143,0.261169042858566,FALSE,0.2263,0.2079,0.2765,"","II"
463990,"AÇÚCAR, TIPO: CRISTAL , CARACTERÍSTICA ADICIONAL: ORGÂNICO ","n_combinacoes_unidade","2022-02",2022-02-01,1,1.06739186755253,-0.0673918675525345,FALSE,0.2263,0.2079,0.2765,"","II"
463990,"AÇÚCAR, TIPO: CRISTAL , CARACTERÍSTICA ADICIONAL: ORGÂNICO ","n_combinacoes_unidade","2022-03",2022-03-01,1,1.27963446356254,-0.279634463562537,FALSE,0.2263,0.2079,0.2765,"","II"
463990,"AÇÚCAR, TIPO: CRISTAL , CARACTERÍSTICA ADICIONAL: ORGÂNICO ","n_combinacoes_unidade","2022-04",2022-04-01,1,1.58781271607091,-0.587812716070912,FALSE,0.2263,0.2079,0.2765,"","II"
463990,"AÇÚCAR, TIPO: CRISTAL , CARACTERÍSTICA ADICIONAL: ORGÂNICO ","n_combinacoes_unidade","2022-05",2022-05-01,1,1.28755432229047,-0.287554322290468,FALSE,0.2263,0.2079,0.2765,"","II"
463990,"AÇÚCAR, TIPO: CRISTAL , CARACTERÍSTICA ADICIONAL: ORGÂNICO ","n_combinacoes_unidade","2022-06",2022-06-01,1,1.74827409154717,-0.748274091547167,FALSE,0.2263,0.2079,0.2765,"","II"
463990,"AÇÚCAR, TIPO: CRISTAL , CARACTERÍSTICA ADICIONAL: ORGÂNICO ","n_combinacoes_unidade","2022-07",2022-07-01,1,1.1923855345901,-0.192385534590101,FALSE,0.2263,0.2079,0.2765,"","II"
463990,"AÇÚCAR, TIPO: CRISTAL , CARACTERÍSTICA ADICIONAL: ORGÂNICO ","n_combinacoes_unidade","2022-08",2022-08-01,3,1.9619171092745,1.0380828907255,FALSE,0.2263,0.2079,0.2765,"","II"
463990,"AÇÚCAR, TIPO: CRISTAL , CARACTERÍSTICA ADICIONAL: ORGÂNICO ","n_combinacoes_unidade","2022-09",2022-09-01,3,2.29529898239181,0.704701017608188,FALSE,0.2263,0.2079,0.2765,"","II"
463990,"AÇÚCAR, TIPO: CRISTAL , CARACTERÍSTICA ADICIONAL: ORGÂNICO ","n_combinacoes_unidade","2022-10",2022-10-01,2,1.47185874076099,0.528141259239009,FALSE,0.2263,0.2079,0.2765,"","II"
463990,"AÇÚCAR, TIPO: CRISTAL , CARACTERÍSTICA ADICIONAL: ORGÂNICO ","n_combinacoes_unidade","2022-11",2022-11-01,2,1.73260957271789,0.267390427282108,FALSE,0.2263,0.2079,0.2765,"","II"
463990,"AÇÚCAR, TIPO: CRISTAL , CARACTERÍSTICA ADICIONAL: ORGÂNICO ","n_combinacoes_unidade","2022-12",2022-12-01,2,1.42527917534234,0.574720824657659,FALSE,0.2263,0.2079,0.2765,"","II"
463990,"AÇÚCAR, TIPO: CRISTAL , CARACTERÍSTICA ADICIONAL: ORGÂNICO ","n_combinacoes_unidade","2023-01",2023-01-01,1,1.11611523270157,-0.116115232701568,FALSE,0.2263,0.2079,0.2765,"","II"
463990,"AÇÚCAR, TIPO: CRISTAL , CARACTERÍSTICA ADICIONAL: ORGÂNICO ","n_combinacoes_unidade","2023-02",2023-02-01,1,1.38460981178856,-0.384609811788556,FALSE,0.2263,0.2079,0.2765,"","II"
463990,"AÇÚCAR, TIPO: CRISTAL , CARACTERÍSTICA ADICIONAL: ORGÂNICO ","n_combinacoes_unidade","2023-03",2023-03-01,1,1.27900091064321,-0.279000910643208,FALSE,0.2263,0.2079,0.2765,"","II"
463990,"AÇÚCAR, TIPO: CRISTAL , CARACTERÍSTICA ADICIONAL: ORGÂNICO ","n_combinacoes_unidade","2023-04",2023-04-01,2,1.27900091064321,0.720999089356792,FALSE,0.2263,0.2079,0.2765,"","II"
463990,"AÇÚCAR, TIPO: CRISTAL , CARACTERÍSTICA ADICIONAL: ORGÂNICO ","n_combinacoes_unidade","2023-05",2023-05-01,1,1.34577490647125,-0.34577490647125,FALSE,0.2263,0.2079,0.2765,"","II"
463990,"AÇÚCAR, TIPO: CRISTAL , CARACTERÍSTICA ADICIONAL: ORGÂNICO ","n_combinacoes_unidade","2023-06",2023-06-01,1,1.76082916596363,-0.76082916596363,FALSE,0.2263,0.2079,0.2765,"","II"
463990,"AÇÚCAR, TIPO: CRISTAL , CARACTERÍSTICA ADICIONAL: ORGÂNICO ","n_combinacoes_unidade","2023-07",2023-07-01,1,1.28849812967496,-0.288498129674957,FALSE,0.2263,0.2079,0.2765,"","II"
463990,"AÇÚCAR, TIPO: CRISTAL , CARACTERÍSTICA ADICIONAL: ORGÂNICO ","n_combinacoes_unidade","2023-08",2023-08-01,2,1.27900091064321,0.720999089356792,TRUE,0.2263,0.2079,0.2765,"","II"
463990,"AÇÚCAR, TIPO: CRISTAL , CARACTERÍSTICA ADICIONAL: ORGÂNICO ","n_combinacoes_unidade","2023-09",2023-09-01,2,1.46057077218318,0.539429227816815,TRUE,0.2263,0.2079,0.2765,"","II"
463990,"AÇÚCAR, TIPO: CRISTAL , CARACTERÍSTICA ADICIONAL: ORGÂNICO ","n_combinacoes_unidade","2023-10",2023-10-01,1,1.3267422777921,-0.3267422777921,TRUE,0.2263,0.2079,0.2765,"","II"
463990,"AÇÚCAR, TIPO: CRISTAL , CARACTERÍSTICA ADICIONAL: ORGÂNICO ","n_combinacoes_unidade","2023-11",2023-11-01,1,1.62376670458999,-0.623766704589986,TRUE,0.2263,0.2079,0.2765,"","II"
463990,"AÇÚCAR, TIPO: CRISTAL , CARACTERÍSTICA ADICIONAL: ORGÂNICO ","n_combinacoes_unidade","2023-12",2023-12-01,1,1.14580596917145,-0.145805969171451,TRUE,0.2263,0.2079,0.2765,"","II"
463990,"AÇÚCAR, TIPO: CRISTAL , CARACTERÍSTICA ADICIONAL: ORGÂNICO ","n_combinacoes_unidade","2024-01",2024-01-01,2,1.5379991836697,0.462000816330296,TRUE,0.2263,0.2079,0.2765,"","II"
463990,"AÇÚCAR, TIPO: CRISTAL , CARACTERÍSTICA ADICIONAL: ORGÂNICO ","n_combinacoes_unidade","2024-02",2024-02-01,3,1.20188275362185,1.79811724637815,TRUE,0.2263,0.2079,0.2765,"","II"
463990,"AÇÚCAR, TIPO: CRISTAL , CARACTERÍSTICA ADICIONAL: ORGÂNICO ","n_combinacoes_unidade","2024-03",2024-03-01,1,1.08677663344475,-0.0867766334447535,TRUE,0.2263,0.2079,0.2765,"","II"
463990,"AÇÚCAR, TIPO: CRISTAL , CARACTERÍSTICA ADICIONAL: ORGÂNICO ","n_combinacoes_unidade","2024-04",2024-04-01,1,1.65216149646231,-0.652161496462311,TRUE,0.2263,0.2079,0.2765,"","II"
463990,"AÇÚCAR, TIPO: CRISTAL , CARACTERÍSTICA ADICIONAL: ORGÂNICO ","n_combinacoes_unidade","2024-05",2024-05-01,1,1.08677663344475,-0.0867766334447535,TRUE,0.2263,0.2079,0.2765,"","II"
463990,"AÇÚCAR, TIPO: CRISTAL , CARACTERÍSTICA ADICIONAL: ORGÂNICO ","n_combinacoes_unidade","2024-06",2024-06-01,1,0.836331772065517,0.163668227934483,TRUE,0.2263,0.2079,0.2765,"","II"
463990,"AÇÚCAR, TIPO: CRISTAL , CARACTERÍSTICA ADICIONAL: ORGÂNICO ","n_combinacoes_unidade","2024-07",2024-07-01,2,1.26091208934855,0.739087910651453,TRUE,0.2263,0.2079,0.2765,"","II"
463990,"AÇÚCAR, TIPO: CRISTAL , CARACTERÍSTICA ADICIONAL: ORGÂNICO ","n_combinacoes_unidade","2024-08",2024-08-01,2,1.00016125739165,0.999838742608353,TRUE,0.2263,0.2079,0.2765,"","II"
463990,"AÇÚCAR, TIPO: CRISTAL , CARACTERÍSTICA ADICIONAL: ORGÂNICO ","n_combinacoes_unidade","2024-09",2024-09-01,1,1.84681098909741,-0.846810989097408,TRUE,0.2263,0.2079,0.2765,"","II"
463990,"AÇÚCAR, TIPO: CRISTAL , CARACTERÍSTICA ADICIONAL: ORGÂNICO ","n_combinacoes_unidade","2024-10",2024-10-01,1,1.51991036237504,-0.519910362375044,TRUE,0.2263,0.2079,0.2765,"","II"
463990,"AÇÚCAR, TIPO: CRISTAL , CARACTERÍSTICA ADICIONAL: ORGÂNICO ","n_combinacoes_unidade","2024-11",2024-11-01,1,1.5379991836697,-0.537999183669704,TRUE,0.2263,0.2079,0.2765,"","II"
463990,"AÇÚCAR, TIPO: CRISTAL , CARACTERÍSTICA ADICIONAL: ORGÂNICO ","n_combinacoes_unidade","2024-12",2024-12-01,1,1.28849812967496,-0.288498129674957,TRUE,0.2263,0.2079,0.2765,"","II"
463990,"AÇÚCAR, TIPO: CRISTAL , CARACTERÍSTICA ADICIONAL: ORGÂNICO ","n_combinacoes_unidade","2025-01",2025-01-01,2,1.30897306281935,0.691026937180649,TRUE,0.2263,0.2079,0.2765,"","II"
463990,"AÇÚCAR, TIPO: CRISTAL , CARACTERÍSTICA ADICIONAL: ORGÂNICO ","n_combinacoes_unidade","2025-02",2025-02-01,3,1.40414185051972,1.59585814948028,TRUE,0.2263,0.2079,0.2765,"","II"
463990,"AÇÚCAR, TIPO: CRISTAL , CARACTERÍSTICA ADICIONAL: ORGÂNICO ","n_combinacoes_unidade","2025-03",2025-03-01,2,1.25915953041814,0.740840469581857,TRUE,0.2263,0.2079,0.2765,"","II"
463990,"AÇÚCAR, TIPO: CRISTAL , CARACTERÍSTICA ADICIONAL: ORGÂNICO ","n_combinacoes_unidade","2025-04",2025-04-01,2,1.08677663344475,0.913223366555246,TRUE,0.2263,0.2079,0.2765,"","II"
463990,"AÇÚCAR, TIPO: CRISTAL , CARACTERÍSTICA ADICIONAL: ORGÂNICO ","n_combinacoes_unidade","2025-05",2025-05-01,2,1.27963446356254,0.720365536437463,TRUE,0.2263,0.2079,0.2765,"","II"
463990,"AÇÚCAR, TIPO: CRISTAL , CARACTERÍSTICA ADICIONAL: ORGÂNICO ","n_combinacoes_unidade","2025-06",2025-06-01,1,1.14580596917145,-0.145805969171451,TRUE,0.2263,0.2079,0.2765,"","II"
463990,"AÇÚCAR, TIPO: CRISTAL , CARACTERÍSTICA ADICIONAL: ORGÂNICO ","n_combinacoes_unidade","2025-07",2025-07-01,1,1.25915953041814,-0.259159530418143,TRUE,0.2263,0.2079,0.2765,"","II"
463990,"AÇÚCAR, TIPO: CRISTAL , CARACTERÍSTICA ADICIONAL: ORGÂNICO ","n_combinacoes_unidade","2025-08",2025-08-01,2,1.51041314334329,0.489586856656705,TRUE,0.2263,0.2079,0.2765,"","II"
463990,"AÇÚCAR, TIPO: CRISTAL , CARACTERÍSTICA ADICIONAL: ORGÂNICO ","n_combinacoes_unidade","2025-09",2025-09-01,2,1.27900091064321,0.720999089356792,TRUE,0.2263,0.2079,0.2765,"","II"
463990,"AÇÚCAR, TIPO: CRISTAL , CARACTERÍSTICA ADICIONAL: ORGÂNICO ","n_combinacoes_unidade","2025-10",2025-10-01,2,1.79763100961553,0.202368990384472,TRUE,0.2263,0.2079,0.2765,"","II"
463990,"AÇÚCAR, TIPO: CRISTAL , CARACTERÍSTICA ADICIONAL: ORGÂNICO ","n_combinacoes_unidade","2025-11",2025-11-01,1,1.32881444304442,-0.328814443044416,TRUE,0.2263,0.2079,0.2765,"","II"
463990,"AÇÚCAR, TIPO: CRISTAL , CARACTERÍSTICA ADICIONAL: ORGÂNICO ","n_combinacoes_unidade","2025-12",2025-12-01,1,1.08677663344475,-0.0867766334447535,TRUE,0.2263,0.2079,0.2765,"","II"
463990,"AÇÚCAR, TIPO: CRISTAL , CARACTERÍSTICA ADICIONAL: ORGÂNICO ","n_fornecedores","2021-12",2021-12-01,3,2.10228692235884,0.897713077641164,FALSE,0.0505,1.0507,0.9617,"","III"
463990,"AÇÚCAR, TIPO: CRISTAL , CARACTERÍSTICA ADICIONAL: ORGÂNICO ","n_fornecedores","2022-01",2022-01-01,3.5,0.712350062503117,2.78764993749688,FALSE,0.0505,1.0507,0.9617,"","III"
463990,"AÇÚCAR, TIPO: CRISTAL , CARACTERÍSTICA ADICIONAL: ORGÂNICO ","n_fornecedores","2022-02",2022-02-01,4,2.94433365876238,1.05566634123762,FALSE,0.0505,1.0507,0.9617,"","III"
463990,"AÇÚCAR, TIPO: CRISTAL , CARACTERÍSTICA ADICIONAL: ORGÂNICO ","n_fornecedores","2022-03",2022-03-01,2.5,1.34356839250922,1.15643160749078,FALSE,0.0505,1.0507,0.9617,"","III"
463990,"AÇÚCAR, TIPO: CRISTAL , CARACTERÍSTICA ADICIONAL: ORGÂNICO ","n_fornecedores","2022-04",2022-04-01,1,1.30439705527151,-0.30439705527151,FALSE,0.0505,1.0507,0.9617,"","III"
463990,"AÇÚCAR, TIPO: CRISTAL , CARACTERÍSTICA ADICIONAL: ORGÂNICO ","n_fornecedores","2022-05",2022-05-01,2,2.4886129114305,-0.4886129114305,FALSE,0.0505,1.0507,0.9617,"","III"
463990,"AÇÚCAR, TIPO: CRISTAL , CARACTERÍSTICA ADICIONAL: ORGÂNICO ","n_fornecedores","2022-06",2022-06-01,2,2.83754801755866,-0.837548017558657,FALSE,0.0505,1.0507,0.9617,"","III"
463990,"AÇÚCAR, TIPO: CRISTAL , CARACTERÍSTICA ADICIONAL: ORGÂNICO ","n_fornecedores","2022-07",2022-07-01,2,2.48313114812243,-0.483131148122426,FALSE,0.0505,1.0507,0.9617,"","III"
463990,"AÇÚCAR, TIPO: CRISTAL , CARACTERÍSTICA ADICIONAL: ORGÂNICO ","n_fornecedores","2022-08",2022-08-01,4,3.12615748193807,0.873842518061929,FALSE,0.0505,1.0507,0.9617,"","III"
463990,"AÇÚCAR, TIPO: CRISTAL , CARACTERÍSTICA ADICIONAL: ORGÂNICO ","n_fornecedores","2022-09",2022-09-01,5,3.60829514029797,1.39170485970203,FALSE,0.0505,1.0507,0.9617,"","III"
463990,"AÇÚCAR, TIPO: CRISTAL , CARACTERÍSTICA ADICIONAL: ORGÂNICO ","n_fornecedores","2022-10",2022-10-01,2,0.678101206351333,1.32189879364867,FALSE,0.0505,1.0507,0.9617,"","III"
463990,"AÇÚCAR, TIPO: CRISTAL , CARACTERÍSTICA ADICIONAL: ORGÂNICO ","n_fornecedores","2022-11",2022-11-01,2.5,2.11095749040622,0.389042509593781,FALSE,0.0505,1.0507,0.9617,"","III"
463990,"AÇÚCAR, TIPO: CRISTAL , CARACTERÍSTICA ADICIONAL: ORGÂNICO ","n_fornecedores","2022-12",2022-12-01,3,2.5127358344356,0.487264165564399,FALSE,0.0505,1.0507,0.9617,"","III"
463990,"AÇÚCAR, TIPO: CRISTAL , CARACTERÍSTICA ADICIONAL: ORGÂNICO ","n_fornecedores","2023-01",2023-01-01,1,0.26209701219352,0.73790298780648,FALSE,0.0505,1.0507,0.9617,"","III"
463990,"AÇÚCAR, TIPO: CRISTAL , CARACTERÍSTICA ADICIONAL: ORGÂNICO ","n_fornecedores","2023-02",2023-02-01,1,1.43131722253774,-0.43131722253774,FALSE,0.0505,1.0507,0.9617,"","III"
463990,"AÇÚCAR, TIPO: CRISTAL , CARACTERÍSTICA ADICIONAL: ORGÂNICO ","n_fornecedores","2023-03",2023-03-01,3,3.48601691543216,-0.486016915432157,FALSE,0.0505,1.0507,0.9617,"","III"
463990,"AÇÚCAR, TIPO: CRISTAL , CARACTERÍSTICA ADICIONAL: ORGÂNICO ","n_fornecedores","2023-04",2023-04-01,2,1.96088707781528,0.03911292218472,FALSE,0.0505,1.0507,0.9617,"","III"
463990,"AÇÚCAR, TIPO: CRISTAL , CARACTERÍSTICA ADICIONAL: ORGÂNICO ","n_fornecedores","2023-05",2023-05-01,3,2.31536912579428,0.684630874205725,FALSE,0.0505,1.0507,0.9617,"","III"
463990,"AÇÚCAR, TIPO: CRISTAL , CARACTERÍSTICA ADICIONAL: ORGÂNICO ","n_fornecedores","2023-06",2023-06-01,1,2.54774413150044,-1.54774413150044,FALSE,0.0505,1.0507,0.9617,"","III"
463990,"AÇÚCAR, TIPO: CRISTAL , CARACTERÍSTICA ADICIONAL: ORGÂNICO ","n_fornecedores","2023-07",2023-07-01,1,2.12159954753233,-1.12159954753233,FALSE,0.0505,1.0507,0.9617,"","III"
463990,"AÇÚCAR, TIPO: CRISTAL , CARACTERÍSTICA ADICIONAL: ORGÂNICO ","n_fornecedores","2023-08",2023-08-01,2,3.83293923526059,-1.83293923526059,TRUE,0.0505,1.0507,0.9617,"","III"
463990,"AÇÚCAR, TIPO: CRISTAL , CARACTERÍSTICA ADICIONAL: ORGÂNICO ","n_fornecedores","2023-09",2023-09-01,2,1.92728613300084,0.0727138669991612,TRUE,0.0505,1.0507,0.9617,"","III"
463990,"AÇÚCAR, TIPO: CRISTAL , CARACTERÍSTICA ADICIONAL: ORGÂNICO ","n_fornecedores","2023-10",2023-10-01,1,1.83549500985264,-0.83549500985264,TRUE,0.0505,1.0507,0.9617,"","III"
463990,"AÇÚCAR, TIPO: CRISTAL , CARACTERÍSTICA ADICIONAL: ORGÂNICO ","n_fornecedores","2023-11",2023-11-01,1,2.01000318207845,-1.01000318207845,TRUE,0.0505,1.0507,0.9617,"","III"
463990,"AÇÚCAR, TIPO: CRISTAL , CARACTERÍSTICA ADICIONAL: ORGÂNICO ","n_fornecedores","2023-12",2023-12-01,1,2.78732026886898,-1.78732026886898,TRUE,0.0505,1.0507,0.9617,"","III"
463990,"AÇÚCAR, TIPO: CRISTAL , CARACTERÍSTICA ADICIONAL: ORGÂNICO ","n_fornecedores","2024-01",2024-01-01,1.5,2.23375523650319,-0.733755236503189,TRUE,0.0505,1.0507,0.9617,"","III"
463990,"AÇÚCAR, TIPO: CRISTAL , CARACTERÍSTICA ADICIONAL: ORGÂNICO ","n_fornecedores","2024-02",2024-02-01,2,2.42644158586151,-0.426441585861513,TRUE,0.0505,1.0507,0.9617,"","III"
463990,"AÇÚCAR, TIPO: CRISTAL , CARACTERÍSTICA ADICIONAL: ORGÂNICO ","n_fornecedores","2024-03",2024-03-01,1,2.07407193281954,-1.07407193281954,TRUE,0.0505,1.0507,0.9617,"","III"
463990,"AÇÚCAR, TIPO: CRISTAL , CARACTERÍSTICA ADICIONAL: ORGÂNICO ","n_fornecedores","2024-04",2024-04-01,1.66666666666667,0.317250680016838,1.34941598664983,TRUE,0.0505,1.0507,0.9617,"","III"
463990,"AÇÚCAR, TIPO: CRISTAL , CARACTERÍSTICA ADICIONAL: ORGÂNICO ","n_fornecedores","2024-05",2024-05-01,2.33333333333333,2.42438470795281,-0.091051374619473,TRUE,0.0505,1.0507,0.9617,"","III"
463990,"AÇÚCAR, TIPO: CRISTAL , CARACTERÍSTICA ADICIONAL: ORGÂNICO ","n_fornecedores","2024-06",2024-06-01,3,1.21523390945747,1.78476609054253,TRUE,0.0505,1.0507,0.9617,"","III"
463990,"AÇÚCAR, TIPO: CRISTAL , CARACTERÍSTICA ADICIONAL: ORGÂNICO ","n_fornecedores","2024-07",2024-07-01,3,1.9400030586692,1.0599969413308,TRUE,0.0505,1.0507,0.9617,"","III"
463990,"AÇÚCAR, TIPO: CRISTAL , CARACTERÍSTICA ADICIONAL: ORGÂNICO ","n_fornecedores","2024-08",2024-08-01,3,1.74779077098946,1.25220922901054,TRUE,0.0505,1.0507,0.9617,"","III"
463990,"AÇÚCAR, TIPO: CRISTAL , CARACTERÍSTICA ADICIONAL: ORGÂNICO ","n_fornecedores","2024-09",2024-09-01,2,3.31335078689986,-1.31335078689986,TRUE,0.0505,1.0507,0.9617,"","III"
463990,"AÇÚCAR, TIPO: CRISTAL , CARACTERÍSTICA ADICIONAL: ORGÂNICO ","n_fornecedores","2024-10",2024-10-01,4,2.70317674557281,1.29682325442719,TRUE,0.0505,1.0507,0.9617,"","III"
463990,"AÇÚCAR, TIPO: CRISTAL , CARACTERÍSTICA ADICIONAL: ORGÂNICO ","n_fornecedores","2024-11",2024-11-01,4,4.26443627919718,-0.264436279197179,TRUE,0.0505,1.0507,0.9617,"","III"
463990,"AÇÚCAR, TIPO: CRISTAL , CARACTERÍSTICA ADICIONAL: ORGÂNICO ","n_fornecedores","2024-12",2024-12-01,4,3.37535018702699,0.624649812973006,TRUE,0.0505,1.0507,0.9617,"","III"
463990,"AÇÚCAR, TIPO: CRISTAL , CARACTERÍSTICA ADICIONAL: ORGÂNICO ","n_fornecedores","2025-01",2025-01-01,3.5,2.38759072882485,1.11240927117515,TRUE,0.0505,1.0507,0.9617,"","III"
463990,"AÇÚCAR, TIPO: CRISTAL , CARACTERÍSTICA ADICIONAL: ORGÂNICO ","n_fornecedores","2025-02",2025-02-01,3,1.5521903665137,1.4478096334863,TRUE,0.0505,1.0507,0.9617,"","III"
463990,"AÇÚCAR, TIPO: CRISTAL , CARACTERÍSTICA ADICIONAL: ORGÂNICO ","n_fornecedores","2025-03",2025-03-01,2,1.3934286439555,0.606571356044504,TRUE,0.0505,1.0507,0.9617,"","III"
463990,"AÇÚCAR, TIPO: CRISTAL , CARACTERÍSTICA ADICIONAL: ORGÂNICO ","n_fornecedores","2025-04",2025-04-01,3,0.720250009086425,2.27974999091357,TRUE,0.0505,1.0507,0.9617,"","III"
463990,"AÇÚCAR, TIPO: CRISTAL , CARACTERÍSTICA ADICIONAL: ORGÂNICO ","n_fornecedores","2025-05",2025-05-01,2,1.50858483503469,0.491415164965306,TRUE,0.0505,1.0507,0.9617,"","III"
463990,"AÇÚCAR, TIPO: CRISTAL , CARACTERÍSTICA ADICIONAL: ORGÂNICO ","n_fornecedores","2025-06",2025-06-01,1,2.79685672271145,-1.79685672271145,TRUE,0.0505,1.0507,0.9617,"","III"
463990,"AÇÚCAR, TIPO: CRISTAL , CARACTERÍSTICA ADICIONAL: ORGÂNICO ","n_fornecedores","2025-07",2025-07-01,3,3.16496814342188,-0.164968143421879,TRUE,0.0505,1.0507,0.9617,"","III"
463990,"AÇÚCAR, TIPO: CRISTAL , CARACTERÍSTICA ADICIONAL: ORGÂNICO ","n_fornecedores","2025-08",2025-08-01,3,3.25246536054919,-0.25246536054919,TRUE,0.0505,1.0507,0.9617,"","III"
463990,"AÇÚCAR, TIPO: CRISTAL , CARACTERÍSTICA ADICIONAL: ORGÂNICO ","n_fornecedores","2025-09",2025-09-01,3,2.75836322810689,0.241636771893113,TRUE,0.0505,1.0507,0.9617,"","III"
463990,"AÇÚCAR, TIPO: CRISTAL , CARACTERÍSTICA ADICIONAL: ORGÂNICO ","n_fornecedores","2025-10",2025-10-01,3,4.05372234593252,-1.05372234593252,TRUE,0.0505,1.0507,0.9617,"","III"
463990,"AÇÚCAR, TIPO: CRISTAL , CARACTERÍSTICA ADICIONAL: ORGÂNICO ","n_fornecedores","2025-11",2025-11-01,2,1.51142192968732,0.488578070312679,TRUE,0.0505,1.0507,0.9617,"","III"
463990,"AÇÚCAR, TIPO: CRISTAL , CARACTERÍSTICA ADICIONAL: ORGÂNICO ","n_fornecedores","2025-12",2025-12-01,2,2.00874354832767,-0.00874354832766633,TRUE,0.0505,1.0507,0.9617,"","III"
603269,"""AÇÚCAR"", TIPO: REFINADO , CARACTERÍSTICAS ADICIONAIS: BRANCO, 1ª QUALIDADE ","median_preco","2021-12",2021-12-01,4.2208,3.92768790943703,0.293112090562967,FALSE,-0.013,0.6767,0.9847,"","III"
603269,"""AÇÚCAR"", TIPO: REFINADO , CARACTERÍSTICAS ADICIONAIS: BRANCO, 1ª QUALIDADE ","median_preco","2022-01",2022-01-01,4.165,4.08236588733095,0.0826341126690506,FALSE,-0.013,0.6767,0.9847,"","III"
603269,"""AÇÚCAR"", TIPO: REFINADO , CARACTERÍSTICAS ADICIONAIS: BRANCO, 1ª QUALIDADE ","median_preco","2022-02",2022-02-01,4.34,4.12154854897538,0.218451451024624,FALSE,-0.013,0.6767,0.9847,"","III"
603269,"""AÇÚCAR"", TIPO: REFINADO , CARACTERÍSTICAS ADICIONAIS: BRANCO, 1ª QUALIDADE ","median_preco","2022-03",2022-03-01,4.27,4.29882138410749,-0.0288213841074922,FALSE,-0.013,0.6767,0.9847,"","III"
603269,"""AÇÚCAR"", TIPO: REFINADO , CARACTERÍSTICAS ADICIONAIS: BRANCO, 1ª QUALIDADE ","median_preco","2022-04",2022-04-01,4.316025,4.27665056606143,0.0393744339385709,FALSE,-0.013,0.6767,0.9847,"","III"
603269,"""AÇÚCAR"", TIPO: REFINADO , CARACTERÍSTICAS ADICIONAIS: BRANCO, 1ª QUALIDADE ","median_preco","2022-05",2022-05-01,4.37165,4.1882189621633,0.183431037836701,FALSE,-0.013,0.6767,0.9847,"","III"
603269,"""AÇÚCAR"", TIPO: REFINADO , CARACTERÍSTICAS ADICIONAIS: BRANCO, 1ª QUALIDADE ","median_preco","2022-06",2022-06-01,4.355,4.12077392899687,0.234226071003135,FALSE,-0.013,0.6767,0.9847,"","III"
603269,"""AÇÚCAR"", TIPO: REFINADO , CARACTERÍSTICAS ADICIONAIS: BRANCO, 1ª QUALIDADE ","median_preco","2022-07",2022-07-01,4.512,4.20536639401265,0.306633605987351,FALSE,-0.013,0.6767,0.9847,"","III"
603269,"""AÇÚCAR"", TIPO: REFINADO , CARACTERÍSTICAS ADICIONAIS: BRANCO, 1ª QUALIDADE ","median_preco","2022-08",2022-08-01,4.1975,4.06710524022796,0.13039475977204,FALSE,-0.013,0.6767,0.9847,"","III"
603269,"""AÇÚCAR"", TIPO: REFINADO , CARACTERÍSTICAS ADICIONAIS: BRANCO, 1ª QUALIDADE ","median_preco","2022-09",2022-09-01,4.49,4.49782901417324,-0.00782901417323867,FALSE,-0.013,0.6767,0.9847,"","III"
603269,"""AÇÚCAR"", TIPO: REFINADO , CARACTERÍSTICAS ADICIONAIS: BRANCO, 1ª QUALIDADE ","median_preco","2022-10",2022-10-01,4.14665,4.22913695107461,-0.082486951074614,FALSE,-0.013,0.6767,0.9847,"","III"
603269,"""AÇÚCAR"", TIPO: REFINADO , CARACTERÍSTICAS ADICIONAIS: BRANCO, 1ª QUALIDADE ","median_preco","2022-11",2022-11-01,4.03,3.95183916142545,0.0781608385745503,FALSE,-0.013,0.6767,0.9847,"","III"
603269,"""AÇÚCAR"", TIPO: REFINADO , CARACTERÍSTICAS ADICIONAIS: BRANCO, 1ª QUALIDADE ","median_preco","2022-12",2022-12-01,4.38,4.34668316361485,0.033316836385147,FALSE,-0.013,0.6767,0.9847,"","III"
603269,"""AÇÚCAR"", TIPO: REFINADO , CARACTERÍSTICAS ADICIONAIS: BRANCO, 1ª QUALIDADE ","median_preco","2023-01",2023-01-01,4,3.86184197706077,0.138158022939234,FALSE,-0.013,0.6767,0.9847,"","III"
603269,"""AÇÚCAR"", TIPO: REFINADO , CARACTERÍSTICAS ADICIONAIS: BRANCO, 1ª QUALIDADE ","median_preco","2023-02",2023-02-01,3.99,4.07410586252648,-0.0841058625264788,FALSE,-0.013,0.6767,0.9847,"","III"
603269,"""AÇÚCAR"", TIPO: REFINADO , CARACTERÍSTICAS ADICIONAIS: BRANCO, 1ª QUALIDADE ","median_preco","2023-03",2023-03-01,4.01,4.18038460309662,-0.170384603096617,FALSE,-0.013,0.6767,0.9847,"","III"
603269,"""AÇÚCAR"", TIPO: REFINADO , CARACTERÍSTICAS ADICIONAIS: BRANCO, 1ª QUALIDADE ","median_preco","2023-04",2023-04-01,3.935,3.99424766827166,-0.0592476682716625,FALSE,-0.013,0.6767,0.9847,"","III"
603269,"""AÇÚCAR"", TIPO: REFINADO , CARACTERÍSTICAS ADICIONAIS: BRANCO, 1ª QUALIDADE ","median_preco","2023-05",2023-05-01,4.3,4.31633555300417,-0.0163355530041676,FALSE,-0.013,0.6767,0.9847,"","III"
603269,"""AÇÚCAR"", TIPO: REFINADO , CARACTERÍSTICAS ADICIONAIS: BRANCO, 1ª QUALIDADE ","median_preco","2023-06",2023-06-01,4.056,4.04630451142573,0.00969548857427149,FALSE,-0.013,0.6767,0.9847,"","III"
603269,"""AÇÚCAR"", TIPO: REFINADO , CARACTERÍSTICAS ADICIONAIS: BRANCO, 1ª QUALIDADE ","median_preco","2023-07",2023-07-01,4.18,4.20469907528854,-0.0246990752885408,FALSE,-0.013,0.6767,0.9847,"","III"
603269,"""AÇÚCAR"", TIPO: REFINADO , CARACTERÍSTICAS ADICIONAIS: BRANCO, 1ª QUALIDADE ","median_preco","2023-08",2023-08-01,4.04,4.62985908758436,-0.589859087584363,TRUE,-0.013,0.6767,0.9847,"","III"
603269,"""AÇÚCAR"", TIPO: REFINADO , CARACTERÍSTICAS ADICIONAIS: BRANCO, 1ª QUALIDADE ","median_preco","2023-09",2023-09-01,4.1125,4.39279536014599,-0.280295360145987,TRUE,-0.013,0.6767,0.9847,"","III"
603269,"""AÇÚCAR"", TIPO: REFINADO , CARACTERÍSTICAS ADICIONAIS: BRANCO, 1ª QUALIDADE ","median_preco","2023-10",2023-10-01,4.4,3.89824024356049,0.501759756439506,TRUE,-0.013,0.6767,0.9847,"","III"
603269,"""AÇÚCAR"", TIPO: REFINADO , CARACTERÍSTICAS ADICIONAIS: BRANCO, 1ª QUALIDADE ","median_preco","2023-11",2023-11-01,4.16,3.9424572711055,0.217542728894495,TRUE,-0.013,0.6767,0.9847,"","III"
603269,"""AÇÚCAR"", TIPO: REFINADO , CARACTERÍSTICAS ADICIONAIS: BRANCO, 1ª QUALIDADE ","median_preco","2023-12",2023-12-01,4.315,3.79751264461478,0.517487355385219,TRUE,-0.013,0.6767,0.9847,"","III"
603269,"""AÇÚCAR"", TIPO: REFINADO , CARACTERÍSTICAS ADICIONAIS: BRANCO, 1ª QUALIDADE ","median_preco","2024-01",2024-01-01,4.39,3.98931031384033,0.400689686159672,TRUE,-0.013,0.6767,0.9847,"","III"
603269,"""AÇÚCAR"", TIPO: REFINADO , CARACTERÍSTICAS ADICIONAIS: BRANCO, 1ª QUALIDADE ","median_preco","2024-02",2024-02-01,4.166,4.54517466949437,-0.379174669494367,TRUE,-0.013,0.6767,0.9847,"","III"
603269,"""AÇÚCAR"", TIPO: REFINADO , CARACTERÍSTICAS ADICIONAIS: BRANCO, 1ª QUALIDADE ","median_preco","2024-03",2024-03-01,4.05,4.36371740692205,-0.313717406922047,TRUE,-0.013,0.6767,0.9847,"","III"
603269,"""AÇÚCAR"", TIPO: REFINADO , CARACTERÍSTICAS ADICIONAIS: BRANCO, 1ª QUALIDADE ","median_preco","2024-04",2024-04-01,4.43,4.32132185530197,0.108678144698033,TRUE,-0.013,0.6767,0.9847,"","III"
603269,"""AÇÚCAR"", TIPO: REFINADO , CARACTERÍSTICAS ADICIONAIS: BRANCO, 1ª QUALIDADE ","median_preco","2024-05",2024-05-01,4,4.13311049834458,-0.133110498344577,TRUE,-0.013,0.6767,0.9847,"","III"
603269,"""AÇÚCAR"", TIPO: REFINADO , CARACTERÍSTICAS ADICIONAIS: BRANCO, 1ª QUALIDADE ","median_preco","2024-06",2024-06-01,4.27,4.49036631318348,-0.220366313183482,TRUE,-0.013,0.6767,0.9847,"","III"
603269,"""AÇÚCAR"", TIPO: REFINADO , CARACTERÍSTICAS ADICIONAIS: BRANCO, 1ª QUALIDADE ","median_preco","2024-07",2024-07-01,4.1425,4.25130093031412,-0.108800930314117,TRUE,-0.013,0.6767,0.9847,"","III"
603269,"""AÇÚCAR"", TIPO: REFINADO , CARACTERÍSTICAS ADICIONAIS: BRANCO, 1ª QUALIDADE ","median_preco","2024-08",2024-08-01,4.19,4.48328129873952,-0.293281298739519,TRUE,-0.013,0.6767,0.9847,"","III"
603269,"""AÇÚCAR"", TIPO: REFINADO , CARACTERÍSTICAS ADICIONAIS: BRANCO, 1ª QUALIDADE ","median_preco","2024-09",2024-09-01,4.2,4.12499516252093,0.0750048374790744,TRUE,-0.013,0.6767,0.9847,"","III"
603269,"""AÇÚCAR"", TIPO: REFINADO , CARACTERÍSTICAS ADICIONAIS: BRANCO, 1ª QUALIDADE ","median_preco","2024-10",2024-10-01,4.26,4.11239787685343,0.147602123146569,TRUE,-0.013,0.6767,0.9847,"","III"
603269,"""AÇÚCAR"", TIPO: REFINADO , CARACTERÍSTICAS ADICIONAIS: BRANCO, 1ª QUALIDADE ","median_preco","2024-11",2024-11-01,4.475,4.22579405365411,0.249205946345888,TRUE,-0.013,0.6767,0.9847,"","III"
603269,"""AÇÚCAR"", TIPO: REFINADO , CARACTERÍSTICAS ADICIONAIS: BRANCO, 1ª QUALIDADE ","median_preco","2024-12",2024-12-01,4.45,4.21229163710322,0.237708362896782,TRUE,-0.013,0.6767,0.9847,"","III"
603269,"""AÇÚCAR"", TIPO: REFINADO , CARACTERÍSTICAS ADICIONAIS: BRANCO, 1ª QUALIDADE ","median_preco","2025-01",2025-01-01,4.35,4.02330811881371,0.32669188118629,TRUE,-0.013,0.6767,0.9847,"","III"
603269,"""AÇÚCAR"", TIPO: REFINADO , CARACTERÍSTICAS ADICIONAIS: BRANCO, 1ª QUALIDADE ","median_preco","2025-02",2025-02-01,4.1,3.83708001337719,0.262919986622809,TRUE,-0.013,0.6767,0.9847,"","III"
603269,"""AÇÚCAR"", TIPO: REFINADO , CARACTERÍSTICAS ADICIONAIS: BRANCO, 1ª QUALIDADE ","median_preco","2025-03",2025-03-01,4.1,4.13749415455004,-0.0374941545500356,TRUE,-0.013,0.6767,0.9847,"","III"
603269,"""AÇÚCAR"", TIPO: REFINADO , CARACTERÍSTICAS ADICIONAIS: BRANCO, 1ª QUALIDADE ","median_preco","2025-04",2025-04-01,4.26,4.4304980945334,-0.170498094533403,TRUE,-0.013,0.6767,0.9847,"","III"
603269,"""AÇÚCAR"", TIPO: REFINADO , CARACTERÍSTICAS ADICIONAIS: BRANCO, 1ª QUALIDADE ","median_preco","2025-05",2025-05-01,4.4,3.9601055861886,0.439894413811403,TRUE,-0.013,0.6767,0.9847,"","III"
603269,"""AÇÚCAR"", TIPO: REFINADO , CARACTERÍSTICAS ADICIONAIS: BRANCO, 1ª QUALIDADE ","median_preco","2025-06",2025-06-01,4.2,4.08486218025846,0.115137819741545,TRUE,-0.013,0.6767,0.9847,"","III"
603269,"""AÇÚCAR"", TIPO: REFINADO , CARACTERÍSTICAS ADICIONAIS: BRANCO, 1ª QUALIDADE ","median_preco","2025-07",2025-07-01,4.115,4.46826546310604,-0.353265463106035,TRUE,-0.013,0.6767,0.9847,"","III"
603269,"""AÇÚCAR"", TIPO: REFINADO , CARACTERÍSTICAS ADICIONAIS: BRANCO, 1ª QUALIDADE ","median_preco","2025-08",2025-08-01,4.015,4.39982106007085,-0.384821060070846,TRUE,-0.013,0.6767,0.9847,"","III"
603269,"""AÇÚCAR"", TIPO: REFINADO , CARACTERÍSTICAS ADICIONAIS: BRANCO, 1ª QUALIDADE ","median_preco","2025-09",2025-09-01,3.98,4.10767075367336,-0.127670753673358,TRUE,-0.013,0.6767,0.9847,"","III"
603269,"""AÇÚCAR"", TIPO: REFINADO , CARACTERÍSTICAS ADICIONAIS: BRANCO, 1ª QUALIDADE ","median_preco","2025-10",2025-10-01,4.08,3.92370023146768,0.156299768532319,TRUE,-0.013,0.6767,0.9847,"","III"
603269,"""AÇÚCAR"", TIPO: REFINADO , CARACTERÍSTICAS ADICIONAIS: BRANCO, 1ª QUALIDADE ","median_preco","2025-11",2025-11-01,4,4.4770136342731,-0.477013634273104,TRUE,-0.013,0.6767,0.9847,"","III"
603269,"""AÇÚCAR"", TIPO: REFINADO , CARACTERÍSTICAS ADICIONAIS: BRANCO, 1ª QUALIDADE ","median_preco","2025-12",2025-12-01,3.99,4.25435816849209,-0.264358168492085,TRUE,-0.013,0.6767,0.9847,"","III"
603269,"""AÇÚCAR"", TIPO: REFINADO , CARACTERÍSTICAS ADICIONAIS: BRANCO, 1ª QUALIDADE ","n_combinacoes_unidade","2021-12",2021-12-01,11,11.1456962868728,-0.14569628687282,FALSE,-2.1209,0.5462,1e-04,"***","I"
603269,"""AÇÚCAR"", TIPO: REFINADO , CARACTERÍSTICAS ADICIONAIS: BRANCO, 1ª QUALIDADE ","n_combinacoes_unidade","2022-01",2022-01-01,12,11.0178826172412,0.982117382758791,FALSE,-2.1209,0.5462,1e-04,"***","I"
603269,"""AÇÚCAR"", TIPO: REFINADO , CARACTERÍSTICAS ADICIONAIS: BRANCO, 1ª QUALIDADE ","n_combinacoes_unidade","2022-02",2022-02-01,12,11.4763632588792,0.523636741120811,FALSE,-2.1209,0.5462,1e-04,"***","I"
603269,"""AÇÚCAR"", TIPO: REFINADO , CARACTERÍSTICAS ADICIONAIS: BRANCO, 1ª QUALIDADE ","n_combinacoes_unidade","2022-03",2022-03-01,11,12.1937763033507,-1.19377630335071,FALSE,-2.1209,0.5462,1e-04,"***","I"
603269,"""AÇÚCAR"", TIPO: REFINADO , CARACTERÍSTICAS ADICIONAIS: BRANCO, 1ª QUALIDADE ","n_combinacoes_unidade","2022-04",2022-04-01,14,13.46759021966,0.532409780340025,FALSE,-2.1209,0.5462,1e-04,"***","I"
603269,"""AÇÚCAR"", TIPO: REFINADO , CARACTERÍSTICAS ADICIONAIS: BRANCO, 1ª QUALIDADE ","n_combinacoes_unidade","2022-05",2022-05-01,14,12.3940851694804,1.60591483051962,FALSE,-2.1209,0.5462,1e-04,"***","I"
603269,"""AÇÚCAR"", TIPO: REFINADO , CARACTERÍSTICAS ADICIONAIS: BRANCO, 1ª QUALIDADE ","n_combinacoes_unidade","2022-06",2022-06-01,14,12.7960692778824,1.20393072211758,FALSE,-2.1209,0.5462,1e-04,"***","I"
603269,"""AÇÚCAR"", TIPO: REFINADO , CARACTERÍSTICAS ADICIONAIS: BRANCO, 1ª QUALIDADE ","n_combinacoes_unidade","2022-07",2022-07-01,13,13.71881710144,-0.718817101439956,FALSE,-2.1209,0.5462,1e-04,"***","I"
603269,"""AÇÚCAR"", TIPO: REFINADO , CARACTERÍSTICAS ADICIONAIS: BRANCO, 1ª QUALIDADE ","n_combinacoes_unidade","2022-08",2022-08-01,15,14.3772620983685,0.622737901631496,FALSE,-2.1209,0.5462,1e-04,"***","I"
603269,"""AÇÚCAR"", TIPO: REFINADO , CARACTERÍSTICAS ADICIONAIS: BRANCO, 1ª QUALIDADE ","n_combinacoes_unidade","2022-09",2022-09-01,11,11.8209281415944,-0.820928141594379,FALSE,-2.1209,0.5462,1e-04,"***","I"
603269,"""AÇÚCAR"", TIPO: REFINADO , CARACTERÍSTICAS ADICIONAIS: BRANCO, 1ª QUALIDADE ","n_combinacoes_unidade","2022-10",2022-10-01,16,13.390891745985,2.60910825401499,FALSE,-2.1209,0.5462,1e-04,"***","I"
603269,"""AÇÚCAR"", TIPO: REFINADO , CARACTERÍSTICAS ADICIONAIS: BRANCO, 1ª QUALIDADE ","n_combinacoes_unidade","2022-11",2022-11-01,14,13.7815956903798,0.218404309620185,FALSE,-2.1209,0.5462,1e-04,"***","I"
603269,"""AÇÚCAR"", TIPO: REFINADO , CARACTERÍSTICAS ADICIONAIS: BRANCO, 1ª QUALIDADE ","n_combinacoes_unidade","2022-12",2022-12-01,13,12.1061152137682,0.893884786231755,FALSE,-2.1209,0.5462,1e-04,"***","I"
603269,"""AÇÚCAR"", TIPO: REFINADO , CARACTERÍSTICAS ADICIONAIS: BRANCO, 1ª QUALIDADE ","n_combinacoes_unidade","2023-01",2023-01-01,10,11.0714125489664,-1.07141254896637,FALSE,-2.1209,0.5462,1e-04,"***","I"
603269,"""AÇÚCAR"", TIPO: REFINADO , CARACTERÍSTICAS ADICIONAIS: BRANCO, 1ª QUALIDADE ","n_combinacoes_unidade","2023-02",2023-02-01,12,12.0675852613321,-0.0675852613320611,FALSE,-2.1209,0.5462,1e-04,"***","I"
603269,"""AÇÚCAR"", TIPO: REFINADO , CARACTERÍSTICAS ADICIONAIS: BRANCO, 1ª QUALIDADE ","n_combinacoes_unidade","2023-03",2023-03-01,17,14.3749641655089,2.62503583449111,FALSE,-2.1209,0.5462,1e-04,"***","I"
603269,"""AÇÚCAR"", TIPO: REFINADO , CARACTERÍSTICAS ADICIONAIS: BRANCO, 1ª QUALIDADE ","n_combinacoes_unidade","2023-04",2023-04-01,12,13.0403681862924,-1.04036818629237,FALSE,-2.1209,0.5462,1e-04,"***","I"
603269,"""AÇÚCAR"", TIPO: REFINADO , CARACTERÍSTICAS ADICIONAIS: BRANCO, 1ª QUALIDADE ","n_combinacoes_unidade","2023-05",2023-05-01,10,11.1026220463502,-1.10262204635022,FALSE,-2.1209,0.5462,1e-04,"***","I"
603269,"""AÇÚCAR"", TIPO: REFINADO , CARACTERÍSTICAS ADICIONAIS: BRANCO, 1ª QUALIDADE ","n_combinacoes_unidade","2023-06",2023-06-01,12,12.9716835311912,-0.9716835311912,FALSE,-2.1209,0.5462,1e-04,"***","I"
603269,"""AÇÚCAR"", TIPO: REFINADO , CARACTERÍSTICAS ADICIONAIS: BRANCO, 1ª QUALIDADE ","n_combinacoes_unidade","2023-07",2023-07-01,10,11.8787264285348,-1.87872642853483,FALSE,-2.1209,0.5462,1e-04,"***","I"
603269,"""AÇÚCAR"", TIPO: REFINADO , CARACTERÍSTICAS ADICIONAIS: BRANCO, 1ª QUALIDADE ","n_combinacoes_unidade","2023-08",2023-08-01,12,10.8569924103503,1.14300758964973,TRUE,-2.1209,0.5462,1e-04,"***","I"
603269,"""AÇÚCAR"", TIPO: REFINADO , CARACTERÍSTICAS ADICIONAIS: BRANCO, 1ª QUALIDADE ","n_combinacoes_unidade","2023-09",2023-09-01,10,13.0326066636591,-3.03260666365906,TRUE,-2.1209,0.5462,1e-04,"***","I"
603269,"""AÇÚCAR"", TIPO: REFINADO , CARACTERÍSTICAS ADICIONAIS: BRANCO, 1ª QUALIDADE ","n_combinacoes_unidade","2023-10",2023-10-01,12,12.1622072117947,-0.162207211794701,TRUE,-2.1209,0.5462,1e-04,"***","I"
603269,"""AÇÚCAR"", TIPO: REFINADO , CARACTERÍSTICAS ADICIONAIS: BRANCO, 1ª QUALIDADE ","n_combinacoes_unidade","2023-11",2023-11-01,12,12.2635393901014,-0.263539390101394,TRUE,-2.1209,0.5462,1e-04,"***","I"
603269,"""AÇÚCAR"", TIPO: REFINADO , CARACTERÍSTICAS ADICIONAIS: BRANCO, 1ª QUALIDADE ","n_combinacoes_unidade","2023-12",2023-12-01,13,12.1895730261738,0.8104269738262,TRUE,-2.1209,0.5462,1e-04,"***","I"
603269,"""AÇÚCAR"", TIPO: REFINADO , CARACTERÍSTICAS ADICIONAIS: BRANCO, 1ª QUALIDADE ","n_combinacoes_unidade","2024-01",2024-01-01,8,12.6058832174248,-4.60588321742479,TRUE,-2.1209,0.5462,1e-04,"***","I"
603269,"""AÇÚCAR"", TIPO: REFINADO , CARACTERÍSTICAS ADICIONAIS: BRANCO, 1ª QUALIDADE ","n_combinacoes_unidade","2024-02",2024-02-01,11,11.8254038517128,-0.825403851712828,TRUE,-2.1209,0.5462,1e-04,"***","I"
603269,"""AÇÚCAR"", TIPO: REFINADO , CARACTERÍSTICAS ADICIONAIS: BRANCO, 1ª QUALIDADE ","n_combinacoes_unidade","2024-03",2024-03-01,10,11.7441356159956,-1.74413561599556,TRUE,-2.1209,0.5462,1e-04,"***","I"
603269,"""AÇÚCAR"", TIPO: REFINADO , CARACTERÍSTICAS ADICIONAIS: BRANCO, 1ª QUALIDADE ","n_combinacoes_unidade","2024-04",2024-04-01,11,10.7052746150541,0.294725384945913,TRUE,-2.1209,0.5462,1e-04,"***","I"
603269,"""AÇÚCAR"", TIPO: REFINADO , CARACTERÍSTICAS ADICIONAIS: BRANCO, 1ª QUALIDADE ","n_combinacoes_unidade","2024-05",2024-05-01,13,12.0834459267446,0.916554073255432,TRUE,-2.1209,0.5462,1e-04,"***","I"
603269,"""AÇÚCAR"", TIPO: REFINADO , CARACTERÍSTICAS ADICIONAIS: BRANCO, 1ª QUALIDADE ","n_combinacoes_unidade","2024-06",2024-06-01,9,11.7062589947797,-2.70625899477974,TRUE,-2.1209,0.5462,1e-04,"***","I"
603269,"""AÇÚCAR"", TIPO: REFINADO , CARACTERÍSTICAS ADICIONAIS: BRANCO, 1ª QUALIDADE ","n_combinacoes_unidade","2024-07",2024-07-01,11,12.7176735917521,-1.71767359175208,TRUE,-2.1209,0.5462,1e-04,"***","I"
603269,"""AÇÚCAR"", TIPO: REFINADO , CARACTERÍSTICAS ADICIONAIS: BRANCO, 1ª QUALIDADE ","n_combinacoes_unidade","2024-08",2024-08-01,10,11.9299963685785,-1.9299963685785,TRUE,-2.1209,0.5462,1e-04,"***","I"
603269,"""AÇÚCAR"", TIPO: REFINADO , CARACTERÍSTICAS ADICIONAIS: BRANCO, 1ª QUALIDADE ","n_combinacoes_unidade","2024-09",2024-09-01,13,13.7886833165731,-0.788683316573108,TRUE,-2.1209,0.5462,1e-04,"***","I"
603269,"""AÇÚCAR"", TIPO: REFINADO , CARACTERÍSTICAS ADICIONAIS: BRANCO, 1ª QUALIDADE ","n_combinacoes_unidade","2024-10",2024-10-01,10,13.3313065805405,-3.33130658054052,TRUE,-2.1209,0.5462,1e-04,"***","I"
603269,"""AÇÚCAR"", TIPO: REFINADO , CARACTERÍSTICAS ADICIONAIS: BRANCO, 1ª QUALIDADE ","n_combinacoes_unidade","2024-11",2024-11-01,11,12.3889781021678,-1.38897810216785,TRUE,-2.1209,0.5462,1e-04,"***","I"
603269,"""AÇÚCAR"", TIPO: REFINADO , CARACTERÍSTICAS ADICIONAIS: BRANCO, 1ª QUALIDADE ","n_combinacoes_unidade","2024-12",2024-12-01,10,12.5979659555929,-2.59796595559288,TRUE,-2.1209,0.5462,1e-04,"***","I"
603269,"""AÇÚCAR"", TIPO: REFINADO , CARACTERÍSTICAS ADICIONAIS: BRANCO, 1ª QUALIDADE ","n_combinacoes_unidade","2025-01",2025-01-01,9,12.2336765874594,-3.23367658745937,TRUE,-2.1209,0.5462,1e-04,"***","I"
603269,"""AÇÚCAR"", TIPO: REFINADO , CARACTERÍSTICAS ADICIONAIS: BRANCO, 1ª QUALIDADE ","n_combinacoes_unidade","2025-02",2025-02-01,8,11.582717180293,-3.58271718029301,TRUE,-2.1209,0.5462,1e-04,"***","I"
603269,"""AÇÚCAR"", TIPO: REFINADO , CARACTERÍSTICAS ADICIONAIS: BRANCO, 1ª QUALIDADE ","n_combinacoes_unidade","2025-03",2025-03-01,7,11.3026626493876,-4.30266264938756,TRUE,-2.1209,0.5462,1e-04,"***","I"
603269,"""AÇÚCAR"", TIPO: REFINADO , CARACTERÍSTICAS ADICIONAIS: BRANCO, 1ª QUALIDADE ","n_combinacoes_unidade","2025-04",2025-04-01,9,11.525916735412,-2.52591673541203,TRUE,-2.1209,0.5462,1e-04,"***","I"
603269,"""AÇÚCAR"", TIPO: REFINADO , CARACTERÍSTICAS ADICIONAIS: BRANCO, 1ª QUALIDADE ","n_combinacoes_unidade","2025-05",2025-05-01,7,11.9686500146168,-4.96865001461681,TRUE,-2.1209,0.5462,1e-04,"***","I"
603269,"""AÇÚCAR"", TIPO: REFINADO , CARACTERÍSTICAS ADICIONAIS: BRANCO, 1ª QUALIDADE ","n_combinacoes_unidade","2025-06",2025-06-01,11,10.922027491042,0.0779725089579753,TRUE,-2.1209,0.5462,1e-04,"***","I"
603269,"""AÇÚCAR"", TIPO: REFINADO , CARACTERÍSTICAS ADICIONAIS: BRANCO, 1ª QUALIDADE ","n_combinacoes_unidade","2025-07",2025-07-01,10,12.4881207037863,-2.48812070378626,TRUE,-2.1209,0.5462,1e-04,"***","I"
603269,"""AÇÚCAR"", TIPO: REFINADO , CARACTERÍSTICAS ADICIONAIS: BRANCO, 1ª QUALIDADE ","n_combinacoes_unidade","2025-08",2025-08-01,8,12.7289299447078,-4.72892994470778,TRUE,-2.1209,0.5462,1e-04,"***","I"
603269,"""AÇÚCAR"", TIPO: REFINADO , CARACTERÍSTICAS ADICIONAIS: BRANCO, 1ª QUALIDADE ","n_combinacoes_unidade","2025-09",2025-09-01,8,11.9778690301532,-3.97786903015324,TRUE,-2.1209,0.5462,1e-04,"***","I"
603269,"""AÇÚCAR"", TIPO: REFINADO , CARACTERÍSTICAS ADICIONAIS: BRANCO, 1ª QUALIDADE ","n_combinacoes_unidade","2025-10",2025-10-01,9,13.5321538500786,-4.53215385007863,TRUE,-2.1209,0.5462,1e-04,"***","I"
603269,"""AÇÚCAR"", TIPO: REFINADO , CARACTERÍSTICAS ADICIONAIS: BRANCO, 1ª QUALIDADE ","n_combinacoes_unidade","2025-11",2025-11-01,12,12.8510828442594,-0.851082844259366,TRUE,-2.1209,0.5462,1e-04,"***","I"
603269,"""AÇÚCAR"", TIPO: REFINADO , CARACTERÍSTICAS ADICIONAIS: BRANCO, 1ª QUALIDADE ","n_combinacoes_unidade","2025-12",2025-12-01,8,12.4631381464722,-4.46313814647217,TRUE,-2.1209,0.5462,1e-04,"***","I"
603269,"""AÇÚCAR"", TIPO: REFINADO , CARACTERÍSTICAS ADICIONAIS: BRANCO, 1ª QUALIDADE ","n_fornecedores","2021-12",2021-12-01,138,118.43249484054,19.56750515946,FALSE,-6.7553,1.8352,2e-04,"***","I"
603269,"""AÇÚCAR"", TIPO: REFINADO , CARACTERÍSTICAS ADICIONAIS: BRANCO, 1ª QUALIDADE ","n_fornecedores","2022-01",2022-01-01,36,49.0197920629695,-13.0197920629695,FALSE,-6.7553,1.8352,2e-04,"***","I"
603269,"""AÇÚCAR"", TIPO: REFINADO , CARACTERÍSTICAS ADICIONAIS: BRANCO, 1ª QUALIDADE ","n_fornecedores","2022-02",2022-02-01,49,60.422089748811,-11.422089748811,FALSE,-6.7553,1.8352,2e-04,"***","I"
603269,"""AÇÚCAR"", TIPO: REFINADO , CARACTERÍSTICAS ADICIONAIS: BRANCO, 1ª QUALIDADE ","n_fornecedores","2022-03",2022-03-01,61,76.2961402291123,-15.2961402291123,FALSE,-6.7553,1.8352,2e-04,"***","I"
603269,"""AÇÚCAR"", TIPO: REFINADO , CARACTERÍSTICAS ADICIONAIS: BRANCO, 1ª QUALIDADE ","n_fornecedores","2022-04",2022-04-01,76,72.408889247172,3.591110752828,FALSE,-6.7553,1.8352,2e-04,"***","I"
603269,"""AÇÚCAR"", TIPO: REFINADO , CARACTERÍSTICAS ADICIONAIS: BRANCO, 1ª QUALIDADE ","n_fornecedores","2022-05",2022-05-01,105,86.7671599554977,18.2328400445023,FALSE,-6.7553,1.8352,2e-04,"***","I"
603269,"""AÇÚCAR"", TIPO: REFINADO , CARACTERÍSTICAS ADICIONAIS: BRANCO, 1ª QUALIDADE ","n_fornecedores","2022-06",2022-06-01,85,89.2551396758368,-4.25513967583684,FALSE,-6.7553,1.8352,2e-04,"***","I"
603269,"""AÇÚCAR"", TIPO: REFINADO , CARACTERÍSTICAS ADICIONAIS: BRANCO, 1ª QUALIDADE ","n_fornecedores","2022-07",2022-07-01,109,90.6940691831564,18.3059308168436,FALSE,-6.7553,1.8352,2e-04,"***","I"
603269,"""AÇÚCAR"", TIPO: REFINADO , CARACTERÍSTICAS ADICIONAIS: BRANCO, 1ª QUALIDADE ","n_fornecedores","2022-08",2022-08-01,79,84.8236381804224,-5.82363818042238,FALSE,-6.7553,1.8352,2e-04,"***","I"
603269,"""AÇÚCAR"", TIPO: REFINADO , CARACTERÍSTICAS ADICIONAIS: BRANCO, 1ª QUALIDADE ","n_fornecedores","2022-09",2022-09-01,89,87.5483455529642,1.45165444703582,FALSE,-6.7553,1.8352,2e-04,"***","I"
603269,"""AÇÚCAR"", TIPO: REFINADO , CARACTERÍSTICAS ADICIONAIS: BRANCO, 1ª QUALIDADE ","n_fornecedores","2022-10",2022-10-01,73,84.9447524765518,-11.9447524765518,FALSE,-6.7553,1.8352,2e-04,"***","I"
603269,"""AÇÚCAR"", TIPO: REFINADO , CARACTERÍSTICAS ADICIONAIS: BRANCO, 1ª QUALIDADE ","n_fornecedores","2022-11",2022-11-01,95,107.571179627431,-12.5711796274312,FALSE,-6.7553,1.8352,2e-04,"***","I"
603269,"""AÇÚCAR"", TIPO: REFINADO , CARACTERÍSTICAS ADICIONAIS: BRANCO, 1ª QUALIDADE ","n_fornecedores","2022-12",2022-12-01,95,92.5885507254079,2.41144927459212,FALSE,-6.7553,1.8352,2e-04,"***","I"
603269,"""AÇÚCAR"", TIPO: REFINADO , CARACTERÍSTICAS ADICIONAIS: BRANCO, 1ª QUALIDADE ","n_fornecedores","2023-01",2023-01-01,57,59.2143092357636,-2.21430923576362,FALSE,-6.7553,1.8352,2e-04,"***","I"
603269,"""AÇÚCAR"", TIPO: REFINADO , CARACTERÍSTICAS ADICIONAIS: BRANCO, 1ª QUALIDADE ","n_fornecedores","2023-02",2023-02-01,65,71.7665520497694,-6.76655204976936,FALSE,-6.7553,1.8352,2e-04,"***","I"
603269,"""AÇÚCAR"", TIPO: REFINADO , CARACTERÍSTICAS ADICIONAIS: BRANCO, 1ª QUALIDADE ","n_fornecedores","2023-03",2023-03-01,90,74.3061164844187,15.6938835155813,FALSE,-6.7553,1.8352,2e-04,"***","I"
603269,"""AÇÚCAR"", TIPO: REFINADO , CARACTERÍSTICAS ADICIONAIS: BRANCO, 1ª QUALIDADE ","n_fornecedores","2023-04",2023-04-01,76,78.8120950253833,-2.81209502538331,FALSE,-6.7553,1.8352,2e-04,"***","I"
603269,"""AÇÚCAR"", TIPO: REFINADO , CARACTERÍSTICAS ADICIONAIS: BRANCO, 1ª QUALIDADE ","n_fornecedores","2023-05",2023-05-01,100,74.387559400156,25.612440599844,FALSE,-6.7553,1.8352,2e-04,"***","I"
603269,"""AÇÚCAR"", TIPO: REFINADO , CARACTERÍSTICAS ADICIONAIS: BRANCO, 1ª QUALIDADE ","n_fornecedores","2023-06",2023-06-01,98,85.7160867685683,12.2839132314317,FALSE,-6.7553,1.8352,2e-04,"***","I"
603269,"""AÇÚCAR"", TIPO: REFINADO , CARACTERÍSTICAS ADICIONAIS: BRANCO, 1ª QUALIDADE ","n_fornecedores","2023-07",2023-07-01,82,80.7382314575176,1.2617685424824,FALSE,-6.7553,1.8352,2e-04,"***","I"
603269,"""AÇÚCAR"", TIPO: REFINADO , CARACTERÍSTICAS ADICIONAIS: BRANCO, 1ª QUALIDADE ","n_fornecedores","2023-08",2023-08-01,89,93.7087595202473,-4.70875952024728,TRUE,-6.7553,1.8352,2e-04,"***","I"
603269,"""AÇÚCAR"", TIPO: REFINADO , CARACTERÍSTICAS ADICIONAIS: BRANCO, 1ª QUALIDADE ","n_fornecedores","2023-09",2023-09-01,88,72.2792461362293,15.7207538637707,TRUE,-6.7553,1.8352,2e-04,"***","I"
603269,"""AÇÚCAR"", TIPO: REFINADO , CARACTERÍSTICAS ADICIONAIS: BRANCO, 1ª QUALIDADE ","n_fornecedores","2023-10",2023-10-01,88,79.3506856136269,8.64931438637306,TRUE,-6.7553,1.8352,2e-04,"***","I"
603269,"""AÇÚCAR"", TIPO: REFINADO , CARACTERÍSTICAS ADICIONAIS: BRANCO, 1ª QUALIDADE ","n_fornecedores","2023-11",2023-11-01,77,87.5736720932872,-10.5736720932872,TRUE,-6.7553,1.8352,2e-04,"***","I"
603269,"""AÇÚCAR"", TIPO: REFINADO , CARACTERÍSTICAS ADICIONAIS: BRANCO, 1ª QUALIDADE ","n_fornecedores","2023-12",2023-12-01,84,107.342950389194,-23.3429503891939,TRUE,-6.7553,1.8352,2e-04,"***","I"
603269,"""AÇÚCAR"", TIPO: REFINADO , CARACTERÍSTICAS ADICIONAIS: BRANCO, 1ª QUALIDADE ","n_fornecedores","2024-01",2024-01-01,42,60.1012366258287,-18.1012366258287,TRUE,-6.7553,1.8352,2e-04,"***","I"
603269,"""AÇÚCAR"", TIPO: REFINADO , CARACTERÍSTICAS ADICIONAIS: BRANCO, 1ª QUALIDADE ","n_fornecedores","2024-02",2024-02-01,60,65.3567491104351,-5.35674911043509,TRUE,-6.7553,1.8352,2e-04,"***","I"
603269,"""AÇÚCAR"", TIPO: REFINADO , CARACTERÍSTICAS ADICIONAIS: BRANCO, 1ª QUALIDADE ","n_fornecedores","2024-03",2024-03-01,59,67.1193610692024,-8.11936106920237,TRUE,-6.7553,1.8352,2e-04,"***","I"
603269,"""AÇÚCAR"", TIPO: REFINADO , CARACTERÍSTICAS ADICIONAIS: BRANCO, 1ª QUALIDADE ","n_fornecedores","2024-04",2024-04-01,64,70.7306008946441,-6.73060089464411,TRUE,-6.7553,1.8352,2e-04,"***","I"
603269,"""AÇÚCAR"", TIPO: REFINADO , CARACTERÍSTICAS ADICIONAIS: BRANCO, 1ª QUALIDADE ","n_fornecedores","2024-05",2024-05-01,65,77.1089555207764,-12.1089555207764,TRUE,-6.7553,1.8352,2e-04,"***","I"
603269,"""AÇÚCAR"", TIPO: REFINADO , CARACTERÍSTICAS ADICIONAIS: BRANCO, 1ª QUALIDADE ","n_fornecedores","2024-06",2024-06-01,71,74.3701698190132,-3.37016981901323,TRUE,-6.7553,1.8352,2e-04,"***","I"
603269,"""AÇÚCAR"", TIPO: REFINADO , CARACTERÍSTICAS ADICIONAIS: BRANCO, 1ª QUALIDADE ","n_fornecedores","2024-07",2024-07-01,78,80.9861948590399,-2.98619485903994,TRUE,-6.7553,1.8352,2e-04,"***","I"
603269,"""AÇÚCAR"", TIPO: REFINADO , CARACTERÍSTICAS ADICIONAIS: BRANCO, 1ª QUALIDADE ","n_fornecedores","2024-08",2024-08-01,86,76.6392399451908,9.36076005480916,TRUE,-6.7553,1.8352,2e-04,"***","I"
603269,"""AÇÚCAR"", TIPO: REFINADO , CARACTERÍSTICAS ADICIONAIS: BRANCO, 1ª QUALIDADE ","n_fornecedores","2024-09",2024-09-01,72,84.2945806954923,-12.2945806954923,TRUE,-6.7553,1.8352,2e-04,"***","I"
603269,"""AÇÚCAR"", TIPO: REFINADO , CARACTERÍSTICAS ADICIONAIS: BRANCO, 1ª QUALIDADE ","n_fornecedores","2024-10",2024-10-01,93,91.2368025579695,1.76319744203055,TRUE,-6.7553,1.8352,2e-04,"***","I"
603269,"""AÇÚCAR"", TIPO: REFINADO , CARACTERÍSTICAS ADICIONAIS: BRANCO, 1ª QUALIDADE ","n_fornecedores","2024-11",2024-11-01,66,89.7201222260695,-23.7201222260695,TRUE,-6.7553,1.8352,2e-04,"***","I"
603269,"""AÇÚCAR"", TIPO: REFINADO , CARACTERÍSTICAS ADICIONAIS: BRANCO, 1ª QUALIDADE ","n_fornecedores","2024-12",2024-12-01,86,106.715477072389,-20.7154770723886,TRUE,-6.7553,1.8352,2e-04,"***","I"
603269,"""AÇÚCAR"", TIPO: REFINADO , CARACTERÍSTICAS ADICIONAIS: BRANCO, 1ª QUALIDADE ","n_fornecedores","2025-01",2025-01-01,61,67.3919995697977,-6.39199956979769,TRUE,-6.7553,1.8352,2e-04,"***","I"
603269,"""AÇÚCAR"", TIPO: REFINADO , CARACTERÍSTICAS ADICIONAIS: BRANCO, 1ª QUALIDADE ","n_fornecedores","2025-02",2025-02-01,55,66.2066582485326,-11.2066582485326,TRUE,-6.7553,1.8352,2e-04,"***","I"
603269,"""AÇÚCAR"", TIPO: REFINADO , CARACTERÍSTICAS ADICIONAIS: BRANCO, 1ª QUALIDADE ","n_fornecedores","2025-03",2025-03-01,48,68.2447260884065,-20.2447260884065,TRUE,-6.7553,1.8352,2e-04,"***","I"
603269,"""AÇÚCAR"", TIPO: REFINADO , CARACTERÍSTICAS ADICIONAIS: BRANCO, 1ª QUALIDADE ","n_fornecedores","2025-04",2025-04-01,76,84.3489291312669,-8.34892913126686,TRUE,-6.7553,1.8352,2e-04,"***","I"
603269,"""AÇÚCAR"", TIPO: REFINADO , CARACTERÍSTICAS ADICIONAIS: BRANCO, 1ª QUALIDADE ","n_fornecedores","2025-05",2025-05-01,65,78.9518089758234,-13.9518089758234,TRUE,-6.7553,1.8352,2e-04,"***","I"
603269,"""AÇÚCAR"", TIPO: REFINADO , CARACTERÍSTICAS ADICIONAIS: BRANCO, 1ª QUALIDADE ","n_fornecedores","2025-06",2025-06-01,88,71.6327766001242,16.3672233998758,TRUE,-6.7553,1.8352,2e-04,"***","I"
603269,"""AÇÚCAR"", TIPO: REFINADO , CARACTERÍSTICAS ADICIONAIS: BRANCO, 1ª QUALIDADE ","n_fornecedores","2025-07",2025-07-01,94,83.3991478848734,10.6008521151266,TRUE,-6.7553,1.8352,2e-04,"***","I"
603269,"""AÇÚCAR"", TIPO: REFINADO , CARACTERÍSTICAS ADICIONAIS: BRANCO, 1ª QUALIDADE ","n_fornecedores","2025-08",2025-08-01,84,86.2087162512885,-2.20871625128849,TRUE,-6.7553,1.8352,2e-04,"***","I"
603269,"""AÇÚCAR"", TIPO: REFINADO , CARACTERÍSTICAS ADICIONAIS: BRANCO, 1ª QUALIDADE ","n_fornecedores","2025-09",2025-09-01,79,89.0725548569581,-10.0725548569581,TRUE,-6.7553,1.8352,2e-04,"***","I"
603269,"""AÇÚCAR"", TIPO: REFINADO , CARACTERÍSTICAS ADICIONAIS: BRANCO, 1ª QUALIDADE ","n_fornecedores","2025-10",2025-10-01,89,94.4619608815125,-5.46196088151248,TRUE,-6.7553,1.8352,2e-04,"***","I"
603269,"""AÇÚCAR"", TIPO: REFINADO , CARACTERÍSTICAS ADICIONAIS: BRANCO, 1ª QUALIDADE ","n_fornecedores","2025-11",2025-11-01,79,83.0848560669725,-4.08485606697251,TRUE,-6.7553,1.8352,2e-04,"***","I"
603269,"""AÇÚCAR"", TIPO: REFINADO , CARACTERÍSTICAS ADICIONAIS: BRANCO, 1ª QUALIDADE ","n_fornecedores","2025-12",2025-12-01,81,105.263536479725,-24.2635364797247,TRUE,-6.7553,1.8352,2e-04,"***","I"
606522,"CAFÉ, APRESENTAÇÃO: TORRADO MOÍDO , INTENSIDADE: INTENSA OU EXTRA FORTE , TIPO: SUPERIOR , EMPACOTAMENTO: VÁCUO ","median_preco","2021-12",2021-12-01,28.44,28.6280638567821,-0.188063856782094,FALSE,10.9609,2.7545,1e-04,"***","I"
606522,"CAFÉ, APRESENTAÇÃO: TORRADO MOÍDO , INTENSIDADE: INTENSA OU EXTRA FORTE , TIPO: SUPERIOR , EMPACOTAMENTO: VÁCUO ","median_preco","2022-01",2022-01-01,27.76,28.2880473234599,-0.528047323459877,FALSE,10.9609,2.7545,1e-04,"***","I"
606522,"CAFÉ, APRESENTAÇÃO: TORRADO MOÍDO , INTENSIDADE: INTENSA OU EXTRA FORTE , TIPO: SUPERIOR , EMPACOTAMENTO: VÁCUO ","median_preco","2022-02",2022-02-01,28.16,28.0829117695681,0.077088230431869,FALSE,10.9609,2.7545,1e-04,"***","I"
606522,"CAFÉ, APRESENTAÇÃO: TORRADO MOÍDO , INTENSIDADE: INTENSA OU EXTRA FORTE , TIPO: SUPERIOR , EMPACOTAMENTO: VÁCUO ","median_preco","2022-03",2022-03-01,27.86,29.1418311001094,-1.28183110010945,FALSE,10.9609,2.7545,1e-04,"***","I"
606522,"CAFÉ, APRESENTAÇÃO: TORRADO MOÍDO , INTENSIDADE: INTENSA OU EXTRA FORTE , TIPO: SUPERIOR , EMPACOTAMENTO: VÁCUO ","median_preco","2022-04",2022-04-01,29.1366,30.024119450818,-0.887519450818047,FALSE,10.9609,2.7545,1e-04,"***","I"
606522,"CAFÉ, APRESENTAÇÃO: TORRADO MOÍDO , INTENSIDADE: INTENSA OU EXTRA FORTE , TIPO: SUPERIOR , EMPACOTAMENTO: VÁCUO ","median_preco","2022-05",2022-05-01,33.82,32.7644583215879,1.05554167841212,FALSE,10.9609,2.7545,1e-04,"***","I"
606522,"CAFÉ, APRESENTAÇÃO: TORRADO MOÍDO , INTENSIDADE: INTENSA OU EXTRA FORTE , TIPO: SUPERIOR , EMPACOTAMENTO: VÁCUO ","median_preco","2022-06",2022-06-01,30.1,29.8561384970919,0.243861502908064,FALSE,10.9609,2.7545,1e-04,"***","I"
606522,"CAFÉ, APRESENTAÇÃO: TORRADO MOÍDO , INTENSIDADE: INTENSA OU EXTRA FORTE , TIPO: SUPERIOR , EMPACOTAMENTO: VÁCUO ","median_preco","2022-07",2022-07-01,31.18,30.7127652971808,0.467234702819177,FALSE,10.9609,2.7545,1e-04,"***","I"
606522,"CAFÉ, APRESENTAÇÃO: TORRADO MOÍDO , INTENSIDADE: INTENSA OU EXTRA FORTE , TIPO: SUPERIOR , EMPACOTAMENTO: VÁCUO ","median_preco","2022-08",2022-08-01,32,31.654744788241,0.345255211759046,FALSE,10.9609,2.7545,1e-04,"***","I"
606522,"CAFÉ, APRESENTAÇÃO: TORRADO MOÍDO , INTENSIDADE: INTENSA OU EXTRA FORTE , TIPO: SUPERIOR , EMPACOTAMENTO: VÁCUO ","median_preco","2022-09",2022-09-01,32.0028,30.9240198431627,1.07878015683725,FALSE,10.9609,2.7545,1e-04,"***","I"
606522,"CAFÉ, APRESENTAÇÃO: TORRADO MOÍDO , INTENSIDADE: INTENSA OU EXTRA FORTE , TIPO: SUPERIOR , EMPACOTAMENTO: VÁCUO ","median_preco","2022-10",2022-10-01,33.98,32.7614434861133,1.21855651388672,FALSE,10.9609,2.7545,1e-04,"***","I"
606522,"CAFÉ, APRESENTAÇÃO: TORRADO MOÍDO , INTENSIDADE: INTENSA OU EXTRA FORTE , TIPO: SUPERIOR , EMPACOTAMENTO: VÁCUO ","median_preco","2022-11",2022-11-01,33.66,30.2271793830891,3.43282061691091,FALSE,10.9609,2.7545,1e-04,"***","I"
606522,"CAFÉ, APRESENTAÇÃO: TORRADO MOÍDO , INTENSIDADE: INTENSA OU EXTRA FORTE , TIPO: SUPERIOR , EMPACOTAMENTO: VÁCUO ","median_preco","2022-12",2022-12-01,30.46,30.3188306570785,0.141169342921536,FALSE,10.9609,2.7545,1e-04,"***","I"
606522,"CAFÉ, APRESENTAÇÃO: TORRADO MOÍDO , INTENSIDADE: INTENSA OU EXTRA FORTE , TIPO: SUPERIOR , EMPACOTAMENTO: VÁCUO ","median_preco","2023-01",2023-01-01,25.5,28.8458448623299,-3.34584486232988,FALSE,10.9609,2.7545,1e-04,"***","I"
606522,"CAFÉ, APRESENTAÇÃO: TORRADO MOÍDO , INTENSIDADE: INTENSA OU EXTRA FORTE , TIPO: SUPERIOR , EMPACOTAMENTO: VÁCUO ","median_preco","2023-02",2023-02-01,28.7813,29.0778410246412,-0.296541024641169,FALSE,10.9609,2.7545,1e-04,"***","I"
606522,"CAFÉ, APRESENTAÇÃO: TORRADO MOÍDO , INTENSIDADE: INTENSA OU EXTRA FORTE , TIPO: SUPERIOR , EMPACOTAMENTO: VÁCUO ","median_preco","2023-03",2023-03-01,27.5,29.2109033070137,-1.71090330701374,FALSE,10.9609,2.7545,1e-04,"***","I"
606522,"CAFÉ, APRESENTAÇÃO: TORRADO MOÍDO , INTENSIDADE: INTENSA OU EXTRA FORTE , TIPO: SUPERIOR , EMPACOTAMENTO: VÁCUO ","median_preco","2023-04",2023-04-01,26.99,27.1781190408615,-0.188119040861544,FALSE,10.9609,2.7545,1e-04,"***","I"
606522,"CAFÉ, APRESENTAÇÃO: TORRADO MOÍDO , INTENSIDADE: INTENSA OU EXTRA FORTE , TIPO: SUPERIOR , EMPACOTAMENTO: VÁCUO ","median_preco","2023-05",2023-05-01,28.8,29.6023909865312,-0.802390986531197,FALSE,10.9609,2.7545,1e-04,"***","I"
606522,"CAFÉ, APRESENTAÇÃO: TORRADO MOÍDO , INTENSIDADE: INTENSA OU EXTRA FORTE , TIPO: SUPERIOR , EMPACOTAMENTO: VÁCUO ","median_preco","2023-06",2023-06-01,27.56,27.9306020438013,-0.370602043801256,FALSE,10.9609,2.7545,1e-04,"***","I"
606522,"CAFÉ, APRESENTAÇÃO: TORRADO MOÍDO , INTENSIDADE: INTENSA OU EXTRA FORTE , TIPO: SUPERIOR , EMPACOTAMENTO: VÁCUO ","median_preco","2023-07",2023-07-01,28,29.6605799237067,-1.66057992370672,FALSE,10.9609,2.7545,1e-04,"***","I"
606522,"CAFÉ, APRESENTAÇÃO: TORRADO MOÍDO , INTENSIDADE: INTENSA OU EXTRA FORTE , TIPO: SUPERIOR , EMPACOTAMENTO: VÁCUO ","median_preco","2023-08",2023-08-01,27.94,31.5063129131198,-3.5663129131198,TRUE,10.9609,2.7545,1e-04,"***","I"
606522,"CAFÉ, APRESENTAÇÃO: TORRADO MOÍDO , INTENSIDADE: INTENSA OU EXTRA FORTE , TIPO: SUPERIOR , EMPACOTAMENTO: VÁCUO ","median_preco","2023-09",2023-09-01,28.1,27.5019532339721,0.598046766027938,TRUE,10.9609,2.7545,1e-04,"***","I"
606522,"CAFÉ, APRESENTAÇÃO: TORRADO MOÍDO , INTENSIDADE: INTENSA OU EXTRA FORTE , TIPO: SUPERIOR , EMPACOTAMENTO: VÁCUO ","median_preco","2023-10",2023-10-01,27.56,27.9903809807813,-0.43038098078129,TRUE,10.9609,2.7545,1e-04,"***","I"
606522,"CAFÉ, APRESENTAÇÃO: TORRADO MOÍDO , INTENSIDADE: INTENSA OU EXTRA FORTE , TIPO: SUPERIOR , EMPACOTAMENTO: VÁCUO ","median_preco","2023-11",2023-11-01,28.11,26.2503066472652,1.85969335273478,TRUE,10.9609,2.7545,1e-04,"***","I"
606522,"CAFÉ, APRESENTAÇÃO: TORRADO MOÍDO , INTENSIDADE: INTENSA OU EXTRA FORTE , TIPO: SUPERIOR , EMPACOTAMENTO: VÁCUO ","median_preco","2023-12",2023-12-01,25,28.0685638620789,-3.06856386207888,TRUE,10.9609,2.7545,1e-04,"***","I"
606522,"CAFÉ, APRESENTAÇÃO: TORRADO MOÍDO , INTENSIDADE: INTENSA OU EXTRA FORTE , TIPO: SUPERIOR , EMPACOTAMENTO: VÁCUO ","median_preco","2024-01",2024-01-01,25.04,27.0415638243356,-2.00156382433564,TRUE,10.9609,2.7545,1e-04,"***","I"
606522,"CAFÉ, APRESENTAÇÃO: TORRADO MOÍDO , INTENSIDADE: INTENSA OU EXTRA FORTE , TIPO: SUPERIOR , EMPACOTAMENTO: VÁCUO ","median_preco","2024-02",2024-02-01,23.91,26.6481280632853,-2.7381280632853,TRUE,10.9609,2.7545,1e-04,"***","I"
606522,"CAFÉ, APRESENTAÇÃO: TORRADO MOÍDO , INTENSIDADE: INTENSA OU EXTRA FORTE , TIPO: SUPERIOR , EMPACOTAMENTO: VÁCUO ","median_preco","2024-03",2024-03-01,25.84,27.9983849317324,-2.15838493173235,TRUE,10.9609,2.7545,1e-04,"***","I"
606522,"CAFÉ, APRESENTAÇÃO: TORRADO MOÍDO , INTENSIDADE: INTENSA OU EXTRA FORTE , TIPO: SUPERIOR , EMPACOTAMENTO: VÁCUO ","median_preco","2024-04",2024-04-01,28.4099,27.2960357697739,1.1138642302261,TRUE,10.9609,2.7545,1e-04,"***","I"
606522,"CAFÉ, APRESENTAÇÃO: TORRADO MOÍDO , INTENSIDADE: INTENSA OU EXTRA FORTE , TIPO: SUPERIOR , EMPACOTAMENTO: VÁCUO ","median_preco","2024-05",2024-05-01,28.88,28.2472655053696,0.632734494630441,TRUE,10.9609,2.7545,1e-04,"***","I"
606522,"CAFÉ, APRESENTAÇÃO: TORRADO MOÍDO , INTENSIDADE: INTENSA OU EXTRA FORTE , TIPO: SUPERIOR , EMPACOTAMENTO: VÁCUO ","median_preco","2024-06",2024-06-01,33.8,27.3820192527142,6.41798074728575,TRUE,10.9609,2.7545,1e-04,"***","I"
606522,"CAFÉ, APRESENTAÇÃO: TORRADO MOÍDO , INTENSIDADE: INTENSA OU EXTRA FORTE , TIPO: SUPERIOR , EMPACOTAMENTO: VÁCUO ","median_preco","2024-07",2024-07-01,30.83,26.7963417517224,4.03365824827758,TRUE,10.9609,2.7545,1e-04,"***","I"
606522,"CAFÉ, APRESENTAÇÃO: TORRADO MOÍDO , INTENSIDADE: INTENSA OU EXTRA FORTE , TIPO: SUPERIOR , EMPACOTAMENTO: VÁCUO ","median_preco","2024-08",2024-08-01,32.47,30.5479128803123,1.92208711968772,TRUE,10.9609,2.7545,1e-04,"***","I"
606522,"CAFÉ, APRESENTAÇÃO: TORRADO MOÍDO , INTENSIDADE: INTENSA OU EXTRA FORTE , TIPO: SUPERIOR , EMPACOTAMENTO: VÁCUO ","median_preco","2024-09",2024-09-01,29.7,26.1342769875786,3.56572301242138,TRUE,10.9609,2.7545,1e-04,"***","I"
606522,"CAFÉ, APRESENTAÇÃO: TORRADO MOÍDO , INTENSIDADE: INTENSA OU EXTRA FORTE , TIPO: SUPERIOR , EMPACOTAMENTO: VÁCUO ","median_preco","2024-10",2024-10-01,36,29.1238992157737,6.87610078422626,TRUE,10.9609,2.7545,1e-04,"***","I"
606522,"CAFÉ, APRESENTAÇÃO: TORRADO MOÍDO , INTENSIDADE: INTENSA OU EXTRA FORTE , TIPO: SUPERIOR , EMPACOTAMENTO: VÁCUO ","median_preco","2024-11",2024-11-01,30.9,27.9845058001063,2.91549419989374,TRUE,10.9609,2.7545,1e-04,"***","I"
606522,"CAFÉ, APRESENTAÇÃO: TORRADO MOÍDO , INTENSIDADE: INTENSA OU EXTRA FORTE , TIPO: SUPERIOR , EMPACOTAMENTO: VÁCUO ","median_preco","2024-12",2024-12-01,37.72,31.6967115776153,6.02328842238466,TRUE,10.9609,2.7545,1e-04,"***","I"
606522,"CAFÉ, APRESENTAÇÃO: TORRADO MOÍDO , INTENSIDADE: INTENSA OU EXTRA FORTE , TIPO: SUPERIOR , EMPACOTAMENTO: VÁCUO ","median_preco","2025-01",2025-01-01,41.98,29.7816333837206,12.1983666162794,TRUE,10.9609,2.7545,1e-04,"***","I"
606522,"CAFÉ, APRESENTAÇÃO: TORRADO MOÍDO , INTENSIDADE: INTENSA OU EXTRA FORTE , TIPO: SUPERIOR , EMPACOTAMENTO: VÁCUO ","median_preco","2025-02",2025-02-01,50.44,29.5749171313505,20.8650828686495,TRUE,10.9609,2.7545,1e-04,"***","I"
606522,"CAFÉ, APRESENTAÇÃO: TORRADO MOÍDO , INTENSIDADE: INTENSA OU EXTRA FORTE , TIPO: SUPERIOR , EMPACOTAMENTO: VÁCUO ","median_preco","2025-03",2025-03-01,57.98,30.8574838604229,27.1225161395771,TRUE,10.9609,2.7545,1e-04,"***","I"
606522,"CAFÉ, APRESENTAÇÃO: TORRADO MOÍDO , INTENSIDADE: INTENSA OU EXTRA FORTE , TIPO: SUPERIOR , EMPACOTAMENTO: VÁCUO ","median_preco","2025-04",2025-04-01,55.8,31.7042378076685,24.0957621923315,TRUE,10.9609,2.7545,1e-04,"***","I"
606522,"CAFÉ, APRESENTAÇÃO: TORRADO MOÍDO , INTENSIDADE: INTENSA OU EXTRA FORTE , TIPO: SUPERIOR , EMPACOTAMENTO: VÁCUO ","median_preco","2025-05",2025-05-01,62.08,29.7023342502407,32.3776657497593,TRUE,10.9609,2.7545,1e-04,"***","I"
606522,"CAFÉ, APRESENTAÇÃO: TORRADO MOÍDO , INTENSIDADE: INTENSA OU EXTRA FORTE , TIPO: SUPERIOR , EMPACOTAMENTO: VÁCUO ","median_preco","2025-06",2025-06-01,51.3,32.1443665269658,19.1556334730342,TRUE,10.9609,2.7545,1e-04,"***","I"
606522,"CAFÉ, APRESENTAÇÃO: TORRADO MOÍDO , INTENSIDADE: INTENSA OU EXTRA FORTE , TIPO: SUPERIOR , EMPACOTAMENTO: VÁCUO ","median_preco","2025-07",2025-07-01,57,31.0810176339898,25.9189823660102,TRUE,10.9609,2.7545,1e-04,"***","I"
606522,"CAFÉ, APRESENTAÇÃO: TORRADO MOÍDO , INTENSIDADE: INTENSA OU EXTRA FORTE , TIPO: SUPERIOR , EMPACOTAMENTO: VÁCUO ","median_preco","2025-08",2025-08-01,61.6,30.9408181648209,30.6591818351791,TRUE,10.9609,2.7545,1e-04,"***","I"
606522,"CAFÉ, APRESENTAÇÃO: TORRADO MOÍDO , INTENSIDADE: INTENSA OU EXTRA FORTE , TIPO: SUPERIOR , EMPACOTAMENTO: VÁCUO ","median_preco","2025-09",2025-09-01,55.2,33.220577018496,21.979422981504,TRUE,10.9609,2.7545,1e-04,"***","I"
606522,"CAFÉ, APRESENTAÇÃO: TORRADO MOÍDO , INTENSIDADE: INTENSA OU EXTRA FORTE , TIPO: SUPERIOR , EMPACOTAMENTO: VÁCUO ","median_preco","2025-10",2025-10-01,52.8,31.804958362031,20.995041637969,TRUE,10.9609,2.7545,1e-04,"***","I"
606522,"CAFÉ, APRESENTAÇÃO: TORRADO MOÍDO , INTENSIDADE: INTENSA OU EXTRA FORTE , TIPO: SUPERIOR , EMPACOTAMENTO: VÁCUO ","median_preco","2025-11",2025-11-01,62.56,33.5786291934557,28.9813708065443,TRUE,10.9609,2.7545,1e-04,"***","I"
606522,"CAFÉ, APRESENTAÇÃO: TORRADO MOÍDO , INTENSIDADE: INTENSA OU EXTRA FORTE , TIPO: SUPERIOR , EMPACOTAMENTO: VÁCUO ","median_preco","2025-12",2025-12-01,63.71,32.1882683029989,31.5217316970011,TRUE,10.9609,2.7545,1e-04,"***","I"
606522,"CAFÉ, APRESENTAÇÃO: TORRADO MOÍDO , INTENSIDADE: INTENSA OU EXTRA FORTE , TIPO: SUPERIOR , EMPACOTAMENTO: VÁCUO ","n_combinacoes_unidade","2021-12",2021-12-01,6,5.65391368695597,0.346086313044035,FALSE,0.1635,0.3965,0.6801,"","II"
606522,"CAFÉ, APRESENTAÇÃO: TORRADO MOÍDO , INTENSIDADE: INTENSA OU EXTRA FORTE , TIPO: SUPERIOR , EMPACOTAMENTO: VÁCUO ","n_combinacoes_unidade","2022-01",2022-01-01,4,3.78007507768263,0.219924922317372,FALSE,0.1635,0.3965,0.6801,"","II"
606522,"CAFÉ, APRESENTAÇÃO: TORRADO MOÍDO , INTENSIDADE: INTENSA OU EXTRA FORTE , TIPO: SUPERIOR , EMPACOTAMENTO: VÁCUO ","n_combinacoes_unidade","2022-02",2022-02-01,4,4.69678806315689,-0.696788063156889,FALSE,0.1635,0.3965,0.6801,"","II"
606522,"CAFÉ, APRESENTAÇÃO: TORRADO MOÍDO , INTENSIDADE: INTENSA OU EXTRA FORTE , TIPO: SUPERIOR , EMPACOTAMENTO: VÁCUO ","n_combinacoes_unidade","2022-03",2022-03-01,3,3.92834028168168,-0.928340281681684,FALSE,0.1635,0.3965,0.6801,"","II"
606522,"CAFÉ, APRESENTAÇÃO: TORRADO MOÍDO , INTENSIDADE: INTENSA OU EXTRA FORTE , TIPO: SUPERIOR , EMPACOTAMENTO: VÁCUO ","n_combinacoes_unidade","2022-04",2022-04-01,4,4.35504212771639,-0.355042127716388,FALSE,0.1635,0.3965,0.6801,"","II"
606522,"CAFÉ, APRESENTAÇÃO: TORRADO MOÍDO , INTENSIDADE: INTENSA OU EXTRA FORTE , TIPO: SUPERIOR , EMPACOTAMENTO: VÁCUO ","n_combinacoes_unidade","2022-05",2022-05-01,6,5.50561142760907,0.494388572390932,FALSE,0.1635,0.3965,0.6801,"","II"
606522,"CAFÉ, APRESENTAÇÃO: TORRADO MOÍDO , INTENSIDADE: INTENSA OU EXTRA FORTE , TIPO: SUPERIOR , EMPACOTAMENTO: VÁCUO ","n_combinacoes_unidade","2022-06",2022-06-01,4,4.72433651423284,-0.724336514232835,FALSE,0.1635,0.3965,0.6801,"","II"
606522,"CAFÉ, APRESENTAÇÃO: TORRADO MOÍDO , INTENSIDADE: INTENSA OU EXTRA FORTE , TIPO: SUPERIOR , EMPACOTAMENTO: VÁCUO ","n_combinacoes_unidade","2022-07",2022-07-01,6,4.77098011798998,1.22901988201002,FALSE,0.1635,0.3965,0.6801,"","II"
606522,"CAFÉ, APRESENTAÇÃO: TORRADO MOÍDO , INTENSIDADE: INTENSA OU EXTRA FORTE , TIPO: SUPERIOR , EMPACOTAMENTO: VÁCUO ","n_combinacoes_unidade","2022-08",2022-08-01,6,5.13408029418017,0.86591970581983,FALSE,0.1635,0.3965,0.6801,"","II"
606522,"CAFÉ, APRESENTAÇÃO: TORRADO MOÍDO , INTENSIDADE: INTENSA OU EXTRA FORTE , TIPO: SUPERIOR , EMPACOTAMENTO: VÁCUO ","n_combinacoes_unidade","2022-09",2022-09-01,6,4.87681604349765,1.12318395650235,FALSE,0.1635,0.3965,0.6801,"","II"
606522,"CAFÉ, APRESENTAÇÃO: TORRADO MOÍDO , INTENSIDADE: INTENSA OU EXTRA FORTE , TIPO: SUPERIOR , EMPACOTAMENTO: VÁCUO ","n_combinacoes_unidade","2022-10",2022-10-01,4,4.29518007964942,-0.295180079649416,FALSE,0.1635,0.3965,0.6801,"","II"
606522,"CAFÉ, APRESENTAÇÃO: TORRADO MOÍDO , INTENSIDADE: INTENSA OU EXTRA FORTE , TIPO: SUPERIOR , EMPACOTAMENTO: VÁCUO ","n_combinacoes_unidade","2022-11",2022-11-01,6,5.78281148574933,0.217188514250669,FALSE,0.1635,0.3965,0.6801,"","II"
606522,"CAFÉ, APRESENTAÇÃO: TORRADO MOÍDO , INTENSIDADE: INTENSA OU EXTRA FORTE , TIPO: SUPERIOR , EMPACOTAMENTO: VÁCUO ","n_combinacoes_unidade","2022-12",2022-12-01,4,4.05477514554093,-0.054775145540928,FALSE,0.1635,0.3965,0.6801,"","II"
606522,"CAFÉ, APRESENTAÇÃO: TORRADO MOÍDO , INTENSIDADE: INTENSA OU EXTRA FORTE , TIPO: SUPERIOR , EMPACOTAMENTO: VÁCUO ","n_combinacoes_unidade","2023-01",2023-01-01,5,4.48123164981292,0.518768350187083,FALSE,0.1635,0.3965,0.6801,"","II"
606522,"CAFÉ, APRESENTAÇÃO: TORRADO MOÍDO , INTENSIDADE: INTENSA OU EXTRA FORTE , TIPO: SUPERIOR , EMPACOTAMENTO: VÁCUO ","n_combinacoes_unidade","2023-02",2023-02-01,4,4.20058477311145,-0.200584773111455,FALSE,0.1635,0.3965,0.6801,"","II"
606522,"CAFÉ, APRESENTAÇÃO: TORRADO MOÍDO , INTENSIDADE: INTENSA OU EXTRA FORTE , TIPO: SUPERIOR , EMPACOTAMENTO: VÁCUO ","n_combinacoes_unidade","2023-03",2023-03-01,4,4.40675353530266,-0.40675353530266,FALSE,0.1635,0.3965,0.6801,"","II"
606522,"CAFÉ, APRESENTAÇÃO: TORRADO MOÍDO , INTENSIDADE: INTENSA OU EXTRA FORTE , TIPO: SUPERIOR , EMPACOTAMENTO: VÁCUO ","n_combinacoes_unidade","2023-04",2023-04-01,5,4.6833184690627,0.316681530937304,FALSE,0.1635,0.3965,0.6801,"","II"
606522,"CAFÉ, APRESENTAÇÃO: TORRADO MOÍDO , INTENSIDADE: INTENSA OU EXTRA FORTE , TIPO: SUPERIOR , EMPACOTAMENTO: VÁCUO ","n_combinacoes_unidade","2023-05",2023-05-01,5,4.92273402029713,0.0772659797028741,FALSE,0.1635,0.3965,0.6801,"","II"
606522,"CAFÉ, APRESENTAÇÃO: TORRADO MOÍDO , INTENSIDADE: INTENSA OU EXTRA FORTE , TIPO: SUPERIOR , EMPACOTAMENTO: VÁCUO ","n_combinacoes_unidade","2023-06",2023-06-01,3,4.55599773572771,-1.55599773572771,FALSE,0.1635,0.3965,0.6801,"","II"
606522,"CAFÉ, APRESENTAÇÃO: TORRADO MOÍDO , INTENSIDADE: INTENSA OU EXTRA FORTE , TIPO: SUPERIOR , EMPACOTAMENTO: VÁCUO ","n_combinacoes_unidade","2023-07",2023-07-01,5,5.23022908570143,-0.23022908570143,FALSE,0.1635,0.3965,0.6801,"","II"
606522,"CAFÉ, APRESENTAÇÃO: TORRADO MOÍDO , INTENSIDADE: INTENSA OU EXTRA FORTE , TIPO: SUPERIOR , EMPACOTAMENTO: VÁCUO ","n_combinacoes_unidade","2023-08",2023-08-01,5,4.84116242790318,0.158837572096816,TRUE,0.1635,0.3965,0.6801,"","II"
606522,"CAFÉ, APRESENTAÇÃO: TORRADO MOÍDO , INTENSIDADE: INTENSA OU EXTRA FORTE , TIPO: SUPERIOR , EMPACOTAMENTO: VÁCUO ","n_combinacoes_unidade","2023-09",2023-09-01,3,4.74313514927713,-1.74313514927713,TRUE,0.1635,0.3965,0.6801,"","II"
606522,"CAFÉ, APRESENTAÇÃO: TORRADO MOÍDO , INTENSIDADE: INTENSA OU EXTRA FORTE , TIPO: SUPERIOR , EMPACOTAMENTO: VÁCUO ","n_combinacoes_unidade","2023-10",2023-10-01,3,4.10519696541875,-1.10519696541875,TRUE,0.1635,0.3965,0.6801,"","II"
606522,"CAFÉ, APRESENTAÇÃO: TORRADO MOÍDO , INTENSIDADE: INTENSA OU EXTRA FORTE , TIPO: SUPERIOR , EMPACOTAMENTO: VÁCUO ","n_combinacoes_unidade","2023-11",2023-11-01,3,4.48642976758588,-1.48642976758588,TRUE,0.1635,0.3965,0.6801,"","II"
606522,"CAFÉ, APRESENTAÇÃO: TORRADO MOÍDO , INTENSIDADE: INTENSA OU EXTRA FORTE , TIPO: SUPERIOR , EMPACOTAMENTO: VÁCUO ","n_combinacoes_unidade","2023-12",2023-12-01,6,4.35461305684348,1.64538694315652,TRUE,0.1635,0.3965,0.6801,"","II"
606522,"CAFÉ, APRESENTAÇÃO: TORRADO MOÍDO , INTENSIDADE: INTENSA OU EXTRA FORTE , TIPO: SUPERIOR , EMPACOTAMENTO: VÁCUO ","n_combinacoes_unidade","2024-01",2024-01-01,3,4.31920518665167,-1.31920518665167,TRUE,0.1635,0.3965,0.6801,"","II"
606522,"CAFÉ, APRESENTAÇÃO: TORRADO MOÍDO , INTENSIDADE: INTENSA OU EXTRA FORTE , TIPO: SUPERIOR , EMPACOTAMENTO: VÁCUO ","n_combinacoes_unidade","2024-02",2024-02-01,3,4.42508636154023,-1.42508636154023,TRUE,0.1635,0.3965,0.6801,"","II"
606522,"CAFÉ, APRESENTAÇÃO: TORRADO MOÍDO , INTENSIDADE: INTENSA OU EXTRA FORTE , TIPO: SUPERIOR , EMPACOTAMENTO: VÁCUO ","n_combinacoes_unidade","2024-03",2024-03-01,4,4.42791587689946,-0.427915876899465,TRUE,0.1635,0.3965,0.6801,"","II"
606522,"CAFÉ, APRESENTAÇÃO: TORRADO MOÍDO , INTENSIDADE: INTENSA OU EXTRA FORTE , TIPO: SUPERIOR , EMPACOTAMENTO: VÁCUO ","n_combinacoes_unidade","2024-04",2024-04-01,6,3.27612434007989,2.72387565992011,TRUE,0.1635,0.3965,0.6801,"","II"
606522,"CAFÉ, APRESENTAÇÃO: TORRADO MOÍDO , INTENSIDADE: INTENSA OU EXTRA FORTE , TIPO: SUPERIOR , EMPACOTAMENTO: VÁCUO ","n_combinacoes_unidade","2024-05",2024-05-01,5,3.68055210492198,1.31944789507802,TRUE,0.1635,0.3965,0.6801,"","II"
606522,"CAFÉ, APRESENTAÇÃO: TORRADO MOÍDO , INTENSIDADE: INTENSA OU EXTRA FORTE , TIPO: SUPERIOR , EMPACOTAMENTO: VÁCUO ","n_combinacoes_unidade","2024-06",2024-06-01,5,4.20748578290981,0.792514217090186,TRUE,0.1635,0.3965,0.6801,"","II"
606522,"CAFÉ, APRESENTAÇÃO: TORRADO MOÍDO , INTENSIDADE: INTENSA OU EXTRA FORTE , TIPO: SUPERIOR , EMPACOTAMENTO: VÁCUO ","n_combinacoes_unidade","2024-07",2024-07-01,6,4.87310598694848,1.12689401305152,TRUE,0.1635,0.3965,0.6801,"","II"
606522,"CAFÉ, APRESENTAÇÃO: TORRADO MOÍDO , INTENSIDADE: INTENSA OU EXTRA FORTE , TIPO: SUPERIOR , EMPACOTAMENTO: VÁCUO ","n_combinacoes_unidade","2024-08",2024-08-01,3,5.1033123101732,-2.1033123101732,TRUE,0.1635,0.3965,0.6801,"","II"
606522,"CAFÉ, APRESENTAÇÃO: TORRADO MOÍDO , INTENSIDADE: INTENSA OU EXTRA FORTE , TIPO: SUPERIOR , EMPACOTAMENTO: VÁCUO ","n_combinacoes_unidade","2024-09",2024-09-01,7,5.09209049266748,1.90790950733252,TRUE,0.1635,0.3965,0.6801,"","II"
606522,"CAFÉ, APRESENTAÇÃO: TORRADO MOÍDO , INTENSIDADE: INTENSA OU EXTRA FORTE , TIPO: SUPERIOR , EMPACOTAMENTO: VÁCUO ","n_combinacoes_unidade","2024-10",2024-10-01,6,4.66066120525941,1.33933879474059,TRUE,0.1635,0.3965,0.6801,"","II"
606522,"CAFÉ, APRESENTAÇÃO: TORRADO MOÍDO , INTENSIDADE: INTENSA OU EXTRA FORTE , TIPO: SUPERIOR , EMPACOTAMENTO: VÁCUO ","n_combinacoes_unidade","2024-11",2024-11-01,4,4.75015744959184,-0.750157449591836,TRUE,0.1635,0.3965,0.6801,"","II"
606522,"CAFÉ, APRESENTAÇÃO: TORRADO MOÍDO , INTENSIDADE: INTENSA OU EXTRA FORTE , TIPO: SUPERIOR , EMPACOTAMENTO: VÁCUO ","n_combinacoes_unidade","2024-12",2024-12-01,6,4.36510576475247,1.63489423524753,TRUE,0.1635,0.3965,0.6801,"","II"
606522,"CAFÉ, APRESENTAÇÃO: TORRADO MOÍDO , INTENSIDADE: INTENSA OU EXTRA FORTE , TIPO: SUPERIOR , EMPACOTAMENTO: VÁCUO ","n_combinacoes_unidade","2025-01",2025-01-01,4,4.4083639970776,-0.408363997077598,TRUE,0.1635,0.3965,0.6801,"","II"
606522,"CAFÉ, APRESENTAÇÃO: TORRADO MOÍDO , INTENSIDADE: INTENSA OU EXTRA FORTE , TIPO: SUPERIOR , EMPACOTAMENTO: VÁCUO ","n_combinacoes_unidade","2025-02",2025-02-01,6,4.56348176895433,1.43651823104567,TRUE,0.1635,0.3965,0.6801,"","II"
606522,"CAFÉ, APRESENTAÇÃO: TORRADO MOÍDO , INTENSIDADE: INTENSA OU EXTRA FORTE , TIPO: SUPERIOR , EMPACOTAMENTO: VÁCUO ","n_combinacoes_unidade","2025-03",2025-03-01,3,3.91998109706809,-0.919981097068092,TRUE,0.1635,0.3965,0.6801,"","II"
606522,"CAFÉ, APRESENTAÇÃO: TORRADO MOÍDO , INTENSIDADE: INTENSA OU EXTRA FORTE , TIPO: SUPERIOR , EMPACOTAMENTO: VÁCUO ","n_combinacoes_unidade","2025-04",2025-04-01,5,4.91726618220369,0.0827338177963082,TRUE,0.1635,0.3965,0.6801,"","II"
606522,"CAFÉ, APRESENTAÇÃO: TORRADO MOÍDO , INTENSIDADE: INTENSA OU EXTRA FORTE , TIPO: SUPERIOR , EMPACOTAMENTO: VÁCUO ","n_combinacoes_unidade","2025-05",2025-05-01,4,5.54917068455613,-1.54917068455613,TRUE,0.1635,0.3965,0.6801,"","II"
606522,"CAFÉ, APRESENTAÇÃO: TORRADO MOÍDO , INTENSIDADE: INTENSA OU EXTRA FORTE , TIPO: SUPERIOR , EMPACOTAMENTO: VÁCUO ","n_combinacoes_unidade","2025-06",2025-06-01,5,4.23016740566264,0.769832594337359,TRUE,0.1635,0.3965,0.6801,"","II"
606522,"CAFÉ, APRESENTAÇÃO: TORRADO MOÍDO , INTENSIDADE: INTENSA OU EXTRA FORTE , TIPO: SUPERIOR , EMPACOTAMENTO: VÁCUO ","n_combinacoes_unidade","2025-07",2025-07-01,6,4.4121331147238,1.5878668852762,TRUE,0.1635,0.3965,0.6801,"","II"
606522,"CAFÉ, APRESENTAÇÃO: TORRADO MOÍDO , INTENSIDADE: INTENSA OU EXTRA FORTE , TIPO: SUPERIOR , EMPACOTAMENTO: VÁCUO ","n_combinacoes_unidade","2025-08",2025-08-01,4,4.97328641281911,-0.973286412819112,TRUE,0.1635,0.3965,0.6801,"","II"
606522,"CAFÉ, APRESENTAÇÃO: TORRADO MOÍDO , INTENSIDADE: INTENSA OU EXTRA FORTE , TIPO: SUPERIOR , EMPACOTAMENTO: VÁCUO ","n_combinacoes_unidade","2025-09",2025-09-01,6,5.16266103797208,0.837338962027921,TRUE,0.1635,0.3965,0.6801,"","II"
606522,"CAFÉ, APRESENTAÇÃO: TORRADO MOÍDO , INTENSIDADE: INTENSA OU EXTRA FORTE , TIPO: SUPERIOR , EMPACOTAMENTO: VÁCUO ","n_combinacoes_unidade","2025-10",2025-10-01,5,4.69335271362828,0.306647286371716,TRUE,0.1635,0.3965,0.6801,"","II"
606522,"CAFÉ, APRESENTAÇÃO: TORRADO MOÍDO , INTENSIDADE: INTENSA OU EXTRA FORTE , TIPO: SUPERIOR , EMPACOTAMENTO: VÁCUO ","n_combinacoes_unidade","2025-11",2025-11-01,5,4.36386256229773,0.636137437702274,TRUE,0.1635,0.3965,0.6801,"","II"
606522,"CAFÉ, APRESENTAÇÃO: TORRADO MOÍDO , INTENSIDADE: INTENSA OU EXTRA FORTE , TIPO: SUPERIOR , EMPACOTAMENTO: VÁCUO ","n_combinacoes_unidade","2025-12",2025-12-01,5,4.35384499519552,0.646155004804482,TRUE,0.1635,0.3965,0.6801,"","II"
606522,"CAFÉ, APRESENTAÇÃO: TORRADO MOÍDO , INTENSIDADE: INTENSA OU EXTRA FORTE , TIPO: SUPERIOR , EMPACOTAMENTO: VÁCUO ","n_fornecedores","2021-12",2021-12-01,29,24.1653899941308,4.83461000586915,FALSE,1.6148,1.3041,0.2156,"","III"
606522,"CAFÉ, APRESENTAÇÃO: TORRADO MOÍDO , INTENSIDADE: INTENSA OU EXTRA FORTE , TIPO: SUPERIOR , EMPACOTAMENTO: VÁCUO ","n_fornecedores","2022-01",2022-01-01,8,6.4998222187082,1.5001777812918,FALSE,1.6148,1.3041,0.2156,"","III"
606522,"CAFÉ, APRESENTAÇÃO: TORRADO MOÍDO , INTENSIDADE: INTENSA OU EXTRA FORTE , TIPO: SUPERIOR , EMPACOTAMENTO: VÁCUO ","n_fornecedores","2022-02",2022-02-01,16,12.5342446705919,3.46575532940814,FALSE,1.6148,1.3041,0.2156,"","III"
606522,"CAFÉ, APRESENTAÇÃO: TORRADO MOÍDO , INTENSIDADE: INTENSA OU EXTRA FORTE , TIPO: SUPERIOR , EMPACOTAMENTO: VÁCUO ","n_fornecedores","2022-03",2022-03-01,19,15.1627671868258,3.8372328131742,FALSE,1.6148,1.3041,0.2156,"","III"
606522,"CAFÉ, APRESENTAÇÃO: TORRADO MOÍDO , INTENSIDADE: INTENSA OU EXTRA FORTE , TIPO: SUPERIOR , EMPACOTAMENTO: VÁCUO ","n_fornecedores","2022-04",2022-04-01,20,18.2572187733599,1.7427812266401,FALSE,1.6148,1.3041,0.2156,"","III"
606522,"CAFÉ, APRESENTAÇÃO: TORRADO MOÍDO , INTENSIDADE: INTENSA OU EXTRA FORTE , TIPO: SUPERIOR , EMPACOTAMENTO: VÁCUO ","n_fornecedores","2022-05",2022-05-01,28,23.7442099384598,4.25579006154019,FALSE,1.6148,1.3041,0.2156,"","III"
606522,"CAFÉ, APRESENTAÇÃO: TORRADO MOÍDO , INTENSIDADE: INTENSA OU EXTRA FORTE , TIPO: SUPERIOR , EMPACOTAMENTO: VÁCUO ","n_fornecedores","2022-06",2022-06-01,21,21.6246587075149,-0.624658707514918,FALSE,1.6148,1.3041,0.2156,"","III"
606522,"CAFÉ, APRESENTAÇÃO: TORRADO MOÍDO , INTENSIDADE: INTENSA OU EXTRA FORTE , TIPO: SUPERIOR , EMPACOTAMENTO: VÁCUO ","n_fornecedores","2022-07",2022-07-01,23,22.2893004570932,0.710699542906845,FALSE,1.6148,1.3041,0.2156,"","III"
606522,"CAFÉ, APRESENTAÇÃO: TORRADO MOÍDO , INTENSIDADE: INTENSA OU EXTRA FORTE , TIPO: SUPERIOR , EMPACOTAMENTO: VÁCUO ","n_fornecedores","2022-08",2022-08-01,19,19.5723455751167,-0.572345575116746,FALSE,1.6148,1.3041,0.2156,"","III"
606522,"CAFÉ, APRESENTAÇÃO: TORRADO MOÍDO , INTENSIDADE: INTENSA OU EXTRA FORTE , TIPO: SUPERIOR , EMPACOTAMENTO: VÁCUO ","n_fornecedores","2022-09",2022-09-01,25,20.1646313089159,4.83536869108413,FALSE,1.6148,1.3041,0.2156,"","III"
606522,"CAFÉ, APRESENTAÇÃO: TORRADO MOÍDO , INTENSIDADE: INTENSA OU EXTRA FORTE , TIPO: SUPERIOR , EMPACOTAMENTO: VÁCUO ","n_fornecedores","2022-10",2022-10-01,14,15.2988128083138,-1.29881280831382,FALSE,1.6148,1.3041,0.2156,"","III"
606522,"CAFÉ, APRESENTAÇÃO: TORRADO MOÍDO , INTENSIDADE: INTENSA OU EXTRA FORTE , TIPO: SUPERIOR , EMPACOTAMENTO: VÁCUO ","n_fornecedores","2022-11",2022-11-01,18,21.1235105594333,-3.12351055943325,FALSE,1.6148,1.3041,0.2156,"","III"
606522,"CAFÉ, APRESENTAÇÃO: TORRADO MOÍDO , INTENSIDADE: INTENSA OU EXTRA FORTE , TIPO: SUPERIOR , EMPACOTAMENTO: VÁCUO ","n_fornecedores","2022-12",2022-12-01,16,17.0117678473461,-1.01176784734614,FALSE,1.6148,1.3041,0.2156,"","III"
606522,"CAFÉ, APRESENTAÇÃO: TORRADO MOÍDO , INTENSIDADE: INTENSA OU EXTRA FORTE , TIPO: SUPERIOR , EMPACOTAMENTO: VÁCUO ","n_fornecedores","2023-01",2023-01-01,12,11.7208822563883,0.279117743611707,FALSE,1.6148,1.3041,0.2156,"","III"
606522,"CAFÉ, APRESENTAÇÃO: TORRADO MOÍDO , INTENSIDADE: INTENSA OU EXTRA FORTE , TIPO: SUPERIOR , EMPACOTAMENTO: VÁCUO ","n_fornecedores","2023-02",2023-02-01,16,16.3805280478846,-0.380528047884628,FALSE,1.6148,1.3041,0.2156,"","III"
606522,"CAFÉ, APRESENTAÇÃO: TORRADO MOÍDO , INTENSIDADE: INTENSA OU EXTRA FORTE , TIPO: SUPERIOR , EMPACOTAMENTO: VÁCUO ","n_fornecedores","2023-03",2023-03-01,15,18.2723407003614,-3.27234070036142,FALSE,1.6148,1.3041,0.2156,"","III"
606522,"CAFÉ, APRESENTAÇÃO: TORRADO MOÍDO , INTENSIDADE: INTENSA OU EXTRA FORTE , TIPO: SUPERIOR , EMPACOTAMENTO: VÁCUO ","n_fornecedores","2023-04",2023-04-01,20,18.2012108698419,1.79878913015813,FALSE,1.6148,1.3041,0.2156,"","III"
606522,"CAFÉ, APRESENTAÇÃO: TORRADO MOÍDO , INTENSIDADE: INTENSA OU EXTRA FORTE , TIPO: SUPERIOR , EMPACOTAMENTO: VÁCUO ","n_fornecedores","2023-05",2023-05-01,22,17.4922527247404,4.50774727525958,FALSE,1.6148,1.3041,0.2156,"","III"
606522,"CAFÉ, APRESENTAÇÃO: TORRADO MOÍDO , INTENSIDADE: INTENSA OU EXTRA FORTE , TIPO: SUPERIOR , EMPACOTAMENTO: VÁCUO ","n_fornecedores","2023-06",2023-06-01,22,21.5842148178668,0.415785182133217,FALSE,1.6148,1.3041,0.2156,"","III"
606522,"CAFÉ, APRESENTAÇÃO: TORRADO MOÍDO , INTENSIDADE: INTENSA OU EXTRA FORTE , TIPO: SUPERIOR , EMPACOTAMENTO: VÁCUO ","n_fornecedores","2023-07",2023-07-01,12,15.0172153347269,-3.01721533472687,FALSE,1.6148,1.3041,0.2156,"","III"
606522,"CAFÉ, APRESENTAÇÃO: TORRADO MOÍDO , INTENSIDADE: INTENSA OU EXTRA FORTE , TIPO: SUPERIOR , EMPACOTAMENTO: VÁCUO ","n_fornecedores","2023-08",2023-08-01,19,20.8766100915961,-1.87661009159608,TRUE,1.6148,1.3041,0.2156,"","III"
606522,"CAFÉ, APRESENTAÇÃO: TORRADO MOÍDO , INTENSIDADE: INTENSA OU EXTRA FORTE , TIPO: SUPERIOR , EMPACOTAMENTO: VÁCUO ","n_fornecedores","2023-09",2023-09-01,20,14.8662360493406,5.13376395065938,TRUE,1.6148,1.3041,0.2156,"","III"
606522,"CAFÉ, APRESENTAÇÃO: TORRADO MOÍDO , INTENSIDADE: INTENSA OU EXTRA FORTE , TIPO: SUPERIOR , EMPACOTAMENTO: VÁCUO ","n_fornecedores","2023-10",2023-10-01,25,11.5409699382539,13.4590300617461,TRUE,1.6148,1.3041,0.2156,"","III"
606522,"CAFÉ, APRESENTAÇÃO: TORRADO MOÍDO , INTENSIDADE: INTENSA OU EXTRA FORTE , TIPO: SUPERIOR , EMPACOTAMENTO: VÁCUO ","n_fornecedores","2023-11",2023-11-01,20,15.5408121531188,4.45918784688119,TRUE,1.6148,1.3041,0.2156,"","III"
606522,"CAFÉ, APRESENTAÇÃO: TORRADO MOÍDO , INTENSIDADE: INTENSA OU EXTRA FORTE , TIPO: SUPERIOR , EMPACOTAMENTO: VÁCUO ","n_fornecedores","2023-12",2023-12-01,24,22.81904347654,1.18095652346004,TRUE,1.6148,1.3041,0.2156,"","III"
606522,"CAFÉ, APRESENTAÇÃO: TORRADO MOÍDO , INTENSIDADE: INTENSA OU EXTRA FORTE , TIPO: SUPERIOR , EMPACOTAMENTO: VÁCUO ","n_fornecedores","2024-01",2024-01-01,10,9.0945104863305,0.905489513669497,TRUE,1.6148,1.3041,0.2156,"","III"
606522,"CAFÉ, APRESENTAÇÃO: TORRADO MOÍDO , INTENSIDADE: INTENSA OU EXTRA FORTE , TIPO: SUPERIOR , EMPACOTAMENTO: VÁCUO ","n_fornecedores","2024-02",2024-02-01,13,13.3299249154838,-0.329924915483774,TRUE,1.6148,1.3041,0.2156,"","III"
606522,"CAFÉ, APRESENTAÇÃO: TORRADO MOÍDO , INTENSIDADE: INTENSA OU EXTRA FORTE , TIPO: SUPERIOR , EMPACOTAMENTO: VÁCUO ","n_fornecedores","2024-03",2024-03-01,18,11.4348777087894,6.56512229121057,TRUE,1.6148,1.3041,0.2156,"","III"
606522,"CAFÉ, APRESENTAÇÃO: TORRADO MOÍDO , INTENSIDADE: INTENSA OU EXTRA FORTE , TIPO: SUPERIOR , EMPACOTAMENTO: VÁCUO ","n_fornecedores","2024-04",2024-04-01,14,14.7465289593079,-0.746528959307918,TRUE,1.6148,1.3041,0.2156,"","III"
606522,"CAFÉ, APRESENTAÇÃO: TORRADO MOÍDO , INTENSIDADE: INTENSA OU EXTRA FORTE , TIPO: SUPERIOR , EMPACOTAMENTO: VÁCUO ","n_fornecedores","2024-05",2024-05-01,18,11.2059266816243,6.79407331837566,TRUE,1.6148,1.3041,0.2156,"","III"
606522,"CAFÉ, APRESENTAÇÃO: TORRADO MOÍDO , INTENSIDADE: INTENSA OU EXTRA FORTE , TIPO: SUPERIOR , EMPACOTAMENTO: VÁCUO ","n_fornecedores","2024-06",2024-06-01,16,13.7033331056027,2.29666689439728,TRUE,1.6148,1.3041,0.2156,"","III"
606522,"CAFÉ, APRESENTAÇÃO: TORRADO MOÍDO , INTENSIDADE: INTENSA OU EXTRA FORTE , TIPO: SUPERIOR , EMPACOTAMENTO: VÁCUO ","n_fornecedores","2024-07",2024-07-01,24,18.1629507113987,5.83704928860132,TRUE,1.6148,1.3041,0.2156,"","III"
606522,"CAFÉ, APRESENTAÇÃO: TORRADO MOÍDO , INTENSIDADE: INTENSA OU EXTRA FORTE , TIPO: SUPERIOR , EMPACOTAMENTO: VÁCUO ","n_fornecedores","2024-08",2024-08-01,18,16.6388657013989,1.36113429860108,TRUE,1.6148,1.3041,0.2156,"","III"
606522,"CAFÉ, APRESENTAÇÃO: TORRADO MOÍDO , INTENSIDADE: INTENSA OU EXTRA FORTE , TIPO: SUPERIOR , EMPACOTAMENTO: VÁCUO ","n_fornecedores","2024-09",2024-09-01,18,15.9303097158412,2.06969028415875,TRUE,1.6148,1.3041,0.2156,"","III"
606522,"CAFÉ, APRESENTAÇÃO: TORRADO MOÍDO , INTENSIDADE: INTENSA OU EXTRA FORTE , TIPO: SUPERIOR , EMPACOTAMENTO: VÁCUO ","n_fornecedores","2024-10",2024-10-01,27,19.6069317374057,7.39306826259427,TRUE,1.6148,1.3041,0.2156,"","III"
606522,"CAFÉ, APRESENTAÇÃO: TORRADO MOÍDO , INTENSIDADE: INTENSA OU EXTRA FORTE , TIPO: SUPERIOR , EMPACOTAMENTO: VÁCUO ","n_fornecedores","2024-11",2024-11-01,14,18.866029357652,-4.86602935765203,TRUE,1.6148,1.3041,0.2156,"","III"
606522,"CAFÉ, APRESENTAÇÃO: TORRADO MOÍDO , INTENSIDADE: INTENSA OU EXTRA FORTE , TIPO: SUPERIOR , EMPACOTAMENTO: VÁCUO ","n_fornecedores","2024-12",2024-12-01,16,21.5673584713248,-5.56735847132482,TRUE,1.6148,1.3041,0.2156,"","III"
606522,"CAFÉ, APRESENTAÇÃO: TORRADO MOÍDO , INTENSIDADE: INTENSA OU EXTRA FORTE , TIPO: SUPERIOR , EMPACOTAMENTO: VÁCUO ","n_fornecedores","2025-01",2025-01-01,14,13.4385918280791,0.561408171920885,TRUE,1.6148,1.3041,0.2156,"","III"
606522,"CAFÉ, APRESENTAÇÃO: TORRADO MOÍDO , INTENSIDADE: INTENSA OU EXTRA FORTE , TIPO: SUPERIOR , EMPACOTAMENTO: VÁCUO ","n_fornecedores","2025-02",2025-02-01,15,10.8910509334005,4.1089490665995,TRUE,1.6148,1.3041,0.2156,"","III"
606522,"CAFÉ, APRESENTAÇÃO: TORRADO MOÍDO , INTENSIDADE: INTENSA OU EXTRA FORTE , TIPO: SUPERIOR , EMPACOTAMENTO: VÁCUO ","n_fornecedores","2025-03",2025-03-01,3,12.7714042039171,-9.7714042039171,TRUE,1.6148,1.3041,0.2156,"","III"
606522,"CAFÉ, APRESENTAÇÃO: TORRADO MOÍDO , INTENSIDADE: INTENSA OU EXTRA FORTE , TIPO: SUPERIOR , EMPACOTAMENTO: VÁCUO ","n_fornecedores","2025-04",2025-04-01,21,18.7483306247382,2.25166937526181,TRUE,1.6148,1.3041,0.2156,"","III"
606522,"CAFÉ, APRESENTAÇÃO: TORRADO MOÍDO , INTENSIDADE: INTENSA OU EXTRA FORTE , TIPO: SUPERIOR , EMPACOTAMENTO: VÁCUO ","n_fornecedores","2025-05",2025-05-01,17,16.3310938195405,0.668906180459469,TRUE,1.6148,1.3041,0.2156,"","III"
606522,"CAFÉ, APRESENTAÇÃO: TORRADO MOÍDO , INTENSIDADE: INTENSA OU EXTRA FORTE , TIPO: SUPERIOR , EMPACOTAMENTO: VÁCUO ","n_fornecedores","2025-06",2025-06-01,25,12.5859583508933,12.4140416491067,TRUE,1.6148,1.3041,0.2156,"","III"
606522,"CAFÉ, APRESENTAÇÃO: TORRADO MOÍDO , INTENSIDADE: INTENSA OU EXTRA FORTE , TIPO: SUPERIOR , EMPACOTAMENTO: VÁCUO ","n_fornecedores","2025-07",2025-07-01,15,14.4698071672091,0.530192832790888,TRUE,1.6148,1.3041,0.2156,"","III"
606522,"CAFÉ, APRESENTAÇÃO: TORRADO MOÍDO , INTENSIDADE: INTENSA OU EXTRA FORTE , TIPO: SUPERIOR , EMPACOTAMENTO: VÁCUO ","n_fornecedores","2025-08",2025-08-01,15,20.5042454420813,-5.50424544208129,TRUE,1.6148,1.3041,0.2156,"","III"
606522,"CAFÉ, APRESENTAÇÃO: TORRADO MOÍDO , INTENSIDADE: INTENSA OU EXTRA FORTE , TIPO: SUPERIOR , EMPACOTAMENTO: VÁCUO ","n_fornecedores","2025-09",2025-09-01,18,19.4718649963044,-1.47186499630436,TRUE,1.6148,1.3041,0.2156,"","III"
606522,"CAFÉ, APRESENTAÇÃO: TORRADO MOÍDO , INTENSIDADE: INTENSA OU EXTRA FORTE , TIPO: SUPERIOR , EMPACOTAMENTO: VÁCUO ","n_fornecedores","2025-10",2025-10-01,16,19.4472279565819,-3.4472279565819,TRUE,1.6148,1.3041,0.2156,"","III"
606522,"CAFÉ, APRESENTAÇÃO: TORRADO MOÍDO , INTENSIDADE: INTENSA OU EXTRA FORTE , TIPO: SUPERIOR , EMPACOTAMENTO: VÁCUO ","n_fornecedores","2025-11",2025-11-01,16,16.4302262765879,-0.430226276587902,TRUE,1.6148,1.3041,0.2156,"","III"
606522,"CAFÉ, APRESENTAÇÃO: TORRADO MOÍDO , INTENSIDADE: INTENSA OU EXTRA FORTE , TIPO: SUPERIOR , EMPACOTAMENTO: VÁCUO ","n_fornecedores","2025-12",2025-12-01,24,21.1510433979789,2.84895660202113,TRUE,1.6148,1.3041,0.2156,"","III"
606523,"CAFÉ, APRESENTAÇÃO: TORRADO EM GRÃO , INTENSIDADE: MÉDIA , TIPO: TRADICIONAL ","median_preco","2021-12",2021-12-01,28.9,29.5258921066633,-0.625892106663311,FALSE,11.0991,2.9172,1e-04,"***","I"
606523,"CAFÉ, APRESENTAÇÃO: TORRADO EM GRÃO , INTENSIDADE: MÉDIA , TIPO: TRADICIONAL ","median_preco","2022-01",2022-01-01,32.36,32.3053148015722,0.0546851984277552,FALSE,11.0991,2.9172,1e-04,"***","I"
606523,"CAFÉ, APRESENTAÇÃO: TORRADO EM GRÃO , INTENSIDADE: MÉDIA , TIPO: TRADICIONAL ","median_preco","2022-02",2022-02-01,31.59,31.16041164967,0.429588350329983,FALSE,11.0991,2.9172,1e-04,"***","I"
606523,"CAFÉ, APRESENTAÇÃO: TORRADO EM GRÃO , INTENSIDADE: MÉDIA , TIPO: TRADICIONAL ","median_preco","2022-03",2022-03-01,32.2,31.8022840625427,0.397715937457352,FALSE,11.0991,2.9172,1e-04,"***","I"
606523,"CAFÉ, APRESENTAÇÃO: TORRADO EM GRÃO , INTENSIDADE: MÉDIA , TIPO: TRADICIONAL ","median_preco","2022-04",2022-04-01,31,30.6197657753942,0.380234224605829,FALSE,11.0991,2.9172,1e-04,"***","I"
606523,"CAFÉ, APRESENTAÇÃO: TORRADO EM GRÃO , INTENSIDADE: MÉDIA , TIPO: TRADICIONAL ","median_preco","2022-05",2022-05-01,32.16,32.2576257756095,-0.0976257756095436,FALSE,11.0991,2.9172,1e-04,"***","I"
606523,"CAFÉ, APRESENTAÇÃO: TORRADO EM GRÃO , INTENSIDADE: MÉDIA , TIPO: TRADICIONAL ","median_preco","2022-06",2022-06-01,32.5668,32.9520519077928,-0.385251907792771,FALSE,11.0991,2.9172,1e-04,"***","I"
606523,"CAFÉ, APRESENTAÇÃO: TORRADO EM GRÃO , INTENSIDADE: MÉDIA , TIPO: TRADICIONAL ","median_preco","2022-07",2022-07-01,32,31.7402860638942,0.259713936105832,FALSE,11.0991,2.9172,1e-04,"***","I"
606523,"CAFÉ, APRESENTAÇÃO: TORRADO EM GRÃO , INTENSIDADE: MÉDIA , TIPO: TRADICIONAL ","median_preco","2022-08",2022-08-01,33.26,32.751141449869,0.508858550131038,FALSE,11.0991,2.9172,1e-04,"***","I"
606523,"CAFÉ, APRESENTAÇÃO: TORRADO EM GRÃO , INTENSIDADE: MÉDIA , TIPO: TRADICIONAL ","median_preco","2022-09",2022-09-01,33.92,33.7030833063329,0.216916693667102,FALSE,11.0991,2.9172,1e-04,"***","I"
606523,"CAFÉ, APRESENTAÇÃO: TORRADO EM GRÃO , INTENSIDADE: MÉDIA , TIPO: TRADICIONAL ","median_preco","2022-10",2022-10-01,34.78,34.3534249005147,0.426575099485284,FALSE,11.0991,2.9172,1e-04,"***","I"
606523,"CAFÉ, APRESENTAÇÃO: TORRADO EM GRÃO , INTENSIDADE: MÉDIA , TIPO: TRADICIONAL ","median_preco","2022-11",2022-11-01,30.05,29.9106514521054,0.139348547894592,FALSE,11.0991,2.9172,1e-04,"***","I"
606523,"CAFÉ, APRESENTAÇÃO: TORRADO EM GRÃO , INTENSIDADE: MÉDIA , TIPO: TRADICIONAL ","median_preco","2022-12",2022-12-01,31.89,32.0530833448284,-0.163083344828429,FALSE,11.0991,2.9172,1e-04,"***","I"
606523,"CAFÉ, APRESENTAÇÃO: TORRADO EM GRÃO , INTENSIDADE: MÉDIA , TIPO: TRADICIONAL ","median_preco","2023-01",2023-01-01,28.7,29.4266069396929,-0.726606939692939,FALSE,11.0991,2.9172,1e-04,"***","I"
606523,"CAFÉ, APRESENTAÇÃO: TORRADO EM GRÃO , INTENSIDADE: MÉDIA , TIPO: TRADICIONAL ","median_preco","2023-02",2023-02-01,30.98,30.926775724137,0.0532242758629664,FALSE,11.0991,2.9172,1e-04,"***","I"
606523,"CAFÉ, APRESENTAÇÃO: TORRADO EM GRÃO , INTENSIDADE: MÉDIA , TIPO: TRADICIONAL ","median_preco","2023-03",2023-03-01,30.4,31.2217928809898,-0.821792880989825,FALSE,11.0991,2.9172,1e-04,"***","I"
606523,"CAFÉ, APRESENTAÇÃO: TORRADO EM GRÃO , INTENSIDADE: MÉDIA , TIPO: TRADICIONAL ","median_preco","2023-04",2023-04-01,30.15,30.0051986548148,0.144801345185204,FALSE,11.0991,2.9172,1e-04,"***","I"
606523,"CAFÉ, APRESENTAÇÃO: TORRADO EM GRÃO , INTENSIDADE: MÉDIA , TIPO: TRADICIONAL ","median_preco","2023-05",2023-05-01,32,32.0535267201415,-0.0535267201414555,FALSE,11.0991,2.9172,1e-04,"***","I"
606523,"CAFÉ, APRESENTAÇÃO: TORRADO EM GRÃO , INTENSIDADE: MÉDIA , TIPO: TRADICIONAL ","median_preco","2023-06",2023-06-01,31.76,31.3344214223306,0.425578577669356,FALSE,11.0991,2.9172,1e-04,"***","I"
606523,"CAFÉ, APRESENTAÇÃO: TORRADO EM GRÃO , INTENSIDADE: MÉDIA , TIPO: TRADICIONAL ","median_preco","2023-07",2023-07-01,30.77,31.5066314252844,-0.736631425284404,FALSE,11.0991,2.9172,1e-04,"***","I"
606523,"CAFÉ, APRESENTAÇÃO: TORRADO EM GRÃO , INTENSIDADE: MÉDIA , TIPO: TRADICIONAL ","median_preco","2023-08",2023-08-01,30.88,32.0835365451321,-1.20353654513207,TRUE,11.0991,2.9172,1e-04,"***","I"
606523,"CAFÉ, APRESENTAÇÃO: TORRADO EM GRÃO , INTENSIDADE: MÉDIA , TIPO: TRADICIONAL ","median_preco","2023-09",2023-09-01,26.4,31.6328757321514,-5.23287573215137,TRUE,11.0991,2.9172,1e-04,"***","I"
606523,"CAFÉ, APRESENTAÇÃO: TORRADO EM GRÃO , INTENSIDADE: MÉDIA , TIPO: TRADICIONAL ","median_preco","2023-10",2023-10-01,28.78,27.7415160098938,1.03848399010623,TRUE,11.0991,2.9172,1e-04,"***","I"
606523,"CAFÉ, APRESENTAÇÃO: TORRADO EM GRÃO , INTENSIDADE: MÉDIA , TIPO: TRADICIONAL ","median_preco","2023-11",2023-11-01,27.98,29.8152594607767,-1.83525946077674,TRUE,11.0991,2.9172,1e-04,"***","I"
606523,"CAFÉ, APRESENTAÇÃO: TORRADO EM GRÃO , INTENSIDADE: MÉDIA , TIPO: TRADICIONAL ","median_preco","2023-12",2023-12-01,27.9,30.1086278604315,-2.20862786043154,TRUE,11.0991,2.9172,1e-04,"***","I"
606523,"CAFÉ, APRESENTAÇÃO: TORRADO EM GRÃO , INTENSIDADE: MÉDIA , TIPO: TRADICIONAL ","median_preco","2024-01",2024-01-01,31.8,29.2943933063183,2.50560669368166,TRUE,11.0991,2.9172,1e-04,"***","I"
606523,"CAFÉ, APRESENTAÇÃO: TORRADO EM GRÃO , INTENSIDADE: MÉDIA , TIPO: TRADICIONAL ","median_preco","2024-02",2024-02-01,27.995,28.5540683658876,-0.559068365887619,TRUE,11.0991,2.9172,1e-04,"***","I"
606523,"CAFÉ, APRESENTAÇÃO: TORRADO EM GRÃO , INTENSIDADE: MÉDIA , TIPO: TRADICIONAL ","median_preco","2024-03",2024-03-01,26.365,29.8572086358917,-3.49220863589169,TRUE,11.0991,2.9172,1e-04,"***","I"
606523,"CAFÉ, APRESENTAÇÃO: TORRADO EM GRÃO , INTENSIDADE: MÉDIA , TIPO: TRADICIONAL ","median_preco","2024-04",2024-04-01,31.56,30.4089416304077,1.15105836959228,TRUE,11.0991,2.9172,1e-04,"***","I"
606523,"CAFÉ, APRESENTAÇÃO: TORRADO EM GRÃO , INTENSIDADE: MÉDIA , TIPO: TRADICIONAL ","median_preco","2024-05",2024-05-01,28.88,28.6867108702557,0.19328912974429,TRUE,11.0991,2.9172,1e-04,"***","I"
606523,"CAFÉ, APRESENTAÇÃO: TORRADO EM GRÃO , INTENSIDADE: MÉDIA , TIPO: TRADICIONAL ","median_preco","2024-06",2024-06-01,27.29,28.3400260151483,-1.05002601514825,TRUE,11.0991,2.9172,1e-04,"***","I"
606523,"CAFÉ, APRESENTAÇÃO: TORRADO EM GRÃO , INTENSIDADE: MÉDIA , TIPO: TRADICIONAL ","median_preco","2024-07",2024-07-01,30.9,28.8704600833761,2.02953991662388,TRUE,11.0991,2.9172,1e-04,"***","I"
606523,"CAFÉ, APRESENTAÇÃO: TORRADO EM GRÃO , INTENSIDADE: MÉDIA , TIPO: TRADICIONAL ","median_preco","2024-08",2024-08-01,34.3,31.9758439213144,2.32415607868559,TRUE,11.0991,2.9172,1e-04,"***","I"
606523,"CAFÉ, APRESENTAÇÃO: TORRADO EM GRÃO , INTENSIDADE: MÉDIA , TIPO: TRADICIONAL ","median_preco","2024-09",2024-09-01,33.96,29.9359475110385,4.02405248896152,TRUE,11.0991,2.9172,1e-04,"***","I"
606523,"CAFÉ, APRESENTAÇÃO: TORRADO EM GRÃO , INTENSIDADE: MÉDIA , TIPO: TRADICIONAL ","median_preco","2024-10",2024-10-01,35.49,29.4412081187369,6.04879188126314,TRUE,11.0991,2.9172,1e-04,"***","I"
606523,"CAFÉ, APRESENTAÇÃO: TORRADO EM GRÃO , INTENSIDADE: MÉDIA , TIPO: TRADICIONAL ","median_preco","2024-11",2024-11-01,40.44,30.6110577474426,9.82894225255744,TRUE,11.0991,2.9172,1e-04,"***","I"
606523,"CAFÉ, APRESENTAÇÃO: TORRADO EM GRÃO , INTENSIDADE: MÉDIA , TIPO: TRADICIONAL ","median_preco","2024-12",2024-12-01,44.48,32.7961933193309,11.6838066806691,TRUE,11.0991,2.9172,1e-04,"***","I"
606523,"CAFÉ, APRESENTAÇÃO: TORRADO EM GRÃO , INTENSIDADE: MÉDIA , TIPO: TRADICIONAL ","median_preco","2025-01",2025-01-01,45.88,32.8843176102053,12.9956823897947,TRUE,11.0991,2.9172,1e-04,"***","I"
606523,"CAFÉ, APRESENTAÇÃO: TORRADO EM GRÃO , INTENSIDADE: MÉDIA , TIPO: TRADICIONAL ","median_preco","2025-02",2025-02-01,47.7,28.9490389149391,18.7509610850609,TRUE,11.0991,2.9172,1e-04,"***","I"
606523,"CAFÉ, APRESENTAÇÃO: TORRADO EM GRÃO , INTENSIDADE: MÉDIA , TIPO: TRADICIONAL ","median_preco","2025-03",2025-03-01,56.1,32.7022939028384,23.3977060971616,TRUE,11.0991,2.9172,1e-04,"***","I"
606523,"CAFÉ, APRESENTAÇÃO: TORRADO EM GRÃO , INTENSIDADE: MÉDIA , TIPO: TRADICIONAL ","median_preco","2025-04",2025-04-01,57.8,32.6654795321336,25.1345204678664,TRUE,11.0991,2.9172,1e-04,"***","I"
606523,"CAFÉ, APRESENTAÇÃO: TORRADO EM GRÃO , INTENSIDADE: MÉDIA , TIPO: TRADICIONAL ","median_preco","2025-05",2025-05-01,63.99,33.6023865275502,30.3876134724498,TRUE,11.0991,2.9172,1e-04,"***","I"
606523,"CAFÉ, APRESENTAÇÃO: TORRADO EM GRÃO , INTENSIDADE: MÉDIA , TIPO: TRADICIONAL ","median_preco","2025-06",2025-06-01,63.21,34.5993544370431,28.6106455629569,TRUE,11.0991,2.9172,1e-04,"***","I"
606523,"CAFÉ, APRESENTAÇÃO: TORRADO EM GRÃO , INTENSIDADE: MÉDIA , TIPO: TRADICIONAL ","median_preco","2025-07",2025-07-01,62.16,33.7594115084978,28.4005884915022,TRUE,11.0991,2.9172,1e-04,"***","I"
606523,"CAFÉ, APRESENTAÇÃO: TORRADO EM GRÃO , INTENSIDADE: MÉDIA , TIPO: TRADICIONAL ","median_preco","2025-08",2025-08-01,58.14,33.0810349183442,25.0589650816558,TRUE,11.0991,2.9172,1e-04,"***","I"
606523,"CAFÉ, APRESENTAÇÃO: TORRADO EM GRÃO , INTENSIDADE: MÉDIA , TIPO: TRADICIONAL ","median_preco","2025-09",2025-09-01,63.84,33.2175649024402,30.6224350975598,TRUE,11.0991,2.9172,1e-04,"***","I"
606523,"CAFÉ, APRESENTAÇÃO: TORRADO EM GRÃO , INTENSIDADE: MÉDIA , TIPO: TRADICIONAL ","median_preco","2025-10",2025-10-01,56.48,34.0622505959095,22.4177494040905,TRUE,11.0991,2.9172,1e-04,"***","I"
606523,"CAFÉ, APRESENTAÇÃO: TORRADO EM GRÃO , INTENSIDADE: MÉDIA , TIPO: TRADICIONAL ","median_preco","2025-11",2025-11-01,60.69,35.1754373080067,25.5145626919933,TRUE,11.0991,2.9172,1e-04,"***","I"
606523,"CAFÉ, APRESENTAÇÃO: TORRADO EM GRÃO , INTENSIDADE: MÉDIA , TIPO: TRADICIONAL ","median_preco","2025-12",2025-12-01,56.09,30.7531121903241,25.3368878096759,TRUE,11.0991,2.9172,1e-04,"***","I"
606523,"CAFÉ, APRESENTAÇÃO: TORRADO EM GRÃO , INTENSIDADE: MÉDIA , TIPO: TRADICIONAL ","n_combinacoes_unidade","2021-12",2021-12-01,7,6.95669897422462,0.0433010257753752,FALSE,0.326,0.5245,0.5342,"","II"
606523,"CAFÉ, APRESENTAÇÃO: TORRADO EM GRÃO , INTENSIDADE: MÉDIA , TIPO: TRADICIONAL ","n_combinacoes_unidade","2022-01",2022-01-01,6,5.50240035240229,0.497599647597712,FALSE,0.326,0.5245,0.5342,"","II"
606523,"CAFÉ, APRESENTAÇÃO: TORRADO EM GRÃO , INTENSIDADE: MÉDIA , TIPO: TRADICIONAL ","n_combinacoes_unidade","2022-02",2022-02-01,7,6.67046659171414,0.329533408285861,FALSE,0.326,0.5245,0.5342,"","II"
606523,"CAFÉ, APRESENTAÇÃO: TORRADO EM GRÃO , INTENSIDADE: MÉDIA , TIPO: TRADICIONAL ","n_combinacoes_unidade","2022-03",2022-03-01,6,6.3436264243972,-0.343626424397198,FALSE,0.326,0.5245,0.5342,"","II"
606523,"CAFÉ, APRESENTAÇÃO: TORRADO EM GRÃO , INTENSIDADE: MÉDIA , TIPO: TRADICIONAL ","n_combinacoes_unidade","2022-04",2022-04-01,4,5.38924844369693,-1.38924844369693,FALSE,0.326,0.5245,0.5342,"","II"
606523,"CAFÉ, APRESENTAÇÃO: TORRADO EM GRÃO , INTENSIDADE: MÉDIA , TIPO: TRADICIONAL ","n_combinacoes_unidade","2022-05",2022-05-01,6,5.86738671300059,0.132613286999407,FALSE,0.326,0.5245,0.5342,"","II"
606523,"CAFÉ, APRESENTAÇÃO: TORRADO EM GRÃO , INTENSIDADE: MÉDIA , TIPO: TRADICIONAL ","n_combinacoes_unidade","2022-06",2022-06-01,7,6.9959552681321,0.00404473186789733,FALSE,0.326,0.5245,0.5342,"","II"
606523,"CAFÉ, APRESENTAÇÃO: TORRADO EM GRÃO , INTENSIDADE: MÉDIA , TIPO: TRADICIONAL ","n_combinacoes_unidade","2022-07",2022-07-01,6,5.8450018832266,0.154998116773403,FALSE,0.326,0.5245,0.5342,"","II"
606523,"CAFÉ, APRESENTAÇÃO: TORRADO EM GRÃO , INTENSIDADE: MÉDIA , TIPO: TRADICIONAL ","n_combinacoes_unidade","2022-08",2022-08-01,7,6.84927009518552,0.150729904814477,FALSE,0.326,0.5245,0.5342,"","II"
606523,"CAFÉ, APRESENTAÇÃO: TORRADO EM GRÃO , INTENSIDADE: MÉDIA , TIPO: TRADICIONAL ","n_combinacoes_unidade","2022-09",2022-09-01,5,5.28525538291786,-0.28525538291786,FALSE,0.326,0.5245,0.5342,"","II"
606523,"CAFÉ, APRESENTAÇÃO: TORRADO EM GRÃO , INTENSIDADE: MÉDIA , TIPO: TRADICIONAL ","n_combinacoes_unidade","2022-10",2022-10-01,6,5.91352424096978,0.0864757590302165,FALSE,0.326,0.5245,0.5342,"","II"
606523,"CAFÉ, APRESENTAÇÃO: TORRADO EM GRÃO , INTENSIDADE: MÉDIA , TIPO: TRADICIONAL ","n_combinacoes_unidade","2022-11",2022-11-01,6,6.66786696492453,-0.667866964924532,FALSE,0.326,0.5245,0.5342,"","II"
606523,"CAFÉ, APRESENTAÇÃO: TORRADO EM GRÃO , INTENSIDADE: MÉDIA , TIPO: TRADICIONAL ","n_combinacoes_unidade","2022-12",2022-12-01,6,6.03289931971854,-0.0328993197185365,FALSE,0.326,0.5245,0.5342,"","II"
606523,"CAFÉ, APRESENTAÇÃO: TORRADO EM GRÃO , INTENSIDADE: MÉDIA , TIPO: TRADICIONAL ","n_combinacoes_unidade","2023-01",2023-01-01,6,5.61392208184293,0.386077918157071,FALSE,0.326,0.5245,0.5342,"","II"
606523,"CAFÉ, APRESENTAÇÃO: TORRADO EM GRÃO , INTENSIDADE: MÉDIA , TIPO: TRADICIONAL ","n_combinacoes_unidade","2023-02",2023-02-01,8,6.6054902688642,1.3945097311358,FALSE,0.326,0.5245,0.5342,"","II"
606523,"CAFÉ, APRESENTAÇÃO: TORRADO EM GRÃO , INTENSIDADE: MÉDIA , TIPO: TRADICIONAL ","n_combinacoes_unidade","2023-03",2023-03-01,6,6.23606984861809,-0.236069848618086,FALSE,0.326,0.5245,0.5342,"","II"
606523,"CAFÉ, APRESENTAÇÃO: TORRADO EM GRÃO , INTENSIDADE: MÉDIA , TIPO: TRADICIONAL ","n_combinacoes_unidade","2023-04",2023-04-01,6,5.98038481563751,0.0196151843624923,FALSE,0.326,0.5245,0.5342,"","II"
606523,"CAFÉ, APRESENTAÇÃO: TORRADO EM GRÃO , INTENSIDADE: MÉDIA , TIPO: TRADICIONAL ","n_combinacoes_unidade","2023-05",2023-05-01,6,5.64962975108624,0.350370248913758,FALSE,0.326,0.5245,0.5342,"","II"
606523,"CAFÉ, APRESENTAÇÃO: TORRADO EM GRÃO , INTENSIDADE: MÉDIA , TIPO: TRADICIONAL ","n_combinacoes_unidade","2023-06",2023-06-01,6,6.12904157269854,-0.129041572698536,FALSE,0.326,0.5245,0.5342,"","II"
606523,"CAFÉ, APRESENTAÇÃO: TORRADO EM GRÃO , INTENSIDADE: MÉDIA , TIPO: TRADICIONAL ","n_combinacoes_unidade","2023-07",2023-07-01,6,6.10009755932898,-0.100097559328977,FALSE,0.326,0.5245,0.5342,"","II"
606523,"CAFÉ, APRESENTAÇÃO: TORRADO EM GRÃO , INTENSIDADE: MÉDIA , TIPO: TRADICIONAL ","n_combinacoes_unidade","2023-08",2023-08-01,6,6.25422998934215,-0.254229989342154,TRUE,0.326,0.5245,0.5342,"","II"
606523,"CAFÉ, APRESENTAÇÃO: TORRADO EM GRÃO , INTENSIDADE: MÉDIA , TIPO: TRADICIONAL ","n_combinacoes_unidade","2023-09",2023-09-01,5,6.06442843260814,-1.06442843260814,TRUE,0.326,0.5245,0.5342,"","II"
606523,"CAFÉ, APRESENTAÇÃO: TORRADO EM GRÃO , INTENSIDADE: MÉDIA , TIPO: TRADICIONAL ","n_combinacoes_unidade","2023-10",2023-10-01,7,5.69532141165922,1.30467858834078,TRUE,0.326,0.5245,0.5342,"","II"
606523,"CAFÉ, APRESENTAÇÃO: TORRADO EM GRÃO , INTENSIDADE: MÉDIA , TIPO: TRADICIONAL ","n_combinacoes_unidade","2023-11",2023-11-01,6,5.41113498550743,0.588865014492574,TRUE,0.326,0.5245,0.5342,"","II"
606523,"CAFÉ, APRESENTAÇÃO: TORRADO EM GRÃO , INTENSIDADE: MÉDIA , TIPO: TRADICIONAL ","n_combinacoes_unidade","2023-12",2023-12-01,6,6.13707411144684,-0.137074111446835,TRUE,0.326,0.5245,0.5342,"","II"
606523,"CAFÉ, APRESENTAÇÃO: TORRADO EM GRÃO , INTENSIDADE: MÉDIA , TIPO: TRADICIONAL ","n_combinacoes_unidade","2024-01",2024-01-01,5,5.87257812439973,-0.872578124399734,TRUE,0.326,0.5245,0.5342,"","II"
606523,"CAFÉ, APRESENTAÇÃO: TORRADO EM GRÃO , INTENSIDADE: MÉDIA , TIPO: TRADICIONAL ","n_combinacoes_unidade","2024-02",2024-02-01,5,6.35160789884926,-1.35160789884926,TRUE,0.326,0.5245,0.5342,"","II"
606523,"CAFÉ, APRESENTAÇÃO: TORRADO EM GRÃO , INTENSIDADE: MÉDIA , TIPO: TRADICIONAL ","n_combinacoes_unidade","2024-03",2024-03-01,5,4.9757303684384,0.0242696315615962,TRUE,0.326,0.5245,0.5342,"","II"
606523,"CAFÉ, APRESENTAÇÃO: TORRADO EM GRÃO , INTENSIDADE: MÉDIA , TIPO: TRADICIONAL ","n_combinacoes_unidade","2024-04",2024-04-01,7,5.79468567284449,1.20531432715551,TRUE,0.326,0.5245,0.5342,"","II"
606523,"CAFÉ, APRESENTAÇÃO: TORRADO EM GRÃO , INTENSIDADE: MÉDIA , TIPO: TRADICIONAL ","n_combinacoes_unidade","2024-05",2024-05-01,5,5.12537590906305,-0.125375909063045,TRUE,0.326,0.5245,0.5342,"","II"
606523,"CAFÉ, APRESENTAÇÃO: TORRADO EM GRÃO , INTENSIDADE: MÉDIA , TIPO: TRADICIONAL ","n_combinacoes_unidade","2024-06",2024-06-01,5,6.31831783264182,-1.31831783264182,TRUE,0.326,0.5245,0.5342,"","II"
606523,"CAFÉ, APRESENTAÇÃO: TORRADO EM GRÃO , INTENSIDADE: MÉDIA , TIPO: TRADICIONAL ","n_combinacoes_unidade","2024-07",2024-07-01,6,5.88097593221876,0.119024067781242,TRUE,0.326,0.5245,0.5342,"","II"
606523,"CAFÉ, APRESENTAÇÃO: TORRADO EM GRÃO , INTENSIDADE: MÉDIA , TIPO: TRADICIONAL ","n_combinacoes_unidade","2024-08",2024-08-01,5,6.10106777036223,-1.10106777036223,TRUE,0.326,0.5245,0.5342,"","II"
606523,"CAFÉ, APRESENTAÇÃO: TORRADO EM GRÃO , INTENSIDADE: MÉDIA , TIPO: TRADICIONAL ","n_combinacoes_unidade","2024-09",2024-09-01,7,6.59970156337495,0.400298436625054,TRUE,0.326,0.5245,0.5342,"","II"
606523,"CAFÉ, APRESENTAÇÃO: TORRADO EM GRÃO , INTENSIDADE: MÉDIA , TIPO: TRADICIONAL ","n_combinacoes_unidade","2024-10",2024-10-01,6,5.66262205094068,0.337377949059317,TRUE,0.326,0.5245,0.5342,"","II"
606523,"CAFÉ, APRESENTAÇÃO: TORRADO EM GRÃO , INTENSIDADE: MÉDIA , TIPO: TRADICIONAL ","n_combinacoes_unidade","2024-11",2024-11-01,7,6.49688736206661,0.503112637933393,TRUE,0.326,0.5245,0.5342,"","II"
606523,"CAFÉ, APRESENTAÇÃO: TORRADO EM GRÃO , INTENSIDADE: MÉDIA , TIPO: TRADICIONAL ","n_combinacoes_unidade","2024-12",2024-12-01,6,5.84254650723206,0.157453492767945,TRUE,0.326,0.5245,0.5342,"","II"
606523,"CAFÉ, APRESENTAÇÃO: TORRADO EM GRÃO , INTENSIDADE: MÉDIA , TIPO: TRADICIONAL ","n_combinacoes_unidade","2025-01",2025-01-01,6,5.27765238889513,0.722347611104865,TRUE,0.326,0.5245,0.5342,"","II"
606523,"CAFÉ, APRESENTAÇÃO: TORRADO EM GRÃO , INTENSIDADE: MÉDIA , TIPO: TRADICIONAL ","n_combinacoes_unidade","2025-02",2025-02-01,8,5.74784347175839,2.25215652824161,TRUE,0.326,0.5245,0.5342,"","II"
606523,"CAFÉ, APRESENTAÇÃO: TORRADO EM GRÃO , INTENSIDADE: MÉDIA , TIPO: TRADICIONAL ","n_combinacoes_unidade","2025-03",2025-03-01,6,5.27357360888075,0.726426391119249,TRUE,0.326,0.5245,0.5342,"","II"
606523,"CAFÉ, APRESENTAÇÃO: TORRADO EM GRÃO , INTENSIDADE: MÉDIA , TIPO: TRADICIONAL ","n_combinacoes_unidade","2025-04",2025-04-01,7,5.79142645775051,1.20857354224949,TRUE,0.326,0.5245,0.5342,"","II"
606523,"CAFÉ, APRESENTAÇÃO: TORRADO EM GRÃO , INTENSIDADE: MÉDIA , TIPO: TRADICIONAL ","n_combinacoes_unidade","2025-05",2025-05-01,6,5.40354271979759,0.596457280202409,TRUE,0.326,0.5245,0.5342,"","II"
606523,"CAFÉ, APRESENTAÇÃO: TORRADO EM GRÃO , INTENSIDADE: MÉDIA , TIPO: TRADICIONAL ","n_combinacoes_unidade","2025-06",2025-06-01,7,5.54625933283767,1.45374066716233,TRUE,0.326,0.5245,0.5342,"","II"
606523,"CAFÉ, APRESENTAÇÃO: TORRADO EM GRÃO , INTENSIDADE: MÉDIA , TIPO: TRADICIONAL ","n_combinacoes_unidade","2025-07",2025-07-01,7,5.1059536964555,1.8940463035445,TRUE,0.326,0.5245,0.5342,"","II"
606523,"CAFÉ, APRESENTAÇÃO: TORRADO EM GRÃO , INTENSIDADE: MÉDIA , TIPO: TRADICIONAL ","n_combinacoes_unidade","2025-08",2025-08-01,6,5.64577244617619,0.354227553823811,TRUE,0.326,0.5245,0.5342,"","II"
606523,"CAFÉ, APRESENTAÇÃO: TORRADO EM GRÃO , INTENSIDADE: MÉDIA , TIPO: TRADICIONAL ","n_combinacoes_unidade","2025-09",2025-09-01,6,5.7930276850556,0.206972314944399,TRUE,0.326,0.5245,0.5342,"","II"
606523,"CAFÉ, APRESENTAÇÃO: TORRADO EM GRÃO , INTENSIDADE: MÉDIA , TIPO: TRADICIONAL ","n_combinacoes_unidade","2025-10",2025-10-01,7,5.8744164235228,1.1255835764772,TRUE,0.326,0.5245,0.5342,"","II"
606523,"CAFÉ, APRESENTAÇÃO: TORRADO EM GRÃO , INTENSIDADE: MÉDIA , TIPO: TRADICIONAL ","n_combinacoes_unidade","2025-11",2025-11-01,6,5.77696814399722,0.223031856002776,TRUE,0.326,0.5245,0.5342,"","II"
606523,"CAFÉ, APRESENTAÇÃO: TORRADO EM GRÃO , INTENSIDADE: MÉDIA , TIPO: TRADICIONAL ","n_combinacoes_unidade","2025-12",2025-12-01,6,5.72461595002487,0.275384049975128,TRUE,0.326,0.5245,0.5342,"","II"
606523,"CAFÉ, APRESENTAÇÃO: TORRADO EM GRÃO , INTENSIDADE: MÉDIA , TIPO: TRADICIONAL ","n_fornecedores","2021-12",2021-12-01,67,60.2435200023033,6.75647999769667,FALSE,2.4818,1.8811,0.187,"","II"
606523,"CAFÉ, APRESENTAÇÃO: TORRADO EM GRÃO , INTENSIDADE: MÉDIA , TIPO: TRADICIONAL ","n_fornecedores","2022-01",2022-01-01,26,25.8735565898588,0.126443410141242,FALSE,2.4818,1.8811,0.187,"","II"
606523,"CAFÉ, APRESENTAÇÃO: TORRADO EM GRÃO , INTENSIDADE: MÉDIA , TIPO: TRADICIONAL ","n_fornecedores","2022-02",2022-02-01,38,34.1733739708224,3.82662602917758,FALSE,2.4818,1.8811,0.187,"","II"
606523,"CAFÉ, APRESENTAÇÃO: TORRADO EM GRÃO , INTENSIDADE: MÉDIA , TIPO: TRADICIONAL ","n_fornecedores","2022-03",2022-03-01,34,41.8462767487691,-7.84627674876913,FALSE,2.4818,1.8811,0.187,"","II"
606523,"CAFÉ, APRESENTAÇÃO: TORRADO EM GRÃO , INTENSIDADE: MÉDIA , TIPO: TRADICIONAL ","n_fornecedores","2022-04",2022-04-01,44,43.8266968015964,0.17330319840363,FALSE,2.4818,1.8811,0.187,"","II"
606523,"CAFÉ, APRESENTAÇÃO: TORRADO EM GRÃO , INTENSIDADE: MÉDIA , TIPO: TRADICIONAL ","n_fornecedores","2022-05",2022-05-01,55,52.0877260277995,2.91227397220052,FALSE,2.4818,1.8811,0.187,"","II"
606523,"CAFÉ, APRESENTAÇÃO: TORRADO EM GRÃO , INTENSIDADE: MÉDIA , TIPO: TRADICIONAL ","n_fornecedores","2022-06",2022-06-01,64,55.3050387422054,8.69496125779463,FALSE,2.4818,1.8811,0.187,"","II"
606523,"CAFÉ, APRESENTAÇÃO: TORRADO EM GRÃO , INTENSIDADE: MÉDIA , TIPO: TRADICIONAL ","n_fornecedores","2022-07",2022-07-01,66,58.3983100334085,7.60168996659152,FALSE,2.4818,1.8811,0.187,"","II"
606523,"CAFÉ, APRESENTAÇÃO: TORRADO EM GRÃO , INTENSIDADE: MÉDIA , TIPO: TRADICIONAL ","n_fornecedores","2022-08",2022-08-01,62,56.4309268629507,5.56907313704926,FALSE,2.4818,1.8811,0.187,"","II"
606523,"CAFÉ, APRESENTAÇÃO: TORRADO EM GRÃO , INTENSIDADE: MÉDIA , TIPO: TRADICIONAL ","n_fornecedores","2022-09",2022-09-01,52,52.7480249886724,-0.748024988672384,FALSE,2.4818,1.8811,0.187,"","II"
606523,"CAFÉ, APRESENTAÇÃO: TORRADO EM GRÃO , INTENSIDADE: MÉDIA , TIPO: TRADICIONAL ","n_fornecedores","2022-10",2022-10-01,43,46.978336933456,-3.978336933456,FALSE,2.4818,1.8811,0.187,"","II"
606523,"CAFÉ, APRESENTAÇÃO: TORRADO EM GRÃO , INTENSIDADE: MÉDIA , TIPO: TRADICIONAL ","n_fornecedores","2022-11",2022-11-01,47,57.8475151821407,-10.8475151821407,FALSE,2.4818,1.8811,0.187,"","II"
606523,"CAFÉ, APRESENTAÇÃO: TORRADO EM GRÃO , INTENSIDADE: MÉDIA , TIPO: TRADICIONAL ","n_fornecedores","2022-12",2022-12-01,42,42.3270378151209,-0.327037815120931,FALSE,2.4818,1.8811,0.187,"","II"
606523,"CAFÉ, APRESENTAÇÃO: TORRADO EM GRÃO , INTENSIDADE: MÉDIA , TIPO: TRADICIONAL ","n_fornecedores","2023-01",2023-01-01,25,34.805374397826,-9.80537439782603,FALSE,2.4818,1.8811,0.187,"","II"
606523,"CAFÉ, APRESENTAÇÃO: TORRADO EM GRÃO , INTENSIDADE: MÉDIA , TIPO: TRADICIONAL ","n_fornecedores","2023-02",2023-02-01,41,41.9633693283096,-0.963369328309632,FALSE,2.4818,1.8811,0.187,"","II"
606523,"CAFÉ, APRESENTAÇÃO: TORRADO EM GRÃO , INTENSIDADE: MÉDIA , TIPO: TRADICIONAL ","n_fornecedores","2023-03",2023-03-01,49,44.41229578846,4.58770421154005,FALSE,2.4818,1.8811,0.187,"","II"
606523,"CAFÉ, APRESENTAÇÃO: TORRADO EM GRÃO , INTENSIDADE: MÉDIA , TIPO: TRADICIONAL ","n_fornecedores","2023-04",2023-04-01,41,45.3718683529002,-4.37186835290023,FALSE,2.4818,1.8811,0.187,"","II"
606523,"CAFÉ, APRESENTAÇÃO: TORRADO EM GRÃO , INTENSIDADE: MÉDIA , TIPO: TRADICIONAL ","n_fornecedores","2023-05",2023-05-01,54,48.028346456804,5.97165354319604,FALSE,2.4818,1.8811,0.187,"","II"
606523,"CAFÉ, APRESENTAÇÃO: TORRADO EM GRÃO , INTENSIDADE: MÉDIA , TIPO: TRADICIONAL ","n_fornecedores","2023-06",2023-06-01,60,55.8295672048798,4.17043279512025,FALSE,2.4818,1.8811,0.187,"","II"
606523,"CAFÉ, APRESENTAÇÃO: TORRADO EM GRÃO , INTENSIDADE: MÉDIA , TIPO: TRADICIONAL ","n_fornecedores","2023-07",2023-07-01,44,47.2284008323242,-3.22840083232418,FALSE,2.4818,1.8811,0.187,"","II"
606523,"CAFÉ, APRESENTAÇÃO: TORRADO EM GRÃO , INTENSIDADE: MÉDIA , TIPO: TRADICIONAL ","n_fornecedores","2023-08",2023-08-01,58,54.9850648438384,3.01493515616156,TRUE,2.4818,1.8811,0.187,"","II"
606523,"CAFÉ, APRESENTAÇÃO: TORRADO EM GRÃO , INTENSIDADE: MÉDIA , TIPO: TRADICIONAL ","n_fornecedores","2023-09",2023-09-01,53,43.0055877616361,9.99441223836385,TRUE,2.4818,1.8811,0.187,"","II"
606523,"CAFÉ, APRESENTAÇÃO: TORRADO EM GRÃO , INTENSIDADE: MÉDIA , TIPO: TRADICIONAL ","n_fornecedores","2023-10",2023-10-01,45,45.2292069710145,-0.229206971014506,TRUE,2.4818,1.8811,0.187,"","II"
606523,"CAFÉ, APRESENTAÇÃO: TORRADO EM GRÃO , INTENSIDADE: MÉDIA , TIPO: TRADICIONAL ","n_fornecedores","2023-11",2023-11-01,46,46.1826132285591,-0.182613228559092,TRUE,2.4818,1.8811,0.187,"","II"
606523,"CAFÉ, APRESENTAÇÃO: TORRADO EM GRÃO , INTENSIDADE: MÉDIA , TIPO: TRADICIONAL ","n_fornecedores","2023-12",2023-12-01,46,47.9006583116827,-1.90065831168273,TRUE,2.4818,1.8811,0.187,"","II"
606523,"CAFÉ, APRESENTAÇÃO: TORRADO EM GRÃO , INTENSIDADE: MÉDIA , TIPO: TRADICIONAL ","n_fornecedores","2024-01",2024-01-01,22,34.4713277967805,-12.4713277967805,TRUE,2.4818,1.8811,0.187,"","II"
606523,"CAFÉ, APRESENTAÇÃO: TORRADO EM GRÃO , INTENSIDADE: MÉDIA , TIPO: TRADICIONAL ","n_fornecedores","2024-02",2024-02-01,41,38.9165099600776,2.08349003992241,TRUE,2.4818,1.8811,0.187,"","II"
606523,"CAFÉ, APRESENTAÇÃO: TORRADO EM GRÃO , INTENSIDADE: MÉDIA , TIPO: TRADICIONAL ","n_fornecedores","2024-03",2024-03-01,22,37.9749265814698,-15.9749265814698,TRUE,2.4818,1.8811,0.187,"","II"
606523,"CAFÉ, APRESENTAÇÃO: TORRADO EM GRÃO , INTENSIDADE: MÉDIA , TIPO: TRADICIONAL ","n_fornecedores","2024-04",2024-04-01,43,39.8375072259987,3.16249277400133,TRUE,2.4818,1.8811,0.187,"","II"
606523,"CAFÉ, APRESENTAÇÃO: TORRADO EM GRÃO , INTENSIDADE: MÉDIA , TIPO: TRADICIONAL ","n_fornecedores","2024-05",2024-05-01,38,37.8248636622273,0.175136337772742,TRUE,2.4818,1.8811,0.187,"","II"
606523,"CAFÉ, APRESENTAÇÃO: TORRADO EM GRÃO , INTENSIDADE: MÉDIA , TIPO: TRADICIONAL ","n_fornecedores","2024-06",2024-06-01,38,40.5955432123709,-2.59554321237088,TRUE,2.4818,1.8811,0.187,"","II"
606523,"CAFÉ, APRESENTAÇÃO: TORRADO EM GRÃO , INTENSIDADE: MÉDIA , TIPO: TRADICIONAL ","n_fornecedores","2024-07",2024-07-01,34,47.575378580371,-13.575378580371,TRUE,2.4818,1.8811,0.187,"","II"
606523,"CAFÉ, APRESENTAÇÃO: TORRADO EM GRÃO , INTENSIDADE: MÉDIA , TIPO: TRADICIONAL ","n_fornecedores","2024-08",2024-08-01,57,40.945580598858,16.054419401142,TRUE,2.4818,1.8811,0.187,"","II"
606523,"CAFÉ, APRESENTAÇÃO: TORRADO EM GRÃO , INTENSIDADE: MÉDIA , TIPO: TRADICIONAL ","n_fornecedores","2024-09",2024-09-01,46,48.7695701308659,-2.76957013086589,TRUE,2.4818,1.8811,0.187,"","II"
606523,"CAFÉ, APRESENTAÇÃO: TORRADO EM GRÃO , INTENSIDADE: MÉDIA , TIPO: TRADICIONAL ","n_fornecedores","2024-10",2024-10-01,54,53.1913949812912,0.808605018708775,TRUE,2.4818,1.8811,0.187,"","II"
606523,"CAFÉ, APRESENTAÇÃO: TORRADO EM GRÃO , INTENSIDADE: MÉDIA , TIPO: TRADICIONAL ","n_fornecedores","2024-11",2024-11-01,41,47.8417859255411,-6.84178592554111,TRUE,2.4818,1.8811,0.187,"","II"
606523,"CAFÉ, APRESENTAÇÃO: TORRADO EM GRÃO , INTENSIDADE: MÉDIA , TIPO: TRADICIONAL ","n_fornecedores","2024-12",2024-12-01,76,44.9670872816691,31.0329127183309,TRUE,2.4818,1.8811,0.187,"","II"
606523,"CAFÉ, APRESENTAÇÃO: TORRADO EM GRÃO , INTENSIDADE: MÉDIA , TIPO: TRADICIONAL ","n_fornecedores","2025-01",2025-01-01,35,37.684352190376,-2.68435219037598,TRUE,2.4818,1.8811,0.187,"","II"
606523,"CAFÉ, APRESENTAÇÃO: TORRADO EM GRÃO , INTENSIDADE: MÉDIA , TIPO: TRADICIONAL ","n_fornecedores","2025-02",2025-02-01,40,33.8453626654748,6.15463733452521,TRUE,2.4818,1.8811,0.187,"","II"
606523,"CAFÉ, APRESENTAÇÃO: TORRADO EM GRÃO , INTENSIDADE: MÉDIA , TIPO: TRADICIONAL ","n_fornecedores","2025-03",2025-03-01,45,38.8177065878337,6.18229341216629,TRUE,2.4818,1.8811,0.187,"","II"
606523,"CAFÉ, APRESENTAÇÃO: TORRADO EM GRÃO , INTENSIDADE: MÉDIA , TIPO: TRADICIONAL ","n_fornecedores","2025-04",2025-04-01,54,47.8158324036815,6.18416759631846,TRUE,2.4818,1.8811,0.187,"","II"
606523,"CAFÉ, APRESENTAÇÃO: TORRADO EM GRÃO , INTENSIDADE: MÉDIA , TIPO: TRADICIONAL ","n_fornecedores","2025-05",2025-05-01,51,46.1527411268231,4.8472588731769,TRUE,2.4818,1.8811,0.187,"","II"
606523,"CAFÉ, APRESENTAÇÃO: TORRADO EM GRÃO , INTENSIDADE: MÉDIA , TIPO: TRADICIONAL ","n_fornecedores","2025-06",2025-06-01,67,40.6474498908576,26.3525501091424,TRUE,2.4818,1.8811,0.187,"","II"
606523,"CAFÉ, APRESENTAÇÃO: TORRADO EM GRÃO , INTENSIDADE: MÉDIA , TIPO: TRADICIONAL ","n_fornecedores","2025-07",2025-07-01,76,49.4147042307112,26.5852957692888,TRUE,2.4818,1.8811,0.187,"","II"
606523,"CAFÉ, APRESENTAÇÃO: TORRADO EM GRÃO , INTENSIDADE: MÉDIA , TIPO: TRADICIONAL ","n_fornecedores","2025-08",2025-08-01,55,48.7898108019076,6.21018919809242,TRUE,2.4818,1.8811,0.187,"","II"
606523,"CAFÉ, APRESENTAÇÃO: TORRADO EM GRÃO , INTENSIDADE: MÉDIA , TIPO: TRADICIONAL ","n_fornecedores","2025-09",2025-09-01,43,56.6444796093315,-13.6444796093315,TRUE,2.4818,1.8811,0.187,"","II"
606523,"CAFÉ, APRESENTAÇÃO: TORRADO EM GRÃO , INTENSIDADE: MÉDIA , TIPO: TRADICIONAL ","n_fornecedores","2025-10",2025-10-01,53,54.1962796097845,-1.19627960978454,TRUE,2.4818,1.8811,0.187,"","II"
606523,"CAFÉ, APRESENTAÇÃO: TORRADO EM GRÃO , INTENSIDADE: MÉDIA , TIPO: TRADICIONAL ","n_fornecedores","2025-11",2025-11-01,44,47.3552808691431,-3.3552808691431,TRUE,2.4818,1.8811,0.187,"","II"
606523,"CAFÉ, APRESENTAÇÃO: TORRADO EM GRÃO , INTENSIDADE: MÉDIA , TIPO: TRADICIONAL ","n_fornecedores","2025-12",2025-12-01,46,45.4480375556385,0.551962444361465,TRUE,2.4818,1.8811,0.187,"","II"
606524,"CAFÉ, APRESENTAÇÃO: TORRADO MOÍDO , INTENSIDADE: SUAVE , TIPO: TRADICIONAL , EMPACOTAMENTO: VÁCUO ","median_preco","2021-12",2021-12-01,31.16,29.8217875321203,1.33821246787969,FALSE,6.7603,2.4832,0.0065,"***","I"
606524,"CAFÉ, APRESENTAÇÃO: TORRADO MOÍDO , INTENSIDADE: SUAVE , TIPO: TRADICIONAL , EMPACOTAMENTO: VÁCUO ","median_preco","2022-01",2022-01-01,30,30.7953794981984,-0.795379498198351,FALSE,6.7603,2.4832,0.0065,"***","I"
606524,"CAFÉ, APRESENTAÇÃO: TORRADO MOÍDO , INTENSIDADE: SUAVE , TIPO: TRADICIONAL , EMPACOTAMENTO: VÁCUO ","median_preco","2022-02",2022-02-01,31.29,30.3742300429378,0.915769957062196,FALSE,6.7603,2.4832,0.0065,"***","I"
606524,"CAFÉ, APRESENTAÇÃO: TORRADO MOÍDO , INTENSIDADE: SUAVE , TIPO: TRADICIONAL , EMPACOTAMENTO: VÁCUO ","median_preco","2022-03",2022-03-01,30.25,29.5337277046142,0.716272295385792,FALSE,6.7603,2.4832,0.0065,"***","I"
606524,"CAFÉ, APRESENTAÇÃO: TORRADO MOÍDO , INTENSIDADE: SUAVE , TIPO: TRADICIONAL , EMPACOTAMENTO: VÁCUO ","median_preco","2022-04",2022-04-01,30.79,30.2453213564617,0.544678643538312,FALSE,6.7603,2.4832,0.0065,"***","I"
606524,"CAFÉ, APRESENTAÇÃO: TORRADO MOÍDO , INTENSIDADE: SUAVE , TIPO: TRADICIONAL , EMPACOTAMENTO: VÁCUO ","median_preco","2022-05",2022-05-01,29.8,31.9567429754123,-2.1567429754123,FALSE,6.7603,2.4832,0.0065,"***","I"
606524,"CAFÉ, APRESENTAÇÃO: TORRADO MOÍDO , INTENSIDADE: SUAVE , TIPO: TRADICIONAL , EMPACOTAMENTO: VÁCUO ","median_preco","2022-06",2022-06-01,31.97,31.2693088118422,0.700691188157826,FALSE,6.7603,2.4832,0.0065,"***","I"
606524,"CAFÉ, APRESENTAÇÃO: TORRADO MOÍDO , INTENSIDADE: SUAVE , TIPO: TRADICIONAL , EMPACOTAMENTO: VÁCUO ","median_preco","2022-07",2022-07-01,31.98,31.2142959628279,0.765704037172146,FALSE,6.7603,2.4832,0.0065,"***","I"
606524,"CAFÉ, APRESENTAÇÃO: TORRADO MOÍDO , INTENSIDADE: SUAVE , TIPO: TRADICIONAL , EMPACOTAMENTO: VÁCUO ","median_preco","2022-08",2022-08-01,31.4,32.2191817621367,-0.819181762136708,FALSE,6.7603,2.4832,0.0065,"***","I"
606524,"CAFÉ, APRESENTAÇÃO: TORRADO MOÍDO , INTENSIDADE: SUAVE , TIPO: TRADICIONAL , EMPACOTAMENTO: VÁCUO ","median_preco","2022-09",2022-09-01,37.78,35.6259478143983,2.15405218560173,FALSE,6.7603,2.4832,0.0065,"***","I"
606524,"CAFÉ, APRESENTAÇÃO: TORRADO MOÍDO , INTENSIDADE: SUAVE , TIPO: TRADICIONAL , EMPACOTAMENTO: VÁCUO ","median_preco","2022-10",2022-10-01,31.1332,32.1297038222219,-0.996503822221854,FALSE,6.7603,2.4832,0.0065,"***","I"
606524,"CAFÉ, APRESENTAÇÃO: TORRADO MOÍDO , INTENSIDADE: SUAVE , TIPO: TRADICIONAL , EMPACOTAMENTO: VÁCUO ","median_preco","2022-11",2022-11-01,31.38,29.2283083804237,2.15169161957635,FALSE,6.7603,2.4832,0.0065,"***","I"
606524,"CAFÉ, APRESENTAÇÃO: TORRADO MOÍDO , INTENSIDADE: SUAVE , TIPO: TRADICIONAL , EMPACOTAMENTO: VÁCUO ","median_preco","2022-12",2022-12-01,30.1,30.3002407872691,-0.20024078726906,FALSE,6.7603,2.4832,0.0065,"***","I"
606524,"CAFÉ, APRESENTAÇÃO: TORRADO MOÍDO , INTENSIDADE: SUAVE , TIPO: TRADICIONAL , EMPACOTAMENTO: VÁCUO ","median_preco","2023-01",2023-01-01,27.86,30.040485097771,-2.18048509777103,FALSE,6.7603,2.4832,0.0065,"***","I"
606524,"CAFÉ, APRESENTAÇÃO: TORRADO MOÍDO , INTENSIDADE: SUAVE , TIPO: TRADICIONAL , EMPACOTAMENTO: VÁCUO ","median_preco","2023-02",2023-02-01,34.04,32.5329189760603,1.50708102393973,FALSE,6.7603,2.4832,0.0065,"***","I"
606524,"CAFÉ, APRESENTAÇÃO: TORRADO MOÍDO , INTENSIDADE: SUAVE , TIPO: TRADICIONAL , EMPACOTAMENTO: VÁCUO ","median_preco","2023-03",2023-03-01,28.68,30.9952415216582,-2.31524152165815,FALSE,6.7603,2.4832,0.0065,"***","I"
606524,"CAFÉ, APRESENTAÇÃO: TORRADO MOÍDO , INTENSIDADE: SUAVE , TIPO: TRADICIONAL , EMPACOTAMENTO: VÁCUO ","median_preco","2023-04",2023-04-01,28.9,30.8548121401165,-1.95481214011649,FALSE,6.7603,2.4832,0.0065,"***","I"
606524,"CAFÉ, APRESENTAÇÃO: TORRADO MOÍDO , INTENSIDADE: SUAVE , TIPO: TRADICIONAL , EMPACOTAMENTO: VÁCUO ","median_preco","2023-05",2023-05-01,34.48,33.6441919183878,0.835808081612214,FALSE,6.7603,2.4832,0.0065,"***","I"
606524,"CAFÉ, APRESENTAÇÃO: TORRADO MOÍDO , INTENSIDADE: SUAVE , TIPO: TRADICIONAL , EMPACOTAMENTO: VÁCUO ","median_preco","2023-06",2023-06-01,28.2,29.858150415527,-1.65815041552705,FALSE,6.7603,2.4832,0.0065,"***","I"
606524,"CAFÉ, APRESENTAÇÃO: TORRADO MOÍDO , INTENSIDADE: SUAVE , TIPO: TRADICIONAL , EMPACOTAMENTO: VÁCUO ","median_preco","2023-07",2023-07-01,31.98,33.3838580607409,-1.40385806074088,FALSE,6.7603,2.4832,0.0065,"***","I"
606524,"CAFÉ, APRESENTAÇÃO: TORRADO MOÍDO , INTENSIDADE: SUAVE , TIPO: TRADICIONAL , EMPACOTAMENTO: VÁCUO ","median_preco","2023-08",2023-08-01,26.72,36.4091995170928,-9.68919951709275,TRUE,6.7603,2.4832,0.0065,"***","I"
606524,"CAFÉ, APRESENTAÇÃO: TORRADO MOÍDO , INTENSIDADE: SUAVE , TIPO: TRADICIONAL , EMPACOTAMENTO: VÁCUO ","median_preco","2023-09",2023-09-01,29.38,32.3754765603628,-2.99547656036276,TRUE,6.7603,2.4832,0.0065,"***","I"
606524,"CAFÉ, APRESENTAÇÃO: TORRADO MOÍDO , INTENSIDADE: SUAVE , TIPO: TRADICIONAL , EMPACOTAMENTO: VÁCUO ","median_preco","2023-10",2023-10-01,29.96,30.9258537414335,-0.965853741433506,TRUE,6.7603,2.4832,0.0065,"***","I"
606524,"CAFÉ, APRESENTAÇÃO: TORRADO MOÍDO , INTENSIDADE: SUAVE , TIPO: TRADICIONAL , EMPACOTAMENTO: VÁCUO ","median_preco","2023-11",2023-11-01,28.8,28.9050394468581,-0.105039446858061,TRUE,6.7603,2.4832,0.0065,"***","I"
606524,"CAFÉ, APRESENTAÇÃO: TORRADO MOÍDO , INTENSIDADE: SUAVE , TIPO: TRADICIONAL , EMPACOTAMENTO: VÁCUO ","median_preco","2023-12",2023-12-01,33.8,28.3418504255559,5.4581495744441,TRUE,6.7603,2.4832,0.0065,"***","I"
606524,"CAFÉ, APRESENTAÇÃO: TORRADO MOÍDO , INTENSIDADE: SUAVE , TIPO: TRADICIONAL , EMPACOTAMENTO: VÁCUO ","median_preco","2024-01",2024-01-01,31,31.441304024019,-0.441304024019033,TRUE,6.7603,2.4832,0.0065,"***","I"
606524,"CAFÉ, APRESENTAÇÃO: TORRADO MOÍDO , INTENSIDADE: SUAVE , TIPO: TRADICIONAL , EMPACOTAMENTO: VÁCUO ","median_preco","2024-02",2024-02-01,29.16,29.9937066983295,-0.833706698329539,TRUE,6.7603,2.4832,0.0065,"***","I"
606524,"CAFÉ, APRESENTAÇÃO: TORRADO MOÍDO , INTENSIDADE: SUAVE , TIPO: TRADICIONAL , EMPACOTAMENTO: VÁCUO ","median_preco","2024-03",2024-03-01,31.2,31.3498903187423,-0.149890318742319,TRUE,6.7603,2.4832,0.0065,"***","I"
606524,"CAFÉ, APRESENTAÇÃO: TORRADO MOÍDO , INTENSIDADE: SUAVE , TIPO: TRADICIONAL , EMPACOTAMENTO: VÁCUO ","median_preco","2024-04",2024-04-01,27.2,29.0140833359865,-1.81408333598648,TRUE,6.7603,2.4832,0.0065,"***","I"
606524,"CAFÉ, APRESENTAÇÃO: TORRADO MOÍDO , INTENSIDADE: SUAVE , TIPO: TRADICIONAL , EMPACOTAMENTO: VÁCUO ","median_preco","2024-05",2024-05-01,24.65,30.1990066216803,-5.54900662168029,TRUE,6.7603,2.4832,0.0065,"***","I"
606524,"CAFÉ, APRESENTAÇÃO: TORRADO MOÍDO , INTENSIDADE: SUAVE , TIPO: TRADICIONAL , EMPACOTAMENTO: VÁCUO ","median_preco","2024-06",2024-06-01,33.76,31.9665569056382,1.79344309436184,TRUE,6.7603,2.4832,0.0065,"***","I"
606524,"CAFÉ, APRESENTAÇÃO: TORRADO MOÍDO , INTENSIDADE: SUAVE , TIPO: TRADICIONAL , EMPACOTAMENTO: VÁCUO ","median_preco","2024-07",2024-07-01,29.96,30.0070165302072,-0.0470165302071663,TRUE,6.7603,2.4832,0.0065,"***","I"
606524,"CAFÉ, APRESENTAÇÃO: TORRADO MOÍDO , INTENSIDADE: SUAVE , TIPO: TRADICIONAL , EMPACOTAMENTO: VÁCUO ","median_preco","2024-08",2024-08-01,33.5,32.5900136653476,0.90998633465243,TRUE,6.7603,2.4832,0.0065,"***","I"
606524,"CAFÉ, APRESENTAÇÃO: TORRADO MOÍDO , INTENSIDADE: SUAVE , TIPO: TRADICIONAL , EMPACOTAMENTO: VÁCUO ","median_preco","2024-09",2024-09-01,27.972,29.7529280073475,-1.78092800734748,TRUE,6.7603,2.4832,0.0065,"***","I"
606524,"CAFÉ, APRESENTAÇÃO: TORRADO MOÍDO , INTENSIDADE: SUAVE , TIPO: TRADICIONAL , EMPACOTAMENTO: VÁCUO ","median_preco","2024-10",2024-10-01,34.24,32.5100673888969,1.72993261110311,TRUE,6.7603,2.4832,0.0065,"***","I"
606524,"CAFÉ, APRESENTAÇÃO: TORRADO MOÍDO , INTENSIDADE: SUAVE , TIPO: TRADICIONAL , EMPACOTAMENTO: VÁCUO ","median_preco","2024-11",2024-11-01,25.9,31.0416511704409,-5.14165117044088,TRUE,6.7603,2.4832,0.0065,"***","I"
606524,"CAFÉ, APRESENTAÇÃO: TORRADO MOÍDO , INTENSIDADE: SUAVE , TIPO: TRADICIONAL , EMPACOTAMENTO: VÁCUO ","median_preco","2024-12",2024-12-01,25.94,30.943762103396,-5.00376210339598,TRUE,6.7603,2.4832,0.0065,"***","I"
606524,"CAFÉ, APRESENTAÇÃO: TORRADO MOÍDO , INTENSIDADE: SUAVE , TIPO: TRADICIONAL , EMPACOTAMENTO: VÁCUO ","median_preco","2025-01",2025-01-01,44.28,31.3031696047721,12.9768303952279,TRUE,6.7603,2.4832,0.0065,"***","I"
606524,"CAFÉ, APRESENTAÇÃO: TORRADO MOÍDO , INTENSIDADE: SUAVE , TIPO: TRADICIONAL , EMPACOTAMENTO: VÁCUO ","median_preco","2025-02",2025-02-01,53,34.0578434264677,18.9421565735323,TRUE,6.7603,2.4832,0.0065,"***","I"
606524,"CAFÉ, APRESENTAÇÃO: TORRADO MOÍDO , INTENSIDADE: SUAVE , TIPO: TRADICIONAL , EMPACOTAMENTO: VÁCUO ","median_preco","2025-03",2025-03-01,59,32.0340745646349,26.9659254353651,TRUE,6.7603,2.4832,0.0065,"***","I"
606524,"CAFÉ, APRESENTAÇÃO: TORRADO MOÍDO , INTENSIDADE: SUAVE , TIPO: TRADICIONAL , EMPACOTAMENTO: VÁCUO ","median_preco","2025-04",2025-04-01,60,30.1329488210334,29.8670511789666,TRUE,6.7603,2.4832,0.0065,"***","I"
606524,"CAFÉ, APRESENTAÇÃO: TORRADO MOÍDO , INTENSIDADE: SUAVE , TIPO: TRADICIONAL , EMPACOTAMENTO: VÁCUO ","median_preco","2025-05",2025-05-01,59.8,30.4580072240871,29.3419927759129,TRUE,6.7603,2.4832,0.0065,"***","I"
606524,"CAFÉ, APRESENTAÇÃO: TORRADO MOÍDO , INTENSIDADE: SUAVE , TIPO: TRADICIONAL , EMPACOTAMENTO: VÁCUO ","median_preco","2025-06",2025-06-01,32,35.492677476777,-3.49267747677703,TRUE,6.7603,2.4832,0.0065,"***","I"
606524,"CAFÉ, APRESENTAÇÃO: TORRADO MOÍDO , INTENSIDADE: SUAVE , TIPO: TRADICIONAL , EMPACOTAMENTO: VÁCUO ","median_preco","2025-07",2025-07-01,65.78,35.9663289022779,29.8136710977221,TRUE,6.7603,2.4832,0.0065,"***","I"
606524,"CAFÉ, APRESENTAÇÃO: TORRADO MOÍDO , INTENSIDADE: SUAVE , TIPO: TRADICIONAL , EMPACOTAMENTO: VÁCUO ","median_preco","2025-08",2025-08-01,41.94,30.2043602554433,11.7356397445567,TRUE,6.7603,2.4832,0.0065,"***","I"
606524,"CAFÉ, APRESENTAÇÃO: TORRADO MOÍDO , INTENSIDADE: SUAVE , TIPO: TRADICIONAL , EMPACOTAMENTO: VÁCUO ","median_preco","2025-09",2025-09-01,45.94,36.4268901766239,9.51310982337611,TRUE,6.7603,2.4832,0.0065,"***","I"
606524,"CAFÉ, APRESENTAÇÃO: TORRADO MOÍDO , INTENSIDADE: SUAVE , TIPO: TRADICIONAL , EMPACOTAMENTO: VÁCUO ","median_preco","2025-10",2025-10-01,56.4,32.4293124927017,23.9706875072983,TRUE,6.7603,2.4832,0.0065,"***","I"
606524,"CAFÉ, APRESENTAÇÃO: TORRADO MOÍDO , INTENSIDADE: SUAVE , TIPO: TRADICIONAL , EMPACOTAMENTO: VÁCUO ","median_preco","2025-11",2025-11-01,58.68,37.9951250817258,20.6848749182742,TRUE,6.7603,2.4832,0.0065,"***","I"
606524,"CAFÉ, APRESENTAÇÃO: TORRADO MOÍDO , INTENSIDADE: SUAVE , TIPO: TRADICIONAL , EMPACOTAMENTO: VÁCUO ","median_preco","2025-12",2025-12-01,43.95,33.5949342226261,10.3550657773739,TRUE,6.7603,2.4832,0.0065,"***","I"
606524,"CAFÉ, APRESENTAÇÃO: TORRADO MOÍDO , INTENSIDADE: SUAVE , TIPO: TRADICIONAL , EMPACOTAMENTO: VÁCUO ","n_combinacoes_unidade","2021-12",2021-12-01,7,6.38898000570759,0.611019994292413,FALSE,-0.5192,0.5049,0.3037,"","II"
606524,"CAFÉ, APRESENTAÇÃO: TORRADO MOÍDO , INTENSIDADE: SUAVE , TIPO: TRADICIONAL , EMPACOTAMENTO: VÁCUO ","n_combinacoes_unidade","2022-01",2022-01-01,4,3.56682355213488,0.433176447865119,FALSE,-0.5192,0.5049,0.3037,"","II"
606524,"CAFÉ, APRESENTAÇÃO: TORRADO MOÍDO , INTENSIDADE: SUAVE , TIPO: TRADICIONAL , EMPACOTAMENTO: VÁCUO ","n_combinacoes_unidade","2022-02",2022-02-01,4,4.76818815214028,-0.768188152140279,FALSE,-0.5192,0.5049,0.3037,"","II"
606524,"CAFÉ, APRESENTAÇÃO: TORRADO MOÍDO , INTENSIDADE: SUAVE , TIPO: TRADICIONAL , EMPACOTAMENTO: VÁCUO ","n_combinacoes_unidade","2022-03",2022-03-01,5,5.30329774941988,-0.303297749419881,FALSE,-0.5192,0.5049,0.3037,"","II"
606524,"CAFÉ, APRESENTAÇÃO: TORRADO MOÍDO , INTENSIDADE: SUAVE , TIPO: TRADICIONAL , EMPACOTAMENTO: VÁCUO ","n_combinacoes_unidade","2022-04",2022-04-01,5,5.51333067854795,-0.513330678547949,FALSE,-0.5192,0.5049,0.3037,"","II"
606524,"CAFÉ, APRESENTAÇÃO: TORRADO MOÍDO , INTENSIDADE: SUAVE , TIPO: TRADICIONAL , EMPACOTAMENTO: VÁCUO ","n_combinacoes_unidade","2022-05",2022-05-01,7,6.20291506719839,0.797084932801607,FALSE,-0.5192,0.5049,0.3037,"","II"
606524,"CAFÉ, APRESENTAÇÃO: TORRADO MOÍDO , INTENSIDADE: SUAVE , TIPO: TRADICIONAL , EMPACOTAMENTO: VÁCUO ","n_combinacoes_unidade","2022-06",2022-06-01,6,5.87782121112711,0.12217878887289,FALSE,-0.5192,0.5049,0.3037,"","II"
606524,"CAFÉ, APRESENTAÇÃO: TORRADO MOÍDO , INTENSIDADE: SUAVE , TIPO: TRADICIONAL , EMPACOTAMENTO: VÁCUO ","n_combinacoes_unidade","2022-07",2022-07-01,6,5.7123604830662,0.287639516933797,FALSE,-0.5192,0.5049,0.3037,"","II"
606524,"CAFÉ, APRESENTAÇÃO: TORRADO MOÍDO , INTENSIDADE: SUAVE , TIPO: TRADICIONAL , EMPACOTAMENTO: VÁCUO ","n_combinacoes_unidade","2022-08",2022-08-01,7,6.46905704280436,0.530942957195643,FALSE,-0.5192,0.5049,0.3037,"","II"
606524,"CAFÉ, APRESENTAÇÃO: TORRADO MOÍDO , INTENSIDADE: SUAVE , TIPO: TRADICIONAL , EMPACOTAMENTO: VÁCUO ","n_combinacoes_unidade","2022-09",2022-09-01,4,4.51694887361762,-0.516948873617623,FALSE,-0.5192,0.5049,0.3037,"","II"
606524,"CAFÉ, APRESENTAÇÃO: TORRADO MOÍDO , INTENSIDADE: SUAVE , TIPO: TRADICIONAL , EMPACOTAMENTO: VÁCUO ","n_combinacoes_unidade","2022-10",2022-10-01,5,5.32348734301678,-0.323487343016777,FALSE,-0.5192,0.5049,0.3037,"","II"
606524,"CAFÉ, APRESENTAÇÃO: TORRADO MOÍDO , INTENSIDADE: SUAVE , TIPO: TRADICIONAL , EMPACOTAMENTO: VÁCUO ","n_combinacoes_unidade","2022-11",2022-11-01,5,5.62415102826699,-0.624151028266993,FALSE,-0.5192,0.5049,0.3037,"","II"
606524,"CAFÉ, APRESENTAÇÃO: TORRADO MOÍDO , INTENSIDADE: SUAVE , TIPO: TRADICIONAL , EMPACOTAMENTO: VÁCUO ","n_combinacoes_unidade","2022-12",2022-12-01,5,5.04028318149052,-0.04028318149052,FALSE,-0.5192,0.5049,0.3037,"","II"
606524,"CAFÉ, APRESENTAÇÃO: TORRADO MOÍDO , INTENSIDADE: SUAVE , TIPO: TRADICIONAL , EMPACOTAMENTO: VÁCUO ","n_combinacoes_unidade","2023-01",2023-01-01,6,5.3010922408111,0.698907759188901,FALSE,-0.5192,0.5049,0.3037,"","II"
606524,"CAFÉ, APRESENTAÇÃO: TORRADO MOÍDO , INTENSIDADE: SUAVE , TIPO: TRADICIONAL , EMPACOTAMENTO: VÁCUO ","n_combinacoes_unidade","2023-02",2023-02-01,4,4.64304326460695,-0.643043264606947,FALSE,-0.5192,0.5049,0.3037,"","II"
606524,"CAFÉ, APRESENTAÇÃO: TORRADO MOÍDO , INTENSIDADE: SUAVE , TIPO: TRADICIONAL , EMPACOTAMENTO: VÁCUO ","n_combinacoes_unidade","2023-03",2023-03-01,4,4.989307724749,-0.989307724748999,FALSE,-0.5192,0.5049,0.3037,"","II"
606524,"CAFÉ, APRESENTAÇÃO: TORRADO MOÍDO , INTENSIDADE: SUAVE , TIPO: TRADICIONAL , EMPACOTAMENTO: VÁCUO ","n_combinacoes_unidade","2023-04",2023-04-01,6,5.71853263955193,0.281467360448072,FALSE,-0.5192,0.5049,0.3037,"","II"
606524,"CAFÉ, APRESENTAÇÃO: TORRADO MOÍDO , INTENSIDADE: SUAVE , TIPO: TRADICIONAL , EMPACOTAMENTO: VÁCUO ","n_combinacoes_unidade","2023-05",2023-05-01,5,4.90040655012053,0.0995934498794693,FALSE,-0.5192,0.5049,0.3037,"","II"
606524,"CAFÉ, APRESENTAÇÃO: TORRADO MOÍDO , INTENSIDADE: SUAVE , TIPO: TRADICIONAL , EMPACOTAMENTO: VÁCUO ","n_combinacoes_unidade","2023-06",2023-06-01,4,5.11317597519733,-1.11317597519733,FALSE,-0.5192,0.5049,0.3037,"","II"
606524,"CAFÉ, APRESENTAÇÃO: TORRADO MOÍDO , INTENSIDADE: SUAVE , TIPO: TRADICIONAL , EMPACOTAMENTO: VÁCUO ","n_combinacoes_unidade","2023-07",2023-07-01,6,5.96112709648657,0.0388729035134299,FALSE,-0.5192,0.5049,0.3037,"","II"
606524,"CAFÉ, APRESENTAÇÃO: TORRADO MOÍDO , INTENSIDADE: SUAVE , TIPO: TRADICIONAL , EMPACOTAMENTO: VÁCUO ","n_combinacoes_unidade","2023-08",2023-08-01,6,4.5367393270851,1.4632606729149,TRUE,-0.5192,0.5049,0.3037,"","II"
606524,"CAFÉ, APRESENTAÇÃO: TORRADO MOÍDO , INTENSIDADE: SUAVE , TIPO: TRADICIONAL , EMPACOTAMENTO: VÁCUO ","n_combinacoes_unidade","2023-09",2023-09-01,3,6.46808480949286,-3.46808480949286,TRUE,-0.5192,0.5049,0.3037,"","II"
606524,"CAFÉ, APRESENTAÇÃO: TORRADO MOÍDO , INTENSIDADE: SUAVE , TIPO: TRADICIONAL , EMPACOTAMENTO: VÁCUO ","n_combinacoes_unidade","2023-10",2023-10-01,5,4.73221483944765,0.267785160552346,TRUE,-0.5192,0.5049,0.3037,"","II"
606524,"CAFÉ, APRESENTAÇÃO: TORRADO MOÍDO , INTENSIDADE: SUAVE , TIPO: TRADICIONAL , EMPACOTAMENTO: VÁCUO ","n_combinacoes_unidade","2023-11",2023-11-01,6,4.29361881126404,1.70638118873596,TRUE,-0.5192,0.5049,0.3037,"","II"
606524,"CAFÉ, APRESENTAÇÃO: TORRADO MOÍDO , INTENSIDADE: SUAVE , TIPO: TRADICIONAL , EMPACOTAMENTO: VÁCUO ","n_combinacoes_unidade","2023-12",2023-12-01,6,5.18244591957107,0.817554080428929,TRUE,-0.5192,0.5049,0.3037,"","II"
606524,"CAFÉ, APRESENTAÇÃO: TORRADO MOÍDO , INTENSIDADE: SUAVE , TIPO: TRADICIONAL , EMPACOTAMENTO: VÁCUO ","n_combinacoes_unidade","2024-01",2024-01-01,3,4.50338370870618,-1.50338370870618,TRUE,-0.5192,0.5049,0.3037,"","II"
606524,"CAFÉ, APRESENTAÇÃO: TORRADO MOÍDO , INTENSIDADE: SUAVE , TIPO: TRADICIONAL , EMPACOTAMENTO: VÁCUO ","n_combinacoes_unidade","2024-02",2024-02-01,5,5.20174608106693,-0.201746081066926,TRUE,-0.5192,0.5049,0.3037,"","II"
606524,"CAFÉ, APRESENTAÇÃO: TORRADO MOÍDO , INTENSIDADE: SUAVE , TIPO: TRADICIONAL , EMPACOTAMENTO: VÁCUO ","n_combinacoes_unidade","2024-03",2024-03-01,4,5.03656063601761,-1.03656063601761,TRUE,-0.5192,0.5049,0.3037,"","II"
606524,"CAFÉ, APRESENTAÇÃO: TORRADO MOÍDO , INTENSIDADE: SUAVE , TIPO: TRADICIONAL , EMPACOTAMENTO: VÁCUO ","n_combinacoes_unidade","2024-04",2024-04-01,5,4.61092108723491,0.389078912765092,TRUE,-0.5192,0.5049,0.3037,"","II"
606524,"CAFÉ, APRESENTAÇÃO: TORRADO MOÍDO , INTENSIDADE: SUAVE , TIPO: TRADICIONAL , EMPACOTAMENTO: VÁCUO ","n_combinacoes_unidade","2024-05",2024-05-01,6,4.48428630629437,1.51571369370563,TRUE,-0.5192,0.5049,0.3037,"","II"
606524,"CAFÉ, APRESENTAÇÃO: TORRADO MOÍDO , INTENSIDADE: SUAVE , TIPO: TRADICIONAL , EMPACOTAMENTO: VÁCUO ","n_combinacoes_unidade","2024-06",2024-06-01,6,4.70115029762847,1.29884970237153,TRUE,-0.5192,0.5049,0.3037,"","II"
606524,"CAFÉ, APRESENTAÇÃO: TORRADO MOÍDO , INTENSIDADE: SUAVE , TIPO: TRADICIONAL , EMPACOTAMENTO: VÁCUO ","n_combinacoes_unidade","2024-07",2024-07-01,7,6.12822184933495,0.871778150665055,TRUE,-0.5192,0.5049,0.3037,"","II"
606524,"CAFÉ, APRESENTAÇÃO: TORRADO MOÍDO , INTENSIDADE: SUAVE , TIPO: TRADICIONAL , EMPACOTAMENTO: VÁCUO ","n_combinacoes_unidade","2024-08",2024-08-01,4,6.16696065640977,-2.16696065640977,TRUE,-0.5192,0.5049,0.3037,"","II"
606524,"CAFÉ, APRESENTAÇÃO: TORRADO MOÍDO , INTENSIDADE: SUAVE , TIPO: TRADICIONAL , EMPACOTAMENTO: VÁCUO ","n_combinacoes_unidade","2024-09",2024-09-01,5,5.45725935403062,-0.457259354030619,TRUE,-0.5192,0.5049,0.3037,"","II"
606524,"CAFÉ, APRESENTAÇÃO: TORRADO MOÍDO , INTENSIDADE: SUAVE , TIPO: TRADICIONAL , EMPACOTAMENTO: VÁCUO ","n_combinacoes_unidade","2024-10",2024-10-01,4,5.38018285827443,-1.38018285827443,TRUE,-0.5192,0.5049,0.3037,"","II"
606524,"CAFÉ, APRESENTAÇÃO: TORRADO MOÍDO , INTENSIDADE: SUAVE , TIPO: TRADICIONAL , EMPACOTAMENTO: VÁCUO ","n_combinacoes_unidade","2024-11",2024-11-01,4,4.77551467895183,-0.775514678951834,TRUE,-0.5192,0.5049,0.3037,"","II"
606524,"CAFÉ, APRESENTAÇÃO: TORRADO MOÍDO , INTENSIDADE: SUAVE , TIPO: TRADICIONAL , EMPACOTAMENTO: VÁCUO ","n_combinacoes_unidade","2024-12",2024-12-01,5,4.65180426654424,0.348195733455755,TRUE,-0.5192,0.5049,0.3037,"","II"
606524,"CAFÉ, APRESENTAÇÃO: TORRADO MOÍDO , INTENSIDADE: SUAVE , TIPO: TRADICIONAL , EMPACOTAMENTO: VÁCUO ","n_combinacoes_unidade","2025-01",2025-01-01,5,6.0146771201537,-1.0146771201537,TRUE,-0.5192,0.5049,0.3037,"","II"
606524,"CAFÉ, APRESENTAÇÃO: TORRADO MOÍDO , INTENSIDADE: SUAVE , TIPO: TRADICIONAL , EMPACOTAMENTO: VÁCUO ","n_combinacoes_unidade","2025-02",2025-02-01,3,6.09641654188722,-3.09641654188722,TRUE,-0.5192,0.5049,0.3037,"","II"
606524,"CAFÉ, APRESENTAÇÃO: TORRADO MOÍDO , INTENSIDADE: SUAVE , TIPO: TRADICIONAL , EMPACOTAMENTO: VÁCUO ","n_combinacoes_unidade","2025-03",2025-03-01,4,5.02215409658581,-1.02215409658581,TRUE,-0.5192,0.5049,0.3037,"","II"
606524,"CAFÉ, APRESENTAÇÃO: TORRADO MOÍDO , INTENSIDADE: SUAVE , TIPO: TRADICIONAL , EMPACOTAMENTO: VÁCUO ","n_combinacoes_unidade","2025-04",2025-04-01,6,4.60228914832791,1.39771085167209,TRUE,-0.5192,0.5049,0.3037,"","II"
606524,"CAFÉ, APRESENTAÇÃO: TORRADO MOÍDO , INTENSIDADE: SUAVE , TIPO: TRADICIONAL , EMPACOTAMENTO: VÁCUO ","n_combinacoes_unidade","2025-05",2025-05-01,3,4.82438157561887,-1.82438157561887,TRUE,-0.5192,0.5049,0.3037,"","II"
606524,"CAFÉ, APRESENTAÇÃO: TORRADO MOÍDO , INTENSIDADE: SUAVE , TIPO: TRADICIONAL , EMPACOTAMENTO: VÁCUO ","n_combinacoes_unidade","2025-06",2025-06-01,4,4.60747537144938,-0.607475371449384,TRUE,-0.5192,0.5049,0.3037,"","II"
606524,"CAFÉ, APRESENTAÇÃO: TORRADO MOÍDO , INTENSIDADE: SUAVE , TIPO: TRADICIONAL , EMPACOTAMENTO: VÁCUO ","n_combinacoes_unidade","2025-07",2025-07-01,3,4.92830483697374,-1.92830483697374,TRUE,-0.5192,0.5049,0.3037,"","II"
606524,"CAFÉ, APRESENTAÇÃO: TORRADO MOÍDO , INTENSIDADE: SUAVE , TIPO: TRADICIONAL , EMPACOTAMENTO: VÁCUO ","n_combinacoes_unidade","2025-08",2025-08-01,3,6.46919287481102,-3.46919287481102,TRUE,-0.5192,0.5049,0.3037,"","II"
606524,"CAFÉ, APRESENTAÇÃO: TORRADO MOÍDO , INTENSIDADE: SUAVE , TIPO: TRADICIONAL , EMPACOTAMENTO: VÁCUO ","n_combinacoes_unidade","2025-09",2025-09-01,4,4.79029964320539,-0.790299643205393,TRUE,-0.5192,0.5049,0.3037,"","II"
606524,"CAFÉ, APRESENTAÇÃO: TORRADO MOÍDO , INTENSIDADE: SUAVE , TIPO: TRADICIONAL , EMPACOTAMENTO: VÁCUO ","n_combinacoes_unidade","2025-10",2025-10-01,5,5.01948449849278,-0.0194844984927807,TRUE,-0.5192,0.5049,0.3037,"","II"
606524,"CAFÉ, APRESENTAÇÃO: TORRADO MOÍDO , INTENSIDADE: SUAVE , TIPO: TRADICIONAL , EMPACOTAMENTO: VÁCUO ","n_combinacoes_unidade","2025-11",2025-11-01,5,5.31172768259831,-0.311727682598307,TRUE,-0.5192,0.5049,0.3037,"","II"
606524,"CAFÉ, APRESENTAÇÃO: TORRADO MOÍDO , INTENSIDADE: SUAVE , TIPO: TRADICIONAL , EMPACOTAMENTO: VÁCUO ","n_combinacoes_unidade","2025-12",2025-12-01,5,5.0603515505993,-0.0603515505993002,TRUE,-0.5192,0.5049,0.3037,"","II"
606524,"CAFÉ, APRESENTAÇÃO: TORRADO MOÍDO , INTENSIDADE: SUAVE , TIPO: TRADICIONAL , EMPACOTAMENTO: VÁCUO ","n_fornecedores","2021-12",2021-12-01,30,27.5752370636668,2.42476293633323,FALSE,-8.2602,1.3797,0,"***","I"
606524,"CAFÉ, APRESENTAÇÃO: TORRADO MOÍDO , INTENSIDADE: SUAVE , TIPO: TRADICIONAL , EMPACOTAMENTO: VÁCUO ","n_fornecedores","2022-01",2022-01-01,10,10.3434021886151,-0.343402188615055,FALSE,-8.2602,1.3797,0,"***","I"
606524,"CAFÉ, APRESENTAÇÃO: TORRADO MOÍDO , INTENSIDADE: SUAVE , TIPO: TRADICIONAL , EMPACOTAMENTO: VÁCUO ","n_fornecedores","2022-02",2022-02-01,16,15.1256539798192,0.874346020180839,FALSE,-8.2602,1.3797,0,"***","I"
606524,"CAFÉ, APRESENTAÇÃO: TORRADO MOÍDO , INTENSIDADE: SUAVE , TIPO: TRADICIONAL , EMPACOTAMENTO: VÁCUO ","n_fornecedores","2022-03",2022-03-01,15,15.0049990395504,-0.00499903955038761,FALSE,-8.2602,1.3797,0,"***","I"
606524,"CAFÉ, APRESENTAÇÃO: TORRADO MOÍDO , INTENSIDADE: SUAVE , TIPO: TRADICIONAL , EMPACOTAMENTO: VÁCUO ","n_fornecedores","2022-04",2022-04-01,15,19.5256992876912,-4.52569928769117,FALSE,-8.2602,1.3797,0,"***","I"
606524,"CAFÉ, APRESENTAÇÃO: TORRADO MOÍDO , INTENSIDADE: SUAVE , TIPO: TRADICIONAL , EMPACOTAMENTO: VÁCUO ","n_fornecedores","2022-05",2022-05-01,23,24.8537171599009,-1.85371715990088,FALSE,-8.2602,1.3797,0,"***","I"
606524,"CAFÉ, APRESENTAÇÃO: TORRADO MOÍDO , INTENSIDADE: SUAVE , TIPO: TRADICIONAL , EMPACOTAMENTO: VÁCUO ","n_fornecedores","2022-06",2022-06-01,22,24.0909985200442,-2.09099852004416,FALSE,-8.2602,1.3797,0,"***","I"
606524,"CAFÉ, APRESENTAÇÃO: TORRADO MOÍDO , INTENSIDADE: SUAVE , TIPO: TRADICIONAL , EMPACOTAMENTO: VÁCUO ","n_fornecedores","2022-07",2022-07-01,27,26.5651587978403,0.434841202159731,FALSE,-8.2602,1.3797,0,"***","I"
606524,"CAFÉ, APRESENTAÇÃO: TORRADO MOÍDO , INTENSIDADE: SUAVE , TIPO: TRADICIONAL , EMPACOTAMENTO: VÁCUO ","n_fornecedores","2022-08",2022-08-01,34,28.2076234433232,5.7923765566768,FALSE,-8.2602,1.3797,0,"***","I"
606524,"CAFÉ, APRESENTAÇÃO: TORRADO MOÍDO , INTENSIDADE: SUAVE , TIPO: TRADICIONAL , EMPACOTAMENTO: VÁCUO ","n_fornecedores","2022-09",2022-09-01,12,17.6168356743341,-5.61683567433409,FALSE,-8.2602,1.3797,0,"***","I"
606524,"CAFÉ, APRESENTAÇÃO: TORRADO MOÍDO , INTENSIDADE: SUAVE , TIPO: TRADICIONAL , EMPACOTAMENTO: VÁCUO ","n_fornecedores","2022-10",2022-10-01,24,19.6045610178398,4.39543898216019,FALSE,-8.2602,1.3797,0,"***","I"
606524,"CAFÉ, APRESENTAÇÃO: TORRADO MOÍDO , INTENSIDADE: SUAVE , TIPO: TRADICIONAL , EMPACOTAMENTO: VÁCUO ","n_fornecedores","2022-11",2022-11-01,18,22.2937218090809,-4.29372180908092,FALSE,-8.2602,1.3797,0,"***","I"
606524,"CAFÉ, APRESENTAÇÃO: TORRADO MOÍDO , INTENSIDADE: SUAVE , TIPO: TRADICIONAL , EMPACOTAMENTO: VÁCUO ","n_fornecedores","2022-12",2022-12-01,25,23.5763319027647,1.42366809723533,FALSE,-8.2602,1.3797,0,"***","I"
606524,"CAFÉ, APRESENTAÇÃO: TORRADO MOÍDO , INTENSIDADE: SUAVE , TIPO: TRADICIONAL , EMPACOTAMENTO: VÁCUO ","n_fornecedores","2023-01",2023-01-01,12,12.8542465995988,-0.854246599598786,FALSE,-8.2602,1.3797,0,"***","I"
606524,"CAFÉ, APRESENTAÇÃO: TORRADO MOÍDO , INTENSIDADE: SUAVE , TIPO: TRADICIONAL , EMPACOTAMENTO: VÁCUO ","n_fornecedores","2023-02",2023-02-01,15,19.689290530117,-4.68929053011698,FALSE,-8.2602,1.3797,0,"***","I"
606524,"CAFÉ, APRESENTAÇÃO: TORRADO MOÍDO , INTENSIDADE: SUAVE , TIPO: TRADICIONAL , EMPACOTAMENTO: VÁCUO ","n_fornecedores","2023-03",2023-03-01,27,23.1673302871106,3.83266971288936,FALSE,-8.2602,1.3797,0,"***","I"
606524,"CAFÉ, APRESENTAÇÃO: TORRADO MOÍDO , INTENSIDADE: SUAVE , TIPO: TRADICIONAL , EMPACOTAMENTO: VÁCUO ","n_fornecedores","2023-04",2023-04-01,22,21.9461852026979,0.0538147973020777,FALSE,-8.2602,1.3797,0,"***","I"
606524,"CAFÉ, APRESENTAÇÃO: TORRADO MOÍDO , INTENSIDADE: SUAVE , TIPO: TRADICIONAL , EMPACOTAMENTO: VÁCUO ","n_fornecedores","2023-05",2023-05-01,22,18.438982057379,3.56101794262101,FALSE,-8.2602,1.3797,0,"***","I"
606524,"CAFÉ, APRESENTAÇÃO: TORRADO MOÍDO , INTENSIDADE: SUAVE , TIPO: TRADICIONAL , EMPACOTAMENTO: VÁCUO ","n_fornecedores","2023-06",2023-06-01,18,21.5926679938817,-3.59266799388173,FALSE,-8.2602,1.3797,0,"***","I"
606524,"CAFÉ, APRESENTAÇÃO: TORRADO MOÍDO , INTENSIDADE: SUAVE , TIPO: TRADICIONAL , EMPACOTAMENTO: VÁCUO ","n_fornecedores","2023-07",2023-07-01,19,20.4400098610558,-1.44000986105577,FALSE,-8.2602,1.3797,0,"***","I"
606524,"CAFÉ, APRESENTAÇÃO: TORRADO MOÍDO , INTENSIDADE: SUAVE , TIPO: TRADICIONAL , EMPACOTAMENTO: VÁCUO ","n_fornecedores","2023-08",2023-08-01,22,23.1970891669603,-1.19708916696029,TRUE,-8.2602,1.3797,0,"***","I"
606524,"CAFÉ, APRESENTAÇÃO: TORRADO MOÍDO , INTENSIDADE: SUAVE , TIPO: TRADICIONAL , EMPACOTAMENTO: VÁCUO ","n_fornecedores","2023-09",2023-09-01,15,19.6418176802979,-4.64181768029789,TRUE,-8.2602,1.3797,0,"***","I"
606524,"CAFÉ, APRESENTAÇÃO: TORRADO MOÍDO , INTENSIDADE: SUAVE , TIPO: TRADICIONAL , EMPACOTAMENTO: VÁCUO ","n_fornecedores","2023-10",2023-10-01,17,19.30401659405,-2.30401659404999,TRUE,-8.2602,1.3797,0,"***","I"
606524,"CAFÉ, APRESENTAÇÃO: TORRADO MOÍDO , INTENSIDADE: SUAVE , TIPO: TRADICIONAL , EMPACOTAMENTO: VÁCUO ","n_fornecedores","2023-11",2023-11-01,15,21.5821395232657,-6.58213952326571,TRUE,-8.2602,1.3797,0,"***","I"
606524,"CAFÉ, APRESENTAÇÃO: TORRADO MOÍDO , INTENSIDADE: SUAVE , TIPO: TRADICIONAL , EMPACOTAMENTO: VÁCUO ","n_fornecedores","2023-12",2023-12-01,17,22.372576015177,-5.37257601517699,TRUE,-8.2602,1.3797,0,"***","I"
606524,"CAFÉ, APRESENTAÇÃO: TORRADO MOÍDO , INTENSIDADE: SUAVE , TIPO: TRADICIONAL , EMPACOTAMENTO: VÁCUO ","n_fornecedores","2024-01",2024-01-01,7,15.4339019535048,-8.43390195350482,TRUE,-8.2602,1.3797,0,"***","I"
606524,"CAFÉ, APRESENTAÇÃO: TORRADO MOÍDO , INTENSIDADE: SUAVE , TIPO: TRADICIONAL , EMPACOTAMENTO: VÁCUO ","n_fornecedores","2024-02",2024-02-01,10,17.5469407857735,-7.54694078577348,TRUE,-8.2602,1.3797,0,"***","I"
606524,"CAFÉ, APRESENTAÇÃO: TORRADO MOÍDO , INTENSIDADE: SUAVE , TIPO: TRADICIONAL , EMPACOTAMENTO: VÁCUO ","n_fornecedores","2024-03",2024-03-01,14,17.0344384250829,-3.03443842508285,TRUE,-8.2602,1.3797,0,"***","I"
606524,"CAFÉ, APRESENTAÇÃO: TORRADO MOÍDO , INTENSIDADE: SUAVE , TIPO: TRADICIONAL , EMPACOTAMENTO: VÁCUO ","n_fornecedores","2024-04",2024-04-01,10,15.5539318816945,-5.55393188169452,TRUE,-8.2602,1.3797,0,"***","I"
606524,"CAFÉ, APRESENTAÇÃO: TORRADO MOÍDO , INTENSIDADE: SUAVE , TIPO: TRADICIONAL , EMPACOTAMENTO: VÁCUO ","n_fornecedores","2024-05",2024-05-01,13,15.3504742549979,-2.35047425499794,TRUE,-8.2602,1.3797,0,"***","I"
606524,"CAFÉ, APRESENTAÇÃO: TORRADO MOÍDO , INTENSIDADE: SUAVE , TIPO: TRADICIONAL , EMPACOTAMENTO: VÁCUO ","n_fornecedores","2024-06",2024-06-01,14,20.8370249630536,-6.83702496305357,TRUE,-8.2602,1.3797,0,"***","I"
606524,"CAFÉ, APRESENTAÇÃO: TORRADO MOÍDO , INTENSIDADE: SUAVE , TIPO: TRADICIONAL , EMPACOTAMENTO: VÁCUO ","n_fornecedores","2024-07",2024-07-01,17,21.6917290018899,-4.69172900188989,TRUE,-8.2602,1.3797,0,"***","I"
606524,"CAFÉ, APRESENTAÇÃO: TORRADO MOÍDO , INTENSIDADE: SUAVE , TIPO: TRADICIONAL , EMPACOTAMENTO: VÁCUO ","n_fornecedores","2024-08",2024-08-01,14,17.3192816924269,-3.31928169242687,TRUE,-8.2602,1.3797,0,"***","I"
606524,"CAFÉ, APRESENTAÇÃO: TORRADO MOÍDO , INTENSIDADE: SUAVE , TIPO: TRADICIONAL , EMPACOTAMENTO: VÁCUO ","n_fornecedores","2024-09",2024-09-01,11,24.1211398820383,-13.1211398820383,TRUE,-8.2602,1.3797,0,"***","I"
606524,"CAFÉ, APRESENTAÇÃO: TORRADO MOÍDO , INTENSIDADE: SUAVE , TIPO: TRADICIONAL , EMPACOTAMENTO: VÁCUO ","n_fornecedores","2024-10",2024-10-01,11,21.4281380925525,-10.4281380925525,TRUE,-8.2602,1.3797,0,"***","I"
606524,"CAFÉ, APRESENTAÇÃO: TORRADO MOÍDO , INTENSIDADE: SUAVE , TIPO: TRADICIONAL , EMPACOTAMENTO: VÁCUO ","n_fornecedores","2024-11",2024-11-01,12,21.1649916726898,-9.16499167268976,TRUE,-8.2602,1.3797,0,"***","I"
606524,"CAFÉ, APRESENTAÇÃO: TORRADO MOÍDO , INTENSIDADE: SUAVE , TIPO: TRADICIONAL , EMPACOTAMENTO: VÁCUO ","n_fornecedores","2024-12",2024-12-01,7,21.2125407975874,-14.2125407975874,TRUE,-8.2602,1.3797,0,"***","I"
606524,"CAFÉ, APRESENTAÇÃO: TORRADO MOÍDO , INTENSIDADE: SUAVE , TIPO: TRADICIONAL , EMPACOTAMENTO: VÁCUO ","n_fornecedores","2025-01",2025-01-01,8,16.2401573567683,-8.24015735676827,TRUE,-8.2602,1.3797,0,"***","I"
606524,"CAFÉ, APRESENTAÇÃO: TORRADO MOÍDO , INTENSIDADE: SUAVE , TIPO: TRADICIONAL , EMPACOTAMENTO: VÁCUO ","n_fornecedores","2025-02",2025-02-01,7,13.1004469355832,-6.10044693558319,TRUE,-8.2602,1.3797,0,"***","I"
606524,"CAFÉ, APRESENTAÇÃO: TORRADO MOÍDO , INTENSIDADE: SUAVE , TIPO: TRADICIONAL , EMPACOTAMENTO: VÁCUO ","n_fornecedores","2025-03",2025-03-01,12,18.7237631186715,-6.72376311867155,TRUE,-8.2602,1.3797,0,"***","I"
606524,"CAFÉ, APRESENTAÇÃO: TORRADO MOÍDO , INTENSIDADE: SUAVE , TIPO: TRADICIONAL , EMPACOTAMENTO: VÁCUO ","n_fornecedores","2025-04",2025-04-01,9,22.6343618768984,-13.6343618768984,TRUE,-8.2602,1.3797,0,"***","I"
606524,"CAFÉ, APRESENTAÇÃO: TORRADO MOÍDO , INTENSIDADE: SUAVE , TIPO: TRADICIONAL , EMPACOTAMENTO: VÁCUO ","n_fornecedores","2025-05",2025-05-01,9,20.8801659360533,-11.8801659360533,TRUE,-8.2602,1.3797,0,"***","I"
606524,"CAFÉ, APRESENTAÇÃO: TORRADO MOÍDO , INTENSIDADE: SUAVE , TIPO: TRADICIONAL , EMPACOTAMENTO: VÁCUO ","n_fornecedores","2025-06",2025-06-01,7,14.8679125537136,-7.8679125537136,TRUE,-8.2602,1.3797,0,"***","I"
606524,"CAFÉ, APRESENTAÇÃO: TORRADO MOÍDO , INTENSIDADE: SUAVE , TIPO: TRADICIONAL , EMPACOTAMENTO: VÁCUO ","n_fornecedores","2025-07",2025-07-01,10,20.2779470851981,-10.2779470851981,TRUE,-8.2602,1.3797,0,"***","I"
606524,"CAFÉ, APRESENTAÇÃO: TORRADO MOÍDO , INTENSIDADE: SUAVE , TIPO: TRADICIONAL , EMPACOTAMENTO: VÁCUO ","n_fornecedores","2025-08",2025-08-01,8,18.5019988883724,-10.5019988883724,TRUE,-8.2602,1.3797,0,"***","I"
606524,"CAFÉ, APRESENTAÇÃO: TORRADO MOÍDO , INTENSIDADE: SUAVE , TIPO: TRADICIONAL , EMPACOTAMENTO: VÁCUO ","n_fornecedores","2025-09",2025-09-01,8,24.818914576527,-16.818914576527,TRUE,-8.2602,1.3797,0,"***","I"
606524,"CAFÉ, APRESENTAÇÃO: TORRADO MOÍDO , INTENSIDADE: SUAVE , TIPO: TRADICIONAL , EMPACOTAMENTO: VÁCUO ","n_fornecedores","2025-10",2025-10-01,13,23.1315956775317,-10.1315956775317,TRUE,-8.2602,1.3797,0,"***","I"
606524,"CAFÉ, APRESENTAÇÃO: TORRADO MOÍDO , INTENSIDADE: SUAVE , TIPO: TRADICIONAL , EMPACOTAMENTO: VÁCUO ","n_fornecedores","2025-11",2025-11-01,12,23.7786058865438,-11.7786058865438,TRUE,-8.2602,1.3797,0,"***","I"
606524,"CAFÉ, APRESENTAÇÃO: TORRADO MOÍDO , INTENSIDADE: SUAVE , TIPO: TRADICIONAL , EMPACOTAMENTO: VÁCUO ","n_fornecedores","2025-12",2025-12-01,7,23.7983408607367,-16.7983408607367,TRUE,-8.2602,1.3797,0,"***","I"
